filepath,label,label_name
/kaggle/input/datasets/abdulmananraja/real-life-violence-situations/new_violence/non_violence/1788.jpg,0,Normal
/kaggle/input/datasets/abdulmananraja/real-life-violence-situations/new_violence/violence/5730.jpg,1,Anomaly
/kaggle/input/datasets/abdulmananraja/real-life-violence-situations/new_violence/violence/2142.jpg,1,Anomaly
/kaggle/input/datasets/abdulmananraja/real-life-violence-situations/new_violence/non_violence/2181.jpg,0,Normal
/kaggle/input/datasets/abdulmananraja/real-life-violence-situations/new_violence/non_violence/212.jpg,0,Normal
/kaggle/input/datasets/abdulmananraja/real-life-violence-situations/new_violence/non_violence/1936.jpg,0,Normal
/kaggle/input/datasets/abdulmananraja/real-life-violence-situations/new_violence/non_violence/1558.jpg,0,Normal
/kaggle/input/datasets/abdulmananraja/real-life-violence-situations/new_violence/non_violence/2394.jpg,0,Normal
/kaggle/input/datasets/abdulmananraja/real-life-violence-situations/new_violence/non_violence/4750.jpg,0,Normal
/kaggle/input/datasets/abdulmananraja/real-life-violence-situations/new_violence/non_violence/994.jpg,0,Normal
/kaggle/input/datasets/abdulmananraja/real-life-violence-situations/new_violence/non_violence/3581.jpg,0,Normal
/kaggle/input/datasets/abdulmananraja/real-life-violence-situations/new_violence/non_violence/4183.jpg,0,Normal
/kaggle/input/datasets/abdulmananraja/real-life-violence-situations/new_violence/non_violence/817.jpg,0,Normal
/kaggle/input/datasets/abdulmananraja/real-life-violence-situations/new_violence/non_violence/1044.jpg,0,Normal
/kaggle/input/datasets/abdulmananraja/real-life-violence-situations/new_violence/violence/3108.jpg,1,Anomaly
/kaggle/input/datasets/abdulmananraja/real-life-violence-situations/new_violence/violence/792.jpg,1,Anomaly
/kaggle/input/datasets/abdulmananraja/real-life-violence-situations/new_violence/non_violence/3182.jpg,0,Normal
/kaggle/input/datasets/abdulmananraja/real-life-violence-situations/new_violence/violence/3522.jpg,1,Anomaly
/kaggle/input/datasets/abdulmananraja/real-life-violence-situations/new_violence/non_violence/4666.jpg,0,Normal
/kaggle/input/datasets/abdulmananraja/real-life-violence-situations/new_violence/non_violence/1555.jpg,0,Normal
/kaggle/input/datasets/abdulmananraja/real-life-violence-situations/new_violence/non_violence/4988.jpg,0,Normal
/kaggle/input/datasets/abdulmananraja/real-life-violence-situations/new_violence/violence/5560.jpg,1,Anomaly
/kaggle/input/datasets/abdulmananraja/real-life-violence-situations/new_violence/non_violence/493.jpg,0,Normal
/kaggle/input/datasets/abdulmananraja/real-life-violence-situations/new_violence/non_violence/2018.jpg,0,Normal
/kaggle/input/datasets/abdulmananraja/real-life-violence-situations/new_violence/violence/178.jpg,1,Anomaly
/kaggle/input/datasets/abdulmananraja/real-life-violence-situations/new_violence/non_violence/770.jpg,0,Normal
/kaggle/input/datasets/abdulmananraja/real-life-violence-situations/new_violence/violence/2333.jpg,1,Anomaly
/kaggle/input/datasets/abdulmananraja/real-life-violence-situations/new_violence/non_violence/4944.jpg,0,Normal
/kaggle/input/datasets/abdulmananraja/real-life-violence-situations/new_violence/violence/3546.jpg,1,Anomaly
/kaggle/input/datasets/abdulmananraja/real-life-violence-situations/new_violence/non_violence/130.jpg,0,Normal
/kaggle/input/datasets/abdulmananraja/real-life-violence-situations/new_violence/non_violence/3999.jpg,0,Normal
/kaggle/input/datasets/abdulmananraja/real-life-violence-situations/new_violence/non_violence/3409.jpg,0,Normal
/kaggle/input/datasets/abdulmananraja/real-life-violence-situations/new_violence/violence/5517.jpg,1,Anomaly
/kaggle/input/datasets/abdulmananraja/real-life-violence-situations/new_violence/violence/2696.jpg,1,Anomaly
/kaggle/input/datasets/abdulmananraja/real-life-violence-situations/new_violence/non_violence/673.jpg,0,Normal
/kaggle/input/datasets/abdulmananraja/real-life-violence-situations/new_violence/violence/2149.jpg,1,Anomaly
/kaggle/input/datasets/abdulmananraja/real-life-violence-situations/new_violence/violence/3009.jpg,1,Anomaly
/kaggle/input/datasets/abdulmananraja/real-life-violence-situations/new_violence/violence/765.jpg,1,Anomaly
/kaggle/input/datasets/abdulmananraja/real-life-violence-situations/new_violence/violence/4034.jpg,1,Anomaly
/kaggle/input/datasets/abdulmananraja/real-life-violence-situations/new_violence/non_violence/512.jpg,0,Normal
/kaggle/input/datasets/abdulmananraja/real-life-violence-situations/new_violence/violence/5705.jpg,1,Anomaly
/kaggle/input/datasets/abdulmananraja/real-life-violence-situations/new_violence/violence/4441.jpg,1,Anomaly
/kaggle/input/datasets/abdulmananraja/real-life-violence-situations/new_violence/non_violence/984.jpg,0,Normal
/kaggle/input/datasets/abdulmananraja/real-life-violence-situations/new_violence/non_violence/1729.jpg,0,Normal
/kaggle/input/datasets/abdulmananraja/real-life-violence-situations/new_violence/non_violence/3073.jpg,0,Normal
/kaggle/input/datasets/abdulmananraja/real-life-violence-situations/new_violence/violence/2944.jpg,1,Anomaly
/kaggle/input/datasets/abdulmananraja/real-life-violence-situations/new_violence/violence/3660.jpg,1,Anomaly
/kaggle/input/datasets/abdulmananraja/real-life-violence-situations/new_violence/violence/2807.jpg,1,Anomaly
/kaggle/input/datasets/abdulmananraja/real-life-violence-situations/new_violence/violence/2527.jpg,1,Anomaly
/kaggle/input/datasets/abdulmananraja/real-life-violence-situations/new_violence/violence/3729.jpg,1,Anomaly
/kaggle/input/datasets/abdulmananraja/real-life-violence-situations/new_violence/violence/603.jpg,1,Anomaly
/kaggle/input/datasets/abdulmananraja/real-life-violence-situations/new_violence/violence/4462.jpg,1,Anomaly
/kaggle/input/datasets/abdulmananraja/real-life-violence-situations/new_violence/non_violence/3686.jpg,0,Normal
/kaggle/input/datasets/abdulmananraja/real-life-violence-situations/new_violence/violence/1055.jpg,1,Anomaly
/kaggle/input/datasets/abdulmananraja/real-life-violence-situations/new_violence/non_violence/4314.jpg,0,Normal
/kaggle/input/datasets/abdulmananraja/real-life-violence-situations/new_violence/violence/2106.jpg,1,Anomaly
/kaggle/input/datasets/abdulmananraja/real-life-violence-situations/new_violence/non_violence/1697.jpg,0,Normal
/kaggle/input/datasets/abdulmananraja/real-life-violence-situations/new_violence/non_violence/2126.jpg,0,Normal
/kaggle/input/datasets/abdulmananraja/real-life-violence-situations/new_violence/non_violence/4697.jpg,0,Normal
/kaggle/input/datasets/abdulmananraja/real-life-violence-situations/new_violence/violence/1215.jpg,1,Anomaly
/kaggle/input/datasets/abdulmananraja/real-life-violence-situations/new_violence/non_violence/3018.jpg,0,Normal
/kaggle/input/datasets/abdulmananraja/real-life-violence-situations/new_violence/violence/5314.jpg,1,Anomaly
/kaggle/input/datasets/abdulmananraja/real-life-violence-situations/new_violence/violence/1444.jpg,1,Anomaly
/kaggle/input/datasets/abdulmananraja/real-life-violence-situations/new_violence/violence/4141.jpg,1,Anomaly
/kaggle/input/datasets/abdulmananraja/real-life-violence-situations/new_violence/non_violence/4475.jpg,0,Normal
/kaggle/input/datasets/abdulmananraja/real-life-violence-situations/new_violence/violence/4439.jpg,1,Anomaly
/kaggle/input/datasets/abdulmananraja/real-life-violence-situations/new_violence/violence/921.jpg,1,Anomaly
/kaggle/input/datasets/abdulmananraja/real-life-violence-situations/new_violence/non_violence/758.jpg,0,Normal
/kaggle/input/datasets/abdulmananraja/real-life-violence-situations/new_violence/violence/552.jpg,1,Anomaly
/kaggle/input/datasets/abdulmananraja/real-life-violence-situations/new_violence/violence/1997.jpg,1,Anomaly
/kaggle/input/datasets/abdulmananraja/real-life-violence-situations/new_violence/non_violence/215.jpg,0,Normal
/kaggle/input/datasets/abdulmananraja/real-life-violence-situations/new_violence/non_violence/4611.jpg,0,Normal
/kaggle/input/datasets/abdulmananraja/real-life-violence-situations/new_violence/non_violence/3334.jpg,0,Normal
/kaggle/input/datasets/abdulmananraja/real-life-violence-situations/new_violence/non_violence/4433.jpg,0,Normal
/kaggle/input/datasets/abdulmananraja/real-life-violence-situations/new_violence/non_violence/1708.jpg,0,Normal
/kaggle/input/datasets/abdulmananraja/real-life-violence-situations/new_violence/non_violence/4307.jpg,0,Normal
/kaggle/input/datasets/abdulmananraja/real-life-violence-situations/new_violence/non_violence/713.jpg,0,Normal
/kaggle/input/datasets/abdulmananraja/real-life-violence-situations/new_violence/violence/5103.jpg,1,Anomaly
/kaggle/input/datasets/abdulmananraja/real-life-violence-situations/new_violence/violence/3388.jpg,1,Anomaly
/kaggle/input/datasets/abdulmananraja/real-life-violence-situations/new_violence/violence/273.jpg,1,Anomaly
/kaggle/input/datasets/abdulmananraja/real-life-violence-situations/new_violence/violence/886.jpg,1,Anomaly
/kaggle/input/datasets/abdulmananraja/real-life-violence-situations/new_violence/violence/2855.jpg,1,Anomaly
/kaggle/input/datasets/abdulmananraja/real-life-violence-situations/new_violence/violence/4348.jpg,1,Anomaly
/kaggle/input/datasets/abdulmananraja/real-life-violence-situations/new_violence/non_violence/3123.jpg,0,Normal
/kaggle/input/datasets/abdulmananraja/real-life-violence-situations/new_violence/violence/3801.jpg,1,Anomaly
/kaggle/input/datasets/abdulmananraja/real-life-violence-situations/new_violence/non_violence/119.jpg,0,Normal
/kaggle/input/datasets/abdulmananraja/real-life-violence-situations/new_violence/non_violence/2709.jpg,0,Normal
/kaggle/input/datasets/abdulmananraja/real-life-violence-situations/new_violence/non_violence/2680.jpg,0,Normal
/kaggle/input/datasets/abdulmananraja/real-life-violence-situations/new_violence/violence/904.jpg,1,Anomaly
/kaggle/input/datasets/abdulmananraja/real-life-violence-situations/new_violence/violence/2452.jpg,1,Anomaly
/kaggle/input/datasets/abdulmananraja/real-life-violence-situations/new_violence/violence/5581.jpg,1,Anomaly
/kaggle/input/datasets/abdulmananraja/real-life-violence-situations/new_violence/non_violence/206.jpg,0,Normal
/kaggle/input/datasets/abdulmananraja/real-life-violence-situations/new_violence/non_violence/2895.jpg,0,Normal
/kaggle/input/datasets/abdulmananraja/real-life-violence-situations/new_violence/non_violence/1340.jpg,0,Normal
/kaggle/input/datasets/abdulmananraja/real-life-violence-situations/new_violence/non_violence/752.jpg,0,Normal
/kaggle/input/datasets/abdulmananraja/real-life-violence-situations/new_violence/violence/3279.jpg,1,Anomaly
/kaggle/input/datasets/abdulmananraja/real-life-violence-situations/new_violence/violence/2962.jpg,1,Anomaly
/kaggle/input/datasets/abdulmananraja/real-life-violence-situations/new_violence/violence/2171.jpg,1,Anomaly
/kaggle/input/datasets/abdulmananraja/real-life-violence-situations/new_violence/non_violence/3141.jpg,0,Normal
/kaggle/input/datasets/abdulmananraja/real-life-violence-situations/new_violence/non_violence/2402.jpg,0,Normal
/kaggle/input/datasets/abdulmananraja/real-life-violence-situations/new_violence/non_violence/4341.jpg,0,Normal
/kaggle/input/datasets/abdulmananraja/real-life-violence-situations/new_violence/non_violence/2731.jpg,0,Normal
/kaggle/input/datasets/abdulmananraja/real-life-violence-situations/new_violence/non_violence/1224.jpg,0,Normal
/kaggle/input/datasets/abdulmananraja/real-life-violence-situations/new_violence/violence/39.jpg,1,Anomaly
/kaggle/input/datasets/abdulmananraja/real-life-violence-situations/new_violence/non_violence/3105.jpg,0,Normal
/kaggle/input/datasets/abdulmananraja/real-life-violence-situations/new_violence/non_violence/1645.jpg,0,Normal
/kaggle/input/datasets/abdulmananraja/real-life-violence-situations/new_violence/non_violence/4631.jpg,0,Normal
/kaggle/input/datasets/abdulmananraja/real-life-violence-situations/new_violence/non_violence/2028.jpg,0,Normal
/kaggle/input/datasets/abdulmananraja/real-life-violence-situations/new_violence/violence/543.jpg,1,Anomaly
/kaggle/input/datasets/abdulmananraja/real-life-violence-situations/new_violence/non_violence/1410.jpg,0,Normal
/kaggle/input/datasets/abdulmananraja/real-life-violence-situations/new_violence/non_violence/3839.jpg,0,Normal
/kaggle/input/datasets/abdulmananraja/real-life-violence-situations/new_violence/non_violence/1688.jpg,0,Normal
/kaggle/input/datasets/abdulmananraja/real-life-violence-situations/new_violence/violence/5174.jpg,1,Anomaly
/kaggle/input/datasets/abdulmananraja/real-life-violence-situations/new_violence/non_violence/3154.jpg,0,Normal
/kaggle/input/datasets/abdulmananraja/real-life-violence-situations/new_violence/non_violence/3794.jpg,0,Normal
/kaggle/input/datasets/abdulmananraja/real-life-violence-situations/new_violence/violence/443.jpg,1,Anomaly
/kaggle/input/datasets/abdulmananraja/real-life-violence-situations/new_violence/non_violence/3574.jpg,0,Normal
/kaggle/input/datasets/abdulmananraja/real-life-violence-situations/new_violence/non_violence/1057.jpg,0,Normal
/kaggle/input/datasets/abdulmananraja/real-life-violence-situations/new_violence/non_violence/3300.jpg,0,Normal
/kaggle/input/datasets/abdulmananraja/real-life-violence-situations/new_violence/non_violence/2930.jpg,0,Normal
/kaggle/input/datasets/abdulmananraja/real-life-violence-situations/new_violence/non_violence/2544.jpg,0,Normal
/kaggle/input/datasets/abdulmananraja/real-life-violence-situations/new_violence/non_violence/1833.jpg,0,Normal
/kaggle/input/datasets/abdulmananraja/real-life-violence-situations/new_violence/violence/4885.jpg,1,Anomaly
/kaggle/input/datasets/abdulmananraja/real-life-violence-situations/new_violence/non_violence/4713.jpg,0,Normal
/kaggle/input/datasets/abdulmananraja/real-life-violence-situations/new_violence/non_violence/1320.jpg,0,Normal
/kaggle/input/datasets/abdulmananraja/real-life-violence-situations/new_violence/violence/4038.jpg,1,Anomaly
/kaggle/input/datasets/abdulmananraja/real-life-violence-situations/new_violence/non_violence/2052.jpg,0,Normal
/kaggle/input/datasets/abdulmananraja/real-life-violence-situations/new_violence/violence/5258.jpg,1,Anomaly
/kaggle/input/datasets/abdulmananraja/real-life-violence-situations/new_violence/violence/696.jpg,1,Anomaly
/kaggle/input/datasets/abdulmananraja/real-life-violence-situations/new_violence/violence/1610.jpg,1,Anomaly
/kaggle/input/datasets/abdulmananraja/real-life-violence-situations/new_violence/violence/5807.jpg,1,Anomaly
/kaggle/input/datasets/abdulmananraja/real-life-violence-situations/new_violence/violence/1697.jpg,1,Anomaly
/kaggle/input/datasets/abdulmananraja/real-life-violence-situations/new_violence/non_violence/3232.jpg,0,Normal
/kaggle/input/datasets/abdulmananraja/real-life-violence-situations/new_violence/non_violence/1413.jpg,0,Normal
/kaggle/input/datasets/abdulmananraja/real-life-violence-situations/new_violence/violence/1042.jpg,1,Anomaly
/kaggle/input/datasets/abdulmananraja/real-life-violence-situations/new_violence/violence/3765.jpg,1,Anomaly
/kaggle/input/datasets/abdulmananraja/real-life-violence-situations/new_violence/violence/5027.jpg,1,Anomaly
/kaggle/input/datasets/abdulmananraja/real-life-violence-situations/new_violence/violence/2545.jpg,1,Anomaly
/kaggle/input/datasets/abdulmananraja/real-life-violence-situations/new_violence/non_violence/3656.jpg,0,Normal
/kaggle/input/datasets/abdulmananraja/real-life-violence-situations/new_violence/non_violence/1017.jpg,0,Normal
/kaggle/input/datasets/abdulmananraja/real-life-violence-situations/new_violence/violence/1765.jpg,1,Anomaly
/kaggle/input/datasets/abdulmananraja/real-life-violence-situations/new_violence/violence/4163.jpg,1,Anomaly
/kaggle/input/datasets/abdulmananraja/real-life-violence-situations/new_violence/violence/5358.jpg,1,Anomaly
/kaggle/input/datasets/abdulmananraja/real-life-violence-situations/new_violence/violence/2300.jpg,1,Anomaly
/kaggle/input/datasets/abdulmananraja/real-life-violence-situations/new_violence/violence/5711.jpg,1,Anomaly
/kaggle/input/datasets/abdulmananraja/real-life-violence-situations/new_violence/violence/2476.jpg,1,Anomaly
/kaggle/input/datasets/abdulmananraja/real-life-violence-situations/new_violence/violence/326.jpg,1,Anomaly
/kaggle/input/datasets/abdulmananraja/real-life-violence-situations/new_violence/violence/754.jpg,1,Anomaly
/kaggle/input/datasets/abdulmananraja/real-life-violence-situations/new_violence/violence/5490.jpg,1,Anomaly
/kaggle/input/datasets/abdulmananraja/real-life-violence-situations/new_violence/violence/1508.jpg,1,Anomaly
/kaggle/input/datasets/abdulmananraja/real-life-violence-situations/new_violence/non_violence/44.jpg,0,Normal
/kaggle/input/datasets/abdulmananraja/real-life-violence-situations/new_violence/violence/5102.jpg,1,Anomaly
/kaggle/input/datasets/abdulmananraja/real-life-violence-situations/new_violence/violence/5373.jpg,1,Anomaly
/kaggle/input/datasets/abdulmananraja/real-life-violence-situations/new_violence/violence/1959.jpg,1,Anomaly
/kaggle/input/datasets/abdulmananraja/real-life-violence-situations/new_violence/non_violence/803.jpg,0,Normal
/kaggle/input/datasets/abdulmananraja/real-life-violence-situations/new_violence/non_violence/1073.jpg,0,Normal
/kaggle/input/datasets/abdulmananraja/real-life-violence-situations/new_violence/violence/152.jpg,1,Anomaly
/kaggle/input/datasets/abdulmananraja/real-life-violence-situations/new_violence/violence/872.jpg,1,Anomaly
/kaggle/input/datasets/abdulmananraja/real-life-violence-situations/new_violence/violence/5179.jpg,1,Anomaly
/kaggle/input/datasets/abdulmananraja/real-life-violence-situations/new_violence/non_violence/2653.jpg,0,Normal
/kaggle/input/datasets/abdulmananraja/real-life-violence-situations/new_violence/non_violence/1226.jpg,0,Normal
/kaggle/input/datasets/abdulmananraja/real-life-violence-situations/new_violence/violence/4507.jpg,1,Anomaly
/kaggle/input/datasets/abdulmananraja/real-life-violence-situations/new_violence/non_violence/3799.jpg,0,Normal
/kaggle/input/datasets/abdulmananraja/real-life-violence-situations/new_violence/non_violence/125.jpg,0,Normal
/kaggle/input/datasets/abdulmananraja/real-life-violence-situations/new_violence/non_violence/486.jpg,0,Normal
/kaggle/input/datasets/abdulmananraja/real-life-violence-situations/new_violence/violence/3427.jpg,1,Anomaly
/kaggle/input/datasets/abdulmananraja/real-life-violence-situations/new_violence/non_violence/1217.jpg,0,Normal
/kaggle/input/datasets/abdulmananraja/real-life-violence-situations/new_violence/non_violence/4233.jpg,0,Normal
/kaggle/input/datasets/abdulmananraja/real-life-violence-situations/new_violence/violence/27.jpg,1,Anomaly
/kaggle/input/datasets/abdulmananraja/real-life-violence-situations/new_violence/non_violence/1330.jpg,0,Normal
/kaggle/input/datasets/abdulmananraja/real-life-violence-situations/new_violence/violence/2678.jpg,1,Anomaly
/kaggle/input/datasets/abdulmananraja/real-life-violence-situations/new_violence/non_violence/1904.jpg,0,Normal
/kaggle/input/datasets/abdulmananraja/real-life-violence-situations/new_violence/violence/3218.jpg,1,Anomaly
/kaggle/input/datasets/abdulmananraja/real-life-violence-situations/new_violence/violence/1777.jpg,1,Anomaly
/kaggle/input/datasets/abdulmananraja/real-life-violence-situations/new_violence/non_violence/1986.jpg,0,Normal
/kaggle/input/datasets/abdulmananraja/real-life-violence-situations/new_violence/violence/5539.jpg,1,Anomaly
/kaggle/input/datasets/abdulmananraja/real-life-violence-situations/new_violence/violence/788.jpg,1,Anomaly
/kaggle/input/datasets/abdulmananraja/real-life-violence-situations/new_violence/violence/5243.jpg,1,Anomaly
/kaggle/input/datasets/abdulmananraja/real-life-violence-situations/new_violence/non_violence/441.jpg,0,Normal
/kaggle/input/datasets/abdulmananraja/real-life-violence-situations/new_violence/non_violence/3939.jpg,0,Normal
/kaggle/input/datasets/abdulmananraja/real-life-violence-situations/new_violence/violence/1784.jpg,1,Anomaly
/kaggle/input/datasets/abdulmananraja/real-life-violence-situations/new_violence/violence/1767.jpg,1,Anomaly
/kaggle/input/datasets/abdulmananraja/real-life-violence-situations/new_violence/non_violence/4236.jpg,0,Normal
/kaggle/input/datasets/abdulmananraja/real-life-violence-situations/new_violence/non_violence/223.jpg,0,Normal
/kaggle/input/datasets/abdulmananraja/real-life-violence-situations/new_violence/violence/3204.jpg,1,Anomaly
/kaggle/input/datasets/abdulmananraja/real-life-violence-situations/new_violence/violence/698.jpg,1,Anomaly
/kaggle/input/datasets/abdulmananraja/real-life-violence-situations/new_violence/violence/5646.jpg,1,Anomaly
/kaggle/input/datasets/abdulmananraja/real-life-violence-situations/new_violence/violence/4258.jpg,1,Anomaly
/kaggle/input/datasets/abdulmananraja/real-life-violence-situations/new_violence/non_violence/706.jpg,0,Normal
/kaggle/input/datasets/abdulmananraja/real-life-violence-situations/new_violence/non_violence/363.jpg,0,Normal
/kaggle/input/datasets/abdulmananraja/real-life-violence-situations/new_violence/non_violence/3926.jpg,0,Normal
/kaggle/input/datasets/abdulmananraja/real-life-violence-situations/new_violence/violence/928.jpg,1,Anomaly
/kaggle/input/datasets/abdulmananraja/real-life-violence-situations/new_violence/violence/2806.jpg,1,Anomaly
/kaggle/input/datasets/abdulmananraja/real-life-violence-situations/new_violence/violence/2323.jpg,1,Anomaly
/kaggle/input/datasets/abdulmananraja/real-life-violence-situations/new_violence/non_violence/3357.jpg,0,Normal
/kaggle/input/datasets/abdulmananraja/real-life-violence-situations/new_violence/non_violence/2497.jpg,0,Normal
/kaggle/input/datasets/abdulmananraja/real-life-violence-situations/new_violence/non_violence/270.jpg,0,Normal
/kaggle/input/datasets/abdulmananraja/real-life-violence-situations/new_violence/violence/4648.jpg,1,Anomaly
/kaggle/input/datasets/abdulmananraja/real-life-violence-situations/new_violence/violence/880.jpg,1,Anomaly
/kaggle/input/datasets/abdulmananraja/real-life-violence-situations/new_violence/violence/2050.jpg,1,Anomaly
/kaggle/input/datasets/abdulmananraja/real-life-violence-situations/new_violence/violence/5710.jpg,1,Anomaly
/kaggle/input/datasets/abdulmananraja/real-life-violence-situations/new_violence/non_violence/3220.jpg,0,Normal
/kaggle/input/datasets/abdulmananraja/real-life-violence-situations/new_violence/violence/3491.jpg,1,Anomaly
/kaggle/input/datasets/abdulmananraja/real-life-violence-situations/new_violence/violence/350.jpg,1,Anomaly
/kaggle/input/datasets/abdulmananraja/real-life-violence-situations/new_violence/violence/2903.jpg,1,Anomaly
/kaggle/input/datasets/abdulmananraja/real-life-violence-situations/new_violence/non_violence/2861.jpg,0,Normal
/kaggle/input/datasets/abdulmananraja/real-life-violence-situations/new_violence/non_violence/1358.jpg,0,Normal
/kaggle/input/datasets/abdulmananraja/real-life-violence-situations/new_violence/violence/5118.jpg,1,Anomaly
/kaggle/input/datasets/abdulmananraja/real-life-violence-situations/new_violence/violence/2872.jpg,1,Anomaly
/kaggle/input/datasets/abdulmananraja/real-life-violence-situations/new_violence/non_violence/1773.jpg,0,Normal
/kaggle/input/datasets/abdulmananraja/real-life-violence-situations/new_violence/violence/4576.jpg,1,Anomaly
/kaggle/input/datasets/abdulmananraja/real-life-violence-situations/new_violence/non_violence/939.jpg,0,Normal
/kaggle/input/datasets/abdulmananraja/real-life-violence-situations/new_violence/violence/5290.jpg,1,Anomaly
/kaggle/input/datasets/abdulmananraja/real-life-violence-situations/new_violence/non_violence/3054.jpg,0,Normal
/kaggle/input/datasets/abdulmananraja/real-life-violence-situations/new_violence/violence/5784.jpg,1,Anomaly
/kaggle/input/datasets/abdulmananraja/real-life-violence-situations/new_violence/non_violence/179.jpg,0,Normal
/kaggle/input/datasets/abdulmananraja/real-life-violence-situations/new_violence/violence/3484.jpg,1,Anomaly
/kaggle/input/datasets/abdulmananraja/real-life-violence-situations/new_violence/non_violence/4204.jpg,0,Normal
/kaggle/input/datasets/abdulmananraja/real-life-violence-situations/new_violence/violence/221.jpg,1,Anomaly
/kaggle/input/datasets/abdulmananraja/real-life-violence-situations/new_violence/non_violence/2764.jpg,0,Normal
/kaggle/input/datasets/abdulmananraja/real-life-violence-situations/new_violence/non_violence/3657.jpg,0,Normal
/kaggle/input/datasets/abdulmananraja/real-life-violence-situations/new_violence/non_violence/3341.jpg,0,Normal
/kaggle/input/datasets/abdulmananraja/real-life-violence-situations/new_violence/violence/814.jpg,1,Anomaly
/kaggle/input/datasets/abdulmananraja/real-life-violence-situations/new_violence/violence/4683.jpg,1,Anomaly
/kaggle/input/datasets/abdulmananraja/real-life-violence-situations/new_violence/non_violence/3971.jpg,0,Normal
/kaggle/input/datasets/abdulmananraja/real-life-violence-situations/new_violence/violence/2892.jpg,1,Anomaly
/kaggle/input/datasets/abdulmananraja/real-life-violence-situations/new_violence/violence/3966.jpg,1,Anomaly
/kaggle/input/datasets/abdulmananraja/real-life-violence-situations/new_violence/violence/1403.jpg,1,Anomaly
/kaggle/input/datasets/abdulmananraja/real-life-violence-situations/new_violence/non_violence/1868.jpg,0,Normal
/kaggle/input/datasets/abdulmananraja/real-life-violence-situations/new_violence/non_violence/231.jpg,0,Normal
/kaggle/input/datasets/abdulmananraja/real-life-violence-situations/new_violence/non_violence/2385.jpg,0,Normal
/kaggle/input/datasets/abdulmananraja/real-life-violence-situations/new_violence/violence/4561.jpg,1,Anomaly
/kaggle/input/datasets/abdulmananraja/real-life-violence-situations/new_violence/non_violence/2224.jpg,0,Normal
/kaggle/input/datasets/abdulmananraja/real-life-violence-situations/new_violence/violence/158.jpg,1,Anomaly
/kaggle/input/datasets/abdulmananraja/real-life-violence-situations/new_violence/non_violence/3576.jpg,0,Normal
/kaggle/input/datasets/abdulmananraja/real-life-violence-situations/new_violence/violence/5504.jpg,1,Anomaly
/kaggle/input/datasets/abdulmananraja/real-life-violence-situations/new_violence/violence/1118.jpg,1,Anomaly
/kaggle/input/datasets/abdulmananraja/real-life-violence-situations/new_violence/non_violence/1644.jpg,0,Normal
/kaggle/input/datasets/abdulmananraja/real-life-violence-situations/new_violence/violence/3465.jpg,1,Anomaly
/kaggle/input/datasets/abdulmananraja/real-life-violence-situations/new_violence/violence/772.jpg,1,Anomaly
/kaggle/input/datasets/abdulmananraja/real-life-violence-situations/new_violence/non_violence/109.jpg,0,Normal
/kaggle/input/datasets/abdulmananraja/real-life-violence-situations/new_violence/non_violence/505.jpg,0,Normal
/kaggle/input/datasets/abdulmananraja/real-life-violence-situations/new_violence/violence/5082.jpg,1,Anomaly
/kaggle/input/datasets/abdulmananraja/real-life-violence-situations/new_violence/violence/3233.jpg,1,Anomaly
/kaggle/input/datasets/abdulmananraja/real-life-violence-situations/new_violence/non_violence/2228.jpg,0,Normal
/kaggle/input/datasets/abdulmananraja/real-life-violence-situations/new_violence/non_violence/1065.jpg,0,Normal
/kaggle/input/datasets/abdulmananraja/real-life-violence-situations/new_violence/non_violence/2304.jpg,0,Normal
/kaggle/input/datasets/abdulmananraja/real-life-violence-situations/new_violence/non_violence/1570.jpg,0,Normal
/kaggle/input/datasets/abdulmananraja/real-life-violence-situations/new_violence/non_violence/2099.jpg,0,Normal
/kaggle/input/datasets/abdulmananraja/real-life-violence-situations/new_violence/violence/4199.jpg,1,Anomaly
/kaggle/input/datasets/abdulmananraja/real-life-violence-situations/new_violence/violence/4218.jpg,1,Anomaly
/kaggle/input/datasets/abdulmananraja/real-life-violence-situations/new_violence/violence/5721.jpg,1,Anomaly
/kaggle/input/datasets/abdulmananraja/real-life-violence-situations/new_violence/non_violence/1170.jpg,0,Normal
/kaggle/input/datasets/abdulmananraja/real-life-violence-situations/new_violence/non_violence/5202.jpg,0,Normal
/kaggle/input/datasets/abdulmananraja/real-life-violence-situations/new_violence/non_violence/359.jpg,0,Normal
/kaggle/input/datasets/abdulmananraja/real-life-violence-situations/new_violence/non_violence/233.jpg,0,Normal
/kaggle/input/datasets/abdulmananraja/real-life-violence-situations/new_violence/violence/4743.jpg,1,Anomaly
/kaggle/input/datasets/abdulmananraja/real-life-violence-situations/new_violence/non_violence/1081.jpg,0,Normal
/kaggle/input/datasets/abdulmananraja/real-life-violence-situations/new_violence/non_violence/3993.jpg,0,Normal
/kaggle/input/datasets/abdulmananraja/real-life-violence-situations/new_violence/non_violence/885.jpg,0,Normal
/kaggle/input/datasets/abdulmananraja/real-life-violence-situations/new_violence/non_violence/4048.jpg,0,Normal
/kaggle/input/datasets/abdulmananraja/real-life-violence-situations/new_violence/non_violence/775.jpg,0,Normal
/kaggle/input/datasets/abdulmananraja/real-life-violence-situations/new_violence/non_violence/4912.jpg,0,Normal
/kaggle/input/datasets/abdulmananraja/real-life-violence-situations/new_violence/violence/1009.jpg,1,Anomaly
/kaggle/input/datasets/abdulmananraja/real-life-violence-situations/new_violence/non_violence/1587.jpg,0,Normal
/kaggle/input/datasets/abdulmananraja/real-life-violence-situations/new_violence/non_violence/4612.jpg,0,Normal
/kaggle/input/datasets/abdulmananraja/real-life-violence-situations/new_violence/non_violence/3639.jpg,0,Normal
/kaggle/input/datasets/abdulmananraja/real-life-violence-situations/new_violence/violence/2829.jpg,1,Anomaly
/kaggle/input/datasets/abdulmananraja/real-life-violence-situations/new_violence/violence/398.jpg,1,Anomaly
/kaggle/input/datasets/abdulmananraja/real-life-violence-situations/new_violence/non_violence/1389.jpg,0,Normal
/kaggle/input/datasets/abdulmananraja/real-life-violence-situations/new_violence/non_violence/295.jpg,0,Normal
/kaggle/input/datasets/abdulmananraja/real-life-violence-situations/new_violence/non_violence/821.jpg,0,Normal
/kaggle/input/datasets/abdulmananraja/real-life-violence-situations/new_violence/violence/1422.jpg,1,Anomaly
/kaggle/input/datasets/abdulmananraja/real-life-violence-situations/new_violence/non_violence/4375.jpg,0,Normal
/kaggle/input/datasets/abdulmananraja/real-life-violence-situations/new_violence/non_violence/3897.jpg,0,Normal
/kaggle/input/datasets/abdulmananraja/real-life-violence-situations/new_violence/violence/3315.jpg,1,Anomaly
/kaggle/input/datasets/abdulmananraja/real-life-violence-situations/new_violence/non_violence/2738.jpg,0,Normal
/kaggle/input/datasets/abdulmananraja/real-life-violence-situations/new_violence/violence/4122.jpg,1,Anomaly
/kaggle/input/datasets/abdulmananraja/real-life-violence-situations/new_violence/violence/4481.jpg,1,Anomaly
/kaggle/input/datasets/abdulmananraja/real-life-violence-situations/new_violence/non_violence/253.jpg,0,Normal
/kaggle/input/datasets/abdulmananraja/real-life-violence-situations/new_violence/violence/1076.jpg,1,Anomaly
/kaggle/input/datasets/abdulmananraja/real-life-violence-situations/new_violence/violence/3811.jpg,1,Anomaly
/kaggle/input/datasets/abdulmananraja/real-life-violence-situations/new_violence/non_violence/1541.jpg,0,Normal
/kaggle/input/datasets/abdulmananraja/real-life-violence-situations/new_violence/non_violence/585.jpg,0,Normal
/kaggle/input/datasets/abdulmananraja/real-life-violence-situations/new_violence/non_violence/303.jpg,0,Normal
/kaggle/input/datasets/abdulmananraja/real-life-violence-situations/new_violence/violence/2566.jpg,1,Anomaly
/kaggle/input/datasets/abdulmananraja/real-life-violence-situations/new_violence/non_violence/4197.jpg,0,Normal
/kaggle/input/datasets/abdulmananraja/real-life-violence-situations/new_violence/violence/3430.jpg,1,Anomaly
/kaggle/input/datasets/abdulmananraja/real-life-violence-situations/new_violence/non_violence/16.jpg,0,Normal
/kaggle/input/datasets/abdulmananraja/real-life-violence-situations/new_violence/non_violence/66.jpg,0,Normal
/kaggle/input/datasets/abdulmananraja/real-life-violence-situations/new_violence/non_violence/4454.jpg,0,Normal
/kaggle/input/datasets/abdulmananraja/real-life-violence-situations/new_violence/violence/4839.jpg,1,Anomaly
/kaggle/input/datasets/abdulmananraja/real-life-violence-situations/new_violence/non_violence/650.jpg,0,Normal
/kaggle/input/datasets/abdulmananraja/real-life-violence-situations/new_violence/non_violence/4730.jpg,0,Normal
/kaggle/input/datasets/abdulmananraja/real-life-violence-situations/new_violence/violence/1295.jpg,1,Anomaly
/kaggle/input/datasets/abdulmananraja/real-life-violence-situations/new_violence/non_violence/408.jpg,0,Normal
/kaggle/input/datasets/abdulmananraja/real-life-violence-situations/new_violence/non_violence/2425.jpg,0,Normal
/kaggle/input/datasets/abdulmananraja/real-life-violence-situations/new_violence/non_violence/5092.jpg,0,Normal
/kaggle/input/datasets/abdulmananraja/real-life-violence-situations/new_violence/violence/4202.jpg,1,Anomaly
/kaggle/input/datasets/abdulmananraja/real-life-violence-situations/new_violence/non_violence/5192.jpg,0,Normal
/kaggle/input/datasets/abdulmananraja/real-life-violence-situations/new_violence/non_violence/3877.jpg,0,Normal
/kaggle/input/datasets/abdulmananraja/real-life-violence-situations/new_violence/non_violence/4102.jpg,0,Normal
/kaggle/input/datasets/abdulmananraja/real-life-violence-situations/new_violence/violence/266.jpg,1,Anomaly
/kaggle/input/datasets/abdulmananraja/real-life-violence-situations/new_violence/non_violence/2098.jpg,0,Normal
/kaggle/input/datasets/abdulmananraja/real-life-violence-situations/new_violence/violence/4448.jpg,1,Anomaly
/kaggle/input/datasets/abdulmananraja/real-life-violence-situations/new_violence/violence/5240.jpg,1,Anomaly
/kaggle/input/datasets/abdulmananraja/real-life-violence-situations/new_violence/violence/5324.jpg,1,Anomaly
/kaggle/input/datasets/abdulmananraja/real-life-violence-situations/new_violence/violence/1249.jpg,1,Anomaly
/kaggle/input/datasets/abdulmananraja/real-life-violence-situations/new_violence/non_violence/1315.jpg,0,Normal
/kaggle/input/datasets/abdulmananraja/real-life-violence-situations/new_violence/non_violence/2839.jpg,0,Normal
/kaggle/input/datasets/abdulmananraja/real-life-violence-situations/new_violence/violence/1543.jpg,1,Anomaly
/kaggle/input/datasets/abdulmananraja/real-life-violence-situations/new_violence/violence/842.jpg,1,Anomaly
/kaggle/input/datasets/abdulmananraja/real-life-violence-situations/new_violence/non_violence/2901.jpg,0,Normal
/kaggle/input/datasets/abdulmananraja/real-life-violence-situations/new_violence/violence/3898.jpg,1,Anomaly
/kaggle/input/datasets/abdulmananraja/real-life-violence-situations/new_violence/non_violence/3855.jpg,0,Normal
/kaggle/input/datasets/abdulmananraja/real-life-violence-situations/new_violence/non_violence/2707.jpg,0,Normal
/kaggle/input/datasets/abdulmananraja/real-life-violence-situations/new_violence/non_violence/1947.jpg,0,Normal
/kaggle/input/datasets/abdulmananraja/real-life-violence-situations/new_violence/violence/3688.jpg,1,Anomaly
/kaggle/input/datasets/abdulmananraja/real-life-violence-situations/new_violence/violence/4655.jpg,1,Anomaly
/kaggle/input/datasets/abdulmananraja/real-life-violence-situations/new_violence/violence/4390.jpg,1,Anomaly
/kaggle/input/datasets/abdulmananraja/real-life-violence-situations/new_violence/violence/358.jpg,1,Anomaly
/kaggle/input/datasets/abdulmananraja/real-life-violence-situations/new_violence/violence/3620.jpg,1,Anomaly
/kaggle/input/datasets/abdulmananraja/real-life-violence-situations/new_violence/non_violence/3372.jpg,0,Normal
/kaggle/input/datasets/abdulmananraja/real-life-violence-situations/new_violence/violence/844.jpg,1,Anomaly
/kaggle/input/datasets/abdulmananraja/real-life-violence-situations/new_violence/non_violence/4459.jpg,0,Normal
/kaggle/input/datasets/abdulmananraja/real-life-violence-situations/new_violence/non_violence/2216.jpg,0,Normal
/kaggle/input/datasets/abdulmananraja/real-life-violence-situations/new_violence/non_violence/507.jpg,0,Normal
/kaggle/input/datasets/abdulmananraja/real-life-violence-situations/new_violence/non_violence/2309.jpg,0,Normal
/kaggle/input/datasets/abdulmananraja/real-life-violence-situations/new_violence/violence/2711.jpg,1,Anomaly
/kaggle/input/datasets/abdulmananraja/real-life-violence-situations/new_violence/violence/5015.jpg,1,Anomaly
/kaggle/input/datasets/abdulmananraja/real-life-violence-situations/new_violence/violence/3014.jpg,1,Anomaly
/kaggle/input/datasets/abdulmananraja/real-life-violence-situations/new_violence/non_violence/1009.jpg,0,Normal
/kaggle/input/datasets/abdulmananraja/real-life-violence-situations/new_violence/violence/4444.jpg,1,Anomaly
/kaggle/input/datasets/abdulmananraja/real-life-violence-situations/new_violence/non_violence/4064.jpg,0,Normal
/kaggle/input/datasets/abdulmananraja/real-life-violence-situations/new_violence/non_violence/2471.jpg,0,Normal
/kaggle/input/datasets/abdulmananraja/real-life-violence-situations/new_violence/non_violence/1239.jpg,0,Normal
/kaggle/input/datasets/abdulmananraja/real-life-violence-situations/new_violence/non_violence/1118.jpg,0,Normal
/kaggle/input/datasets/abdulmananraja/real-life-violence-situations/new_violence/non_violence/5181.jpg,0,Normal
/kaggle/input/datasets/abdulmananraja/real-life-violence-situations/new_violence/violence/1243.jpg,1,Anomaly
/kaggle/input/datasets/abdulmananraja/real-life-violence-situations/new_violence/non_violence/1357.jpg,0,Normal
/kaggle/input/datasets/abdulmananraja/real-life-violence-situations/new_violence/violence/87.jpg,1,Anomaly
/kaggle/input/datasets/abdulmananraja/real-life-violence-situations/new_violence/violence/5395.jpg,1,Anomaly
/kaggle/input/datasets/abdulmananraja/real-life-violence-situations/new_violence/non_violence/4132.jpg,0,Normal
/kaggle/input/datasets/abdulmananraja/real-life-violence-situations/new_violence/non_violence/328.jpg,0,Normal
/kaggle/input/datasets/abdulmananraja/real-life-violence-situations/new_violence/violence/949.jpg,1,Anomaly
/kaggle/input/datasets/abdulmananraja/real-life-violence-situations/new_violence/violence/3374.jpg,1,Anomaly
/kaggle/input/datasets/abdulmananraja/real-life-violence-situations/new_violence/violence/650.jpg,1,Anomaly
/kaggle/input/datasets/abdulmananraja/real-life-violence-situations/new_violence/violence/3405.jpg,1,Anomaly
/kaggle/input/datasets/abdulmananraja/real-life-violence-situations/new_violence/non_violence/1750.jpg,0,Normal
/kaggle/input/datasets/abdulmananraja/real-life-violence-situations/new_violence/non_violence/434.jpg,0,Normal
/kaggle/input/datasets/abdulmananraja/real-life-violence-situations/new_violence/violence/4886.jpg,1,Anomaly
/kaggle/input/datasets/abdulmananraja/real-life-violence-situations/new_violence/violence/3117.jpg,1,Anomaly
/kaggle/input/datasets/abdulmananraja/real-life-violence-situations/new_violence/non_violence/5090.jpg,0,Normal
/kaggle/input/datasets/abdulmananraja/real-life-violence-situations/new_violence/non_violence/942.jpg,0,Normal
/kaggle/input/datasets/abdulmananraja/real-life-violence-situations/new_violence/violence/3164.jpg,1,Anomaly
/kaggle/input/datasets/abdulmananraja/real-life-violence-situations/new_violence/non_violence/977.jpg,0,Normal
/kaggle/input/datasets/abdulmananraja/real-life-violence-situations/new_violence/violence/377.jpg,1,Anomaly
/kaggle/input/datasets/abdulmananraja/real-life-violence-situations/new_violence/non_violence/680.jpg,0,Normal
/kaggle/input/datasets/abdulmananraja/real-life-violence-situations/new_violence/non_violence/2992.jpg,0,Normal
/kaggle/input/datasets/abdulmananraja/real-life-violence-situations/new_violence/non_violence/2431.jpg,0,Normal
/kaggle/input/datasets/abdulmananraja/real-life-violence-situations/new_violence/non_violence/1726.jpg,0,Normal
/kaggle/input/datasets/abdulmananraja/real-life-violence-situations/new_violence/non_violence/5035.jpg,0,Normal
/kaggle/input/datasets/abdulmananraja/real-life-violence-situations/new_violence/violence/3231.jpg,1,Anomaly
/kaggle/input/datasets/abdulmananraja/real-life-violence-situations/new_violence/non_violence/537.jpg,0,Normal
/kaggle/input/datasets/abdulmananraja/real-life-violence-situations/new_violence/non_violence/1422.jpg,0,Normal
/kaggle/input/datasets/abdulmananraja/real-life-violence-situations/new_violence/violence/3950.jpg,1,Anomaly
/kaggle/input/datasets/abdulmananraja/real-life-violence-situations/new_violence/non_violence/806.jpg,0,Normal
/kaggle/input/datasets/abdulmananraja/real-life-violence-situations/new_violence/non_violence/2310.jpg,0,Normal
/kaggle/input/datasets/abdulmananraja/real-life-violence-situations/new_violence/non_violence/894.jpg,0,Normal
/kaggle/input/datasets/abdulmananraja/real-life-violence-situations/new_violence/violence/4151.jpg,1,Anomaly
/kaggle/input/datasets/abdulmananraja/real-life-violence-situations/new_violence/violence/1150.jpg,1,Anomaly
/kaggle/input/datasets/abdulmananraja/real-life-violence-situations/new_violence/violence/5411.jpg,1,Anomaly
/kaggle/input/datasets/abdulmananraja/real-life-violence-situations/new_violence/non_violence/789.jpg,0,Normal
/kaggle/input/datasets/abdulmananraja/real-life-violence-situations/new_violence/non_violence/200.jpg,0,Normal
/kaggle/input/datasets/abdulmananraja/real-life-violence-situations/new_violence/non_violence/2550.jpg,0,Normal
/kaggle/input/datasets/abdulmananraja/real-life-violence-situations/new_violence/violence/5144.jpg,1,Anomaly
/kaggle/input/datasets/abdulmananraja/real-life-violence-situations/new_violence/violence/1144.jpg,1,Anomaly
/kaggle/input/datasets/abdulmananraja/real-life-violence-situations/new_violence/non_violence/1482.jpg,0,Normal
/kaggle/input/datasets/abdulmananraja/real-life-violence-situations/new_violence/non_violence/3092.jpg,0,Normal
/kaggle/input/datasets/abdulmananraja/real-life-violence-situations/new_violence/violence/1827.jpg,1,Anomaly
/kaggle/input/datasets/abdulmananraja/real-life-violence-situations/new_violence/violence/2349.jpg,1,Anomaly
/kaggle/input/datasets/abdulmananraja/real-life-violence-situations/new_violence/violence/4834.jpg,1,Anomaly
/kaggle/input/datasets/abdulmananraja/real-life-violence-situations/new_violence/violence/2308.jpg,1,Anomaly
/kaggle/input/datasets/abdulmananraja/real-life-violence-situations/new_violence/non_violence/3976.jpg,0,Normal
/kaggle/input/datasets/abdulmananraja/real-life-violence-situations/new_violence/non_violence/1336.jpg,0,Normal
/kaggle/input/datasets/abdulmananraja/real-life-violence-situations/new_violence/non_violence/503.jpg,0,Normal
/kaggle/input/datasets/abdulmananraja/real-life-violence-situations/new_violence/violence/3760.jpg,1,Anomaly
/kaggle/input/datasets/abdulmananraja/real-life-violence-situations/new_violence/non_violence/33.jpg,0,Normal
/kaggle/input/datasets/abdulmananraja/real-life-violence-situations/new_violence/non_violence/2403.jpg,0,Normal
/kaggle/input/datasets/abdulmananraja/real-life-violence-situations/new_violence/non_violence/3280.jpg,0,Normal
/kaggle/input/datasets/abdulmananraja/real-life-violence-situations/new_violence/non_violence/547.jpg,0,Normal
/kaggle/input/datasets/abdulmananraja/real-life-violence-situations/new_violence/violence/614.jpg,1,Anomaly
/kaggle/input/datasets/abdulmananraja/real-life-violence-situations/new_violence/violence/4222.jpg,1,Anomaly
/kaggle/input/datasets/abdulmananraja/real-life-violence-situations/new_violence/non_violence/4689.jpg,0,Normal
/kaggle/input/datasets/abdulmananraja/real-life-violence-situations/new_violence/non_violence/1932.jpg,0,Normal
/kaggle/input/datasets/abdulmananraja/real-life-violence-situations/new_violence/violence/2529.jpg,1,Anomaly
/kaggle/input/datasets/abdulmananraja/real-life-violence-situations/new_violence/non_violence/2553.jpg,0,Normal
/kaggle/input/datasets/abdulmananraja/real-life-violence-situations/new_violence/non_violence/1632.jpg,0,Normal
/kaggle/input/datasets/abdulmananraja/real-life-violence-situations/new_violence/violence/5805.jpg,1,Anomaly
/kaggle/input/datasets/abdulmananraja/real-life-violence-situations/new_violence/violence/4891.jpg,1,Anomaly
/kaggle/input/datasets/abdulmananraja/real-life-violence-situations/new_violence/non_violence/2674.jpg,0,Normal
/kaggle/input/datasets/abdulmananraja/real-life-violence-situations/new_violence/violence/5013.jpg,1,Anomaly
/kaggle/input/datasets/abdulmananraja/real-life-violence-situations/new_violence/non_violence/4349.jpg,0,Normal
/kaggle/input/datasets/abdulmananraja/real-life-violence-situations/new_violence/violence/3115.jpg,1,Anomaly
/kaggle/input/datasets/abdulmananraja/real-life-violence-situations/new_violence/violence/525.jpg,1,Anomaly
/kaggle/input/datasets/abdulmananraja/real-life-violence-situations/new_violence/non_violence/448.jpg,0,Normal
/kaggle/input/datasets/abdulmananraja/real-life-violence-situations/new_violence/non_violence/4890.jpg,0,Normal
/kaggle/input/datasets/abdulmananraja/real-life-violence-situations/new_violence/non_violence/4867.jpg,0,Normal
/kaggle/input/datasets/abdulmananraja/real-life-violence-situations/new_violence/non_violence/76.jpg,0,Normal
/kaggle/input/datasets/abdulmananraja/real-life-violence-situations/new_violence/violence/3531.jpg,1,Anomaly
/kaggle/input/datasets/abdulmananraja/real-life-violence-situations/new_violence/non_violence/4964.jpg,0,Normal
/kaggle/input/datasets/abdulmananraja/real-life-violence-situations/new_violence/violence/4148.jpg,1,Anomaly
/kaggle/input/datasets/abdulmananraja/real-life-violence-situations/new_violence/violence/4332.jpg,1,Anomaly
/kaggle/input/datasets/abdulmananraja/real-life-violence-situations/new_violence/non_violence/2782.jpg,0,Normal
/kaggle/input/datasets/abdulmananraja/real-life-violence-situations/new_violence/non_violence/2303.jpg,0,Normal
/kaggle/input/datasets/abdulmananraja/real-life-violence-situations/new_violence/violence/4433.jpg,1,Anomaly
/kaggle/input/datasets/abdulmananraja/real-life-violence-situations/new_violence/non_violence/4934.jpg,0,Normal
/kaggle/input/datasets/abdulmananraja/real-life-violence-situations/new_violence/violence/5652.jpg,1,Anomaly
/kaggle/input/datasets/abdulmananraja/real-life-violence-situations/new_violence/violence/728.jpg,1,Anomaly
/kaggle/input/datasets/abdulmananraja/real-life-violence-situations/new_violence/violence/4770.jpg,1,Anomaly
/kaggle/input/datasets/abdulmananraja/real-life-violence-situations/new_violence/violence/1924.jpg,1,Anomaly
/kaggle/input/datasets/abdulmananraja/real-life-violence-situations/new_violence/violence/411.jpg,1,Anomaly
/kaggle/input/datasets/abdulmananraja/real-life-violence-situations/new_violence/non_violence/1114.jpg,0,Normal
/kaggle/input/datasets/abdulmananraja/real-life-violence-situations/new_violence/non_violence/5144.jpg,0,Normal
/kaggle/input/datasets/abdulmananraja/real-life-violence-situations/new_violence/non_violence/3598.jpg,0,Normal
/kaggle/input/datasets/abdulmananraja/real-life-violence-situations/new_violence/violence/5452.jpg,1,Anomaly
/kaggle/input/datasets/abdulmananraja/real-life-violence-situations/new_violence/non_violence/3823.jpg,0,Normal
/kaggle/input/datasets/abdulmananraja/real-life-violence-situations/new_violence/non_violence/1608.jpg,0,Normal
/kaggle/input/datasets/abdulmananraja/real-life-violence-situations/new_violence/violence/2314.jpg,1,Anomaly
/kaggle/input/datasets/abdulmananraja/real-life-violence-situations/new_violence/non_violence/1573.jpg,0,Normal
/kaggle/input/datasets/abdulmananraja/real-life-violence-situations/new_violence/non_violence/1675.jpg,0,Normal
/kaggle/input/datasets/abdulmananraja/real-life-violence-situations/new_violence/violence/915.jpg,1,Anomaly
/kaggle/input/datasets/abdulmananraja/real-life-violence-situations/new_violence/non_violence/2818.jpg,0,Normal
/kaggle/input/datasets/abdulmananraja/real-life-violence-situations/new_violence/violence/2730.jpg,1,Anomaly
/kaggle/input/datasets/abdulmananraja/real-life-violence-situations/new_violence/non_violence/1088.jpg,0,Normal
/kaggle/input/datasets/abdulmananraja/real-life-violence-situations/new_violence/violence/3751.jpg,1,Anomaly
/kaggle/input/datasets/abdulmananraja/real-life-violence-situations/new_violence/non_violence/4218.jpg,0,Normal
/kaggle/input/datasets/abdulmananraja/real-life-violence-situations/new_violence/violence/1983.jpg,1,Anomaly
/kaggle/input/datasets/abdulmananraja/real-life-violence-situations/new_violence/non_violence/3020.jpg,0,Normal
/kaggle/input/datasets/abdulmananraja/real-life-violence-situations/new_violence/violence/3054.jpg,1,Anomaly
/kaggle/input/datasets/abdulmananraja/real-life-violence-situations/new_violence/violence/5211.jpg,1,Anomaly
/kaggle/input/datasets/abdulmananraja/real-life-violence-situations/new_violence/non_violence/559.jpg,0,Normal
/kaggle/input/datasets/abdulmananraja/real-life-violence-situations/new_violence/violence/2600.jpg,1,Anomaly
/kaggle/input/datasets/abdulmananraja/real-life-violence-situations/new_violence/non_violence/1568.jpg,0,Normal
/kaggle/input/datasets/abdulmananraja/real-life-violence-situations/new_violence/non_violence/305.jpg,0,Normal
/kaggle/input/datasets/abdulmananraja/real-life-violence-situations/new_violence/non_violence/904.jpg,0,Normal
/kaggle/input/datasets/abdulmananraja/real-life-violence-situations/new_violence/non_violence/616.jpg,0,Normal
/kaggle/input/datasets/abdulmananraja/real-life-violence-situations/new_violence/violence/801.jpg,1,Anomaly
/kaggle/input/datasets/abdulmananraja/real-life-violence-situations/new_violence/non_violence/2949.jpg,0,Normal
/kaggle/input/datasets/abdulmananraja/real-life-violence-situations/new_violence/non_violence/5056.jpg,0,Normal
/kaggle/input/datasets/abdulmananraja/real-life-violence-situations/new_violence/violence/3333.jpg,1,Anomaly
/kaggle/input/datasets/abdulmananraja/real-life-violence-situations/new_violence/violence/607.jpg,1,Anomaly
/kaggle/input/datasets/abdulmananraja/real-life-violence-situations/new_violence/violence/4370.jpg,1,Anomaly
/kaggle/input/datasets/abdulmananraja/real-life-violence-situations/new_violence/non_violence/4251.jpg,0,Normal
/kaggle/input/datasets/abdulmananraja/real-life-violence-situations/new_violence/violence/2292.jpg,1,Anomaly
/kaggle/input/datasets/abdulmananraja/real-life-violence-situations/new_violence/non_violence/3589.jpg,0,Normal
/kaggle/input/datasets/abdulmananraja/real-life-violence-situations/new_violence/non_violence/291.jpg,0,Normal
/kaggle/input/datasets/abdulmananraja/real-life-violence-situations/new_violence/violence/1197.jpg,1,Anomaly
/kaggle/input/datasets/abdulmananraja/real-life-violence-situations/new_violence/violence/1407.jpg,1,Anomaly
/kaggle/input/datasets/abdulmananraja/real-life-violence-situations/new_violence/non_violence/1077.jpg,0,Normal
/kaggle/input/datasets/abdulmananraja/real-life-violence-situations/new_violence/non_violence/4936.jpg,0,Normal
/kaggle/input/datasets/abdulmananraja/real-life-violence-situations/new_violence/non_violence/3536.jpg,0,Normal
/kaggle/input/datasets/abdulmananraja/real-life-violence-situations/new_violence/non_violence/1443.jpg,0,Normal
/kaggle/input/datasets/abdulmananraja/real-life-violence-situations/new_violence/violence/2519.jpg,1,Anomaly
/kaggle/input/datasets/abdulmananraja/real-life-violence-situations/new_violence/violence/2015.jpg,1,Anomaly
/kaggle/input/datasets/abdulmananraja/real-life-violence-situations/new_violence/violence/2116.jpg,1,Anomaly
/kaggle/input/datasets/abdulmananraja/real-life-violence-situations/new_violence/violence/5341.jpg,1,Anomaly
/kaggle/input/datasets/abdulmananraja/real-life-violence-situations/new_violence/violence/1956.jpg,1,Anomaly
/kaggle/input/datasets/abdulmananraja/real-life-violence-situations/new_violence/violence/1923.jpg,1,Anomaly
/kaggle/input/datasets/abdulmananraja/real-life-violence-situations/new_violence/violence/1116.jpg,1,Anomaly
/kaggle/input/datasets/abdulmananraja/real-life-violence-situations/new_violence/violence/1794.jpg,1,Anomaly
/kaggle/input/datasets/abdulmananraja/real-life-violence-situations/new_violence/violence/5693.jpg,1,Anomaly
/kaggle/input/datasets/abdulmananraja/real-life-violence-situations/new_violence/non_violence/309.jpg,0,Normal
/kaggle/input/datasets/abdulmananraja/real-life-violence-situations/new_violence/violence/1989.jpg,1,Anomaly
/kaggle/input/datasets/abdulmananraja/real-life-violence-situations/new_violence/violence/1264.jpg,1,Anomaly
/kaggle/input/datasets/abdulmananraja/real-life-violence-situations/new_violence/violence/1004.jpg,1,Anomaly
/kaggle/input/datasets/abdulmananraja/real-life-violence-situations/new_violence/violence/4394.jpg,1,Anomaly
/kaggle/input/datasets/abdulmananraja/real-life-violence-situations/new_violence/non_violence/2807.jpg,0,Normal
/kaggle/input/datasets/abdulmananraja/real-life-violence-situations/new_violence/non_violence/3424.jpg,0,Normal
/kaggle/input/datasets/abdulmananraja/real-life-violence-situations/new_violence/non_violence/3743.jpg,0,Normal
/kaggle/input/datasets/abdulmananraja/real-life-violence-situations/new_violence/violence/3038.jpg,1,Anomaly
/kaggle/input/datasets/abdulmananraja/real-life-violence-situations/new_violence/violence/1161.jpg,1,Anomaly
/kaggle/input/datasets/abdulmananraja/real-life-violence-situations/new_violence/non_violence/4609.jpg,0,Normal
/kaggle/input/datasets/abdulmananraja/real-life-violence-situations/new_violence/violence/2408.jpg,1,Anomaly
/kaggle/input/datasets/abdulmananraja/real-life-violence-situations/new_violence/violence/475.jpg,1,Anomaly
/kaggle/input/datasets/abdulmananraja/real-life-violence-situations/new_violence/violence/735.jpg,1,Anomaly
/kaggle/input/datasets/abdulmananraja/real-life-violence-situations/new_violence/non_violence/3881.jpg,0,Normal
/kaggle/input/datasets/abdulmananraja/real-life-violence-situations/new_violence/violence/185.jpg,1,Anomaly
/kaggle/input/datasets/abdulmananraja/real-life-violence-situations/new_violence/non_violence/4621.jpg,0,Normal
/kaggle/input/datasets/abdulmananraja/real-life-violence-situations/new_violence/non_violence/555.jpg,0,Normal
/kaggle/input/datasets/abdulmananraja/real-life-violence-situations/new_violence/non_violence/1591.jpg,0,Normal
/kaggle/input/datasets/abdulmananraja/real-life-violence-situations/new_violence/non_violence/4343.jpg,0,Normal
/kaggle/input/datasets/abdulmananraja/real-life-violence-situations/new_violence/non_violence/5017.jpg,0,Normal
/kaggle/input/datasets/abdulmananraja/real-life-violence-situations/new_violence/violence/3947.jpg,1,Anomaly
/kaggle/input/datasets/abdulmananraja/real-life-violence-situations/new_violence/non_violence/2518.jpg,0,Normal
/kaggle/input/datasets/abdulmananraja/real-life-violence-situations/new_violence/violence/2811.jpg,1,Anomaly
/kaggle/input/datasets/abdulmananraja/real-life-violence-situations/new_violence/non_violence/225.jpg,0,Normal
/kaggle/input/datasets/abdulmananraja/real-life-violence-situations/new_violence/non_violence/1639.jpg,0,Normal
/kaggle/input/datasets/abdulmananraja/real-life-violence-situations/new_violence/non_violence/4368.jpg,0,Normal
/kaggle/input/datasets/abdulmananraja/real-life-violence-situations/new_violence/violence/4905.jpg,1,Anomaly
/kaggle/input/datasets/abdulmananraja/real-life-violence-situations/new_violence/violence/5088.jpg,1,Anomaly
/kaggle/input/datasets/abdulmananraja/real-life-violence-situations/new_violence/violence/2033.jpg,1,Anomaly
/kaggle/input/datasets/abdulmananraja/real-life-violence-situations/new_violence/non_violence/1405.jpg,0,Normal
/kaggle/input/datasets/abdulmananraja/real-life-violence-situations/new_violence/violence/1678.jpg,1,Anomaly
/kaggle/input/datasets/abdulmananraja/real-life-violence-situations/new_violence/non_violence/4658.jpg,0,Normal
/kaggle/input/datasets/abdulmananraja/real-life-violence-situations/new_violence/non_violence/2597.jpg,0,Normal
/kaggle/input/datasets/abdulmananraja/real-life-violence-situations/new_violence/non_violence/4881.jpg,0,Normal
/kaggle/input/datasets/abdulmananraja/real-life-violence-situations/new_violence/non_violence/2633.jpg,0,Normal
/kaggle/input/datasets/abdulmananraja/real-life-violence-situations/new_violence/non_violence/112.jpg,0,Normal
/kaggle/input/datasets/abdulmananraja/real-life-violence-situations/new_violence/non_violence/3364.jpg,0,Normal
/kaggle/input/datasets/abdulmananraja/real-life-violence-situations/new_violence/violence/784.jpg,1,Anomaly
/kaggle/input/datasets/abdulmananraja/real-life-violence-situations/new_violence/violence/5332.jpg,1,Anomaly
/kaggle/input/datasets/abdulmananraja/real-life-violence-situations/new_violence/non_violence/3173.jpg,0,Normal
/kaggle/input/datasets/abdulmananraja/real-life-violence-situations/new_violence/non_violence/2619.jpg,0,Normal
/kaggle/input/datasets/abdulmananraja/real-life-violence-situations/new_violence/non_violence/3921.jpg,0,Normal
/kaggle/input/datasets/abdulmananraja/real-life-violence-situations/new_violence/non_violence/4334.jpg,0,Normal
/kaggle/input/datasets/abdulmananraja/real-life-violence-situations/new_violence/non_violence/594.jpg,0,Normal
/kaggle/input/datasets/abdulmananraja/real-life-violence-situations/new_violence/non_violence/3120.jpg,0,Normal
/kaggle/input/datasets/abdulmananraja/real-life-violence-situations/new_violence/non_violence/5001.jpg,0,Normal
/kaggle/input/datasets/abdulmananraja/real-life-violence-situations/new_violence/violence/3470.jpg,1,Anomaly
/kaggle/input/datasets/abdulmananraja/real-life-violence-situations/new_violence/violence/100.jpg,1,Anomaly
/kaggle/input/datasets/abdulmananraja/real-life-violence-situations/new_violence/violence/3832.jpg,1,Anomaly
/kaggle/input/datasets/abdulmananraja/real-life-violence-situations/new_violence/non_violence/169.jpg,0,Normal
/kaggle/input/datasets/abdulmananraja/real-life-violence-situations/new_violence/violence/630.jpg,1,Anomaly
/kaggle/input/datasets/abdulmananraja/real-life-violence-situations/new_violence/non_violence/3825.jpg,0,Normal
/kaggle/input/datasets/abdulmananraja/real-life-violence-situations/new_violence/non_violence/5173.jpg,0,Normal
/kaggle/input/datasets/abdulmananraja/real-life-violence-situations/new_violence/violence/1799.jpg,1,Anomaly
/kaggle/input/datasets/abdulmananraja/real-life-violence-situations/new_violence/violence/5448.jpg,1,Anomaly
/kaggle/input/datasets/abdulmananraja/real-life-violence-situations/new_violence/violence/531.jpg,1,Anomaly
/kaggle/input/datasets/abdulmananraja/real-life-violence-situations/new_violence/violence/4766.jpg,1,Anomaly
/kaggle/input/datasets/abdulmananraja/real-life-violence-situations/new_violence/violence/1611.jpg,1,Anomaly
/kaggle/input/datasets/abdulmananraja/real-life-violence-situations/new_violence/non_violence/3905.jpg,0,Normal
/kaggle/input/datasets/abdulmananraja/real-life-violence-situations/new_violence/violence/4820.jpg,1,Anomaly
/kaggle/input/datasets/abdulmananraja/real-life-violence-situations/new_violence/non_violence/4253.jpg,0,Normal
/kaggle/input/datasets/abdulmananraja/real-life-violence-situations/new_violence/violence/4469.jpg,1,Anomaly
/kaggle/input/datasets/abdulmananraja/real-life-violence-situations/new_violence/violence/5364.jpg,1,Anomaly
/kaggle/input/datasets/abdulmananraja/real-life-violence-situations/new_violence/non_violence/1425.jpg,0,Normal
/kaggle/input/datasets/abdulmananraja/real-life-violence-situations/new_violence/violence/4484.jpg,1,Anomaly
/kaggle/input/datasets/abdulmananraja/real-life-violence-situations/new_violence/violence/5451.jpg,1,Anomaly
/kaggle/input/datasets/abdulmananraja/real-life-violence-situations/new_violence/violence/1007.jpg,1,Anomaly
/kaggle/input/datasets/abdulmananraja/real-life-violence-situations/new_violence/non_violence/350.jpg,0,Normal
/kaggle/input/datasets/abdulmananraja/real-life-violence-situations/new_violence/violence/2070.jpg,1,Anomaly
/kaggle/input/datasets/abdulmananraja/real-life-violence-situations/new_violence/non_violence/2642.jpg,0,Normal
/kaggle/input/datasets/abdulmananraja/real-life-violence-situations/new_violence/violence/3940.jpg,1,Anomaly
/kaggle/input/datasets/abdulmananraja/real-life-violence-situations/new_violence/violence/2000.jpg,1,Anomaly
/kaggle/input/datasets/abdulmananraja/real-life-violence-situations/new_violence/violence/3653.jpg,1,Anomaly
/kaggle/input/datasets/abdulmananraja/real-life-violence-situations/new_violence/violence/3659.jpg,1,Anomaly
/kaggle/input/datasets/abdulmananraja/real-life-violence-situations/new_violence/violence/5707.jpg,1,Anomaly
/kaggle/input/datasets/abdulmananraja/real-life-violence-situations/new_violence/violence/4079.jpg,1,Anomaly
/kaggle/input/datasets/abdulmananraja/real-life-violence-situations/new_violence/non_violence/3828.jpg,0,Normal
/kaggle/input/datasets/abdulmananraja/real-life-violence-situations/new_violence/violence/4254.jpg,1,Anomaly
/kaggle/input/datasets/abdulmananraja/real-life-violence-situations/new_violence/non_violence/2412.jpg,0,Normal
/kaggle/input/datasets/abdulmananraja/real-life-violence-situations/new_violence/violence/204.jpg,1,Anomaly
/kaggle/input/datasets/abdulmananraja/real-life-violence-situations/new_violence/non_violence/2905.jpg,0,Normal
/kaggle/input/datasets/abdulmananraja/real-life-violence-situations/new_violence/non_violence/1375.jpg,0,Normal
/kaggle/input/datasets/abdulmananraja/real-life-violence-situations/new_violence/non_violence/4760.jpg,0,Normal
/kaggle/input/datasets/abdulmananraja/real-life-violence-situations/new_violence/violence/1544.jpg,1,Anomaly
/kaggle/input/datasets/abdulmananraja/real-life-violence-situations/new_violence/violence/3527.jpg,1,Anomaly
/kaggle/input/datasets/abdulmananraja/real-life-violence-situations/new_violence/violence/2172.jpg,1,Anomaly
/kaggle/input/datasets/abdulmananraja/real-life-violence-situations/new_violence/violence/4919.jpg,1,Anomaly
/kaggle/input/datasets/abdulmananraja/real-life-violence-situations/new_violence/violence/888.jpg,1,Anomaly
/kaggle/input/datasets/abdulmananraja/real-life-violence-situations/new_violence/violence/5330.jpg,1,Anomaly
/kaggle/input/datasets/abdulmananraja/real-life-violence-situations/new_violence/violence/5139.jpg,1,Anomaly
/kaggle/input/datasets/abdulmananraja/real-life-violence-situations/new_violence/non_violence/2875.jpg,0,Normal
/kaggle/input/datasets/abdulmananraja/real-life-violence-situations/new_violence/non_violence/921.jpg,0,Normal
/kaggle/input/datasets/abdulmananraja/real-life-violence-situations/new_violence/violence/1450.jpg,1,Anomaly
/kaggle/input/datasets/abdulmananraja/real-life-violence-situations/new_violence/violence/1596.jpg,1,Anomaly
/kaggle/input/datasets/abdulmananraja/real-life-violence-situations/new_violence/non_violence/4145.jpg,0,Normal
/kaggle/input/datasets/abdulmananraja/real-life-violence-situations/new_violence/violence/5316.jpg,1,Anomaly
/kaggle/input/datasets/abdulmananraja/real-life-violence-situations/new_violence/violence/1383.jpg,1,Anomaly
/kaggle/input/datasets/abdulmananraja/real-life-violence-situations/new_violence/violence/222.jpg,1,Anomaly
/kaggle/input/datasets/abdulmananraja/real-life-violence-situations/new_violence/violence/3040.jpg,1,Anomaly
/kaggle/input/datasets/abdulmananraja/real-life-violence-situations/new_violence/violence/5771.jpg,1,Anomaly
/kaggle/input/datasets/abdulmananraja/real-life-violence-situations/new_violence/non_violence/4521.jpg,0,Normal
/kaggle/input/datasets/abdulmananraja/real-life-violence-situations/new_violence/non_violence/2634.jpg,0,Normal
/kaggle/input/datasets/abdulmananraja/real-life-violence-situations/new_violence/violence/686.jpg,1,Anomaly
/kaggle/input/datasets/abdulmananraja/real-life-violence-situations/new_violence/non_violence/2164.jpg,0,Normal
/kaggle/input/datasets/abdulmananraja/real-life-violence-situations/new_violence/violence/1304.jpg,1,Anomaly
/kaggle/input/datasets/abdulmananraja/real-life-violence-situations/new_violence/violence/1859.jpg,1,Anomaly
/kaggle/input/datasets/abdulmananraja/real-life-violence-situations/new_violence/violence/955.jpg,1,Anomaly
/kaggle/input/datasets/abdulmananraja/real-life-violence-situations/new_violence/non_violence/3322.jpg,0,Normal
/kaggle/input/datasets/abdulmananraja/real-life-violence-situations/new_violence/violence/41.jpg,1,Anomaly
/kaggle/input/datasets/abdulmananraja/real-life-violence-situations/new_violence/non_violence/2205.jpg,0,Normal
/kaggle/input/datasets/abdulmananraja/real-life-violence-situations/new_violence/violence/4647.jpg,1,Anomaly
/kaggle/input/datasets/abdulmananraja/real-life-violence-situations/new_violence/non_violence/497.jpg,0,Normal
/kaggle/input/datasets/abdulmananraja/real-life-violence-situations/new_violence/violence/5291.jpg,1,Anomaly
/kaggle/input/datasets/abdulmananraja/real-life-violence-situations/new_violence/violence/2147.jpg,1,Anomaly
/kaggle/input/datasets/abdulmananraja/real-life-violence-situations/new_violence/non_violence/3184.jpg,0,Normal
/kaggle/input/datasets/abdulmananraja/real-life-violence-situations/new_violence/non_violence/4130.jpg,0,Normal
/kaggle/input/datasets/abdulmananraja/real-life-violence-situations/new_violence/violence/2834.jpg,1,Anomaly
/kaggle/input/datasets/abdulmananraja/real-life-violence-situations/new_violence/violence/3994.jpg,1,Anomaly
/kaggle/input/datasets/abdulmananraja/real-life-violence-situations/new_violence/non_violence/1637.jpg,0,Normal
/kaggle/input/datasets/abdulmananraja/real-life-violence-situations/new_violence/non_violence/4128.jpg,0,Normal
/kaggle/input/datasets/abdulmananraja/real-life-violence-situations/new_violence/violence/4006.jpg,1,Anomaly
/kaggle/input/datasets/abdulmananraja/real-life-violence-situations/new_violence/violence/2113.jpg,1,Anomaly
/kaggle/input/datasets/abdulmananraja/real-life-violence-situations/new_violence/non_violence/19.jpg,0,Normal
/kaggle/input/datasets/abdulmananraja/real-life-violence-situations/new_violence/violence/4271.jpg,1,Anomaly
/kaggle/input/datasets/abdulmananraja/real-life-violence-situations/new_violence/non_violence/2702.jpg,0,Normal
/kaggle/input/datasets/abdulmananraja/real-life-violence-situations/new_violence/non_violence/152.jpg,0,Normal
/kaggle/input/datasets/abdulmananraja/real-life-violence-situations/new_violence/non_violence/1896.jpg,0,Normal
/kaggle/input/datasets/abdulmananraja/real-life-violence-situations/new_violence/non_violence/3880.jpg,0,Normal
/kaggle/input/datasets/abdulmananraja/real-life-violence-situations/new_violence/violence/312.jpg,1,Anomaly
/kaggle/input/datasets/abdulmananraja/real-life-violence-situations/new_violence/non_violence/2794.jpg,0,Normal
/kaggle/input/datasets/abdulmananraja/real-life-violence-situations/new_violence/violence/5702.jpg,1,Anomaly
/kaggle/input/datasets/abdulmananraja/real-life-violence-situations/new_violence/violence/4056.jpg,1,Anomaly
/kaggle/input/datasets/abdulmananraja/real-life-violence-situations/new_violence/violence/1164.jpg,1,Anomaly
/kaggle/input/datasets/abdulmananraja/real-life-violence-situations/new_violence/non_violence/4506.jpg,0,Normal
/kaggle/input/datasets/abdulmananraja/real-life-violence-situations/new_violence/violence/5325.jpg,1,Anomaly
/kaggle/input/datasets/abdulmananraja/real-life-violence-situations/new_violence/violence/5169.jpg,1,Anomaly
/kaggle/input/datasets/abdulmananraja/real-life-violence-situations/new_violence/violence/2321.jpg,1,Anomaly
/kaggle/input/datasets/abdulmananraja/real-life-violence-situations/new_violence/non_violence/58.jpg,0,Normal
/kaggle/input/datasets/abdulmananraja/real-life-violence-situations/new_violence/violence/1603.jpg,1,Anomaly
/kaggle/input/datasets/abdulmananraja/real-life-violence-situations/new_violence/non_violence/2578.jpg,0,Normal
/kaggle/input/datasets/abdulmananraja/real-life-violence-situations/new_violence/non_violence/1654.jpg,0,Normal
/kaggle/input/datasets/abdulmananraja/real-life-violence-situations/new_violence/violence/495.jpg,1,Anomaly
/kaggle/input/datasets/abdulmananraja/real-life-violence-situations/new_violence/non_violence/3591.jpg,0,Normal
/kaggle/input/datasets/abdulmananraja/real-life-violence-situations/new_violence/non_violence/494.jpg,0,Normal
/kaggle/input/datasets/abdulmananraja/real-life-violence-situations/new_violence/non_violence/226.jpg,0,Normal
/kaggle/input/datasets/abdulmananraja/real-life-violence-situations/new_violence/non_violence/4815.jpg,0,Normal
/kaggle/input/datasets/abdulmananraja/real-life-violence-situations/new_violence/non_violence/3650.jpg,0,Normal
/kaggle/input/datasets/abdulmananraja/real-life-violence-situations/new_violence/non_violence/4516.jpg,0,Normal
/kaggle/input/datasets/abdulmananraja/real-life-violence-situations/new_violence/violence/1917.jpg,1,Anomaly
/kaggle/input/datasets/abdulmananraja/real-life-violence-situations/new_violence/non_violence/2726.jpg,0,Normal
/kaggle/input/datasets/abdulmananraja/real-life-violence-situations/new_violence/violence/287.jpg,1,Anomaly
/kaggle/input/datasets/abdulmananraja/real-life-violence-situations/new_violence/violence/2289.jpg,1,Anomaly
/kaggle/input/datasets/abdulmananraja/real-life-violence-situations/new_violence/violence/4629.jpg,1,Anomaly
/kaggle/input/datasets/abdulmananraja/real-life-violence-situations/new_violence/non_violence/1002.jpg,0,Normal
/kaggle/input/datasets/abdulmananraja/real-life-violence-situations/new_violence/non_violence/938.jpg,0,Normal
/kaggle/input/datasets/abdulmananraja/real-life-violence-situations/new_violence/non_violence/5031.jpg,0,Normal
/kaggle/input/datasets/abdulmananraja/real-life-violence-situations/new_violence/non_violence/4430.jpg,0,Normal
/kaggle/input/datasets/abdulmananraja/real-life-violence-situations/new_violence/non_violence/1698.jpg,0,Normal
/kaggle/input/datasets/abdulmananraja/real-life-violence-situations/new_violence/non_violence/1353.jpg,0,Normal
/kaggle/input/datasets/abdulmananraja/real-life-violence-situations/new_violence/non_violence/5171.jpg,0,Normal
/kaggle/input/datasets/abdulmananraja/real-life-violence-situations/new_violence/violence/4522.jpg,1,Anomaly
/kaggle/input/datasets/abdulmananraja/real-life-violence-situations/new_violence/non_violence/2442.jpg,0,Normal
/kaggle/input/datasets/abdulmananraja/real-life-violence-situations/new_violence/non_violence/3895.jpg,0,Normal
/kaggle/input/datasets/abdulmananraja/real-life-violence-situations/new_violence/non_violence/788.jpg,0,Normal
/kaggle/input/datasets/abdulmananraja/real-life-violence-situations/new_violence/violence/3207.jpg,1,Anomaly
/kaggle/input/datasets/abdulmananraja/real-life-violence-situations/new_violence/violence/5007.jpg,1,Anomaly
/kaggle/input/datasets/abdulmananraja/real-life-violence-situations/new_violence/violence/4739.jpg,1,Anomaly
/kaggle/input/datasets/abdulmananraja/real-life-violence-situations/new_violence/violence/3384.jpg,1,Anomaly
/kaggle/input/datasets/abdulmananraja/real-life-violence-situations/new_violence/violence/3673.jpg,1,Anomaly
/kaggle/input/datasets/abdulmananraja/real-life-violence-situations/new_violence/violence/5538.jpg,1,Anomaly
/kaggle/input/datasets/abdulmananraja/real-life-violence-situations/new_violence/non_violence/4104.jpg,0,Normal
/kaggle/input/datasets/abdulmananraja/real-life-violence-situations/new_violence/violence/4425.jpg,1,Anomaly
/kaggle/input/datasets/abdulmananraja/real-life-violence-situations/new_violence/violence/4864.jpg,1,Anomaly
/kaggle/input/datasets/abdulmananraja/real-life-violence-situations/new_violence/violence/5257.jpg,1,Anomaly
/kaggle/input/datasets/abdulmananraja/real-life-violence-situations/new_violence/violence/4660.jpg,1,Anomaly
/kaggle/input/datasets/abdulmananraja/real-life-violence-situations/new_violence/non_violence/3934.jpg,0,Normal
/kaggle/input/datasets/abdulmananraja/real-life-violence-situations/new_violence/violence/887.jpg,1,Anomaly
/kaggle/input/datasets/abdulmananraja/real-life-violence-situations/new_violence/violence/755.jpg,1,Anomaly
/kaggle/input/datasets/abdulmananraja/real-life-violence-situations/new_violence/non_violence/897.jpg,0,Normal
/kaggle/input/datasets/abdulmananraja/real-life-violence-situations/new_violence/violence/4200.jpg,1,Anomaly
/kaggle/input/datasets/abdulmananraja/real-life-violence-situations/new_violence/violence/3063.jpg,1,Anomaly
/kaggle/input/datasets/abdulmananraja/real-life-violence-situations/new_violence/non_violence/3306.jpg,0,Normal
/kaggle/input/datasets/abdulmananraja/real-life-violence-situations/new_violence/non_violence/1770.jpg,0,Normal
/kaggle/input/datasets/abdulmananraja/real-life-violence-situations/new_violence/violence/1818.jpg,1,Anomaly
/kaggle/input/datasets/abdulmananraja/real-life-violence-situations/new_violence/non_violence/396.jpg,0,Normal
/kaggle/input/datasets/abdulmananraja/real-life-violence-situations/new_violence/non_violence/3782.jpg,0,Normal
/kaggle/input/datasets/abdulmananraja/real-life-violence-situations/new_violence/non_violence/3258.jpg,0,Normal
/kaggle/input/datasets/abdulmananraja/real-life-violence-situations/new_violence/non_violence/2352.jpg,0,Normal
/kaggle/input/datasets/abdulmananraja/real-life-violence-situations/new_violence/non_violence/3205.jpg,0,Normal
/kaggle/input/datasets/abdulmananraja/real-life-violence-situations/new_violence/violence/3728.jpg,1,Anomaly
/kaggle/input/datasets/abdulmananraja/real-life-violence-situations/new_violence/non_violence/986.jpg,0,Normal
/kaggle/input/datasets/abdulmananraja/real-life-violence-situations/new_violence/non_violence/3327.jpg,0,Normal
/kaggle/input/datasets/abdulmananraja/real-life-violence-situations/new_violence/violence/505.jpg,1,Anomaly
/kaggle/input/datasets/abdulmananraja/real-life-violence-situations/new_violence/non_violence/498.jpg,0,Normal
/kaggle/input/datasets/abdulmananraja/real-life-violence-situations/new_violence/violence/2290.jpg,1,Anomaly
/kaggle/input/datasets/abdulmananraja/real-life-violence-situations/new_violence/violence/1035.jpg,1,Anomaly
/kaggle/input/datasets/abdulmananraja/real-life-violence-situations/new_violence/non_violence/4708.jpg,0,Normal
/kaggle/input/datasets/abdulmananraja/real-life-violence-situations/new_violence/violence/2423.jpg,1,Anomaly
/kaggle/input/datasets/abdulmananraja/real-life-violence-situations/new_violence/non_violence/2700.jpg,0,Normal
/kaggle/input/datasets/abdulmananraja/real-life-violence-situations/new_violence/non_violence/4464.jpg,0,Normal
/kaggle/input/datasets/abdulmananraja/real-life-violence-situations/new_violence/non_violence/2117.jpg,0,Normal
/kaggle/input/datasets/abdulmananraja/real-life-violence-situations/new_violence/non_violence/2269.jpg,0,Normal
/kaggle/input/datasets/abdulmananraja/real-life-violence-situations/new_violence/violence/3669.jpg,1,Anomaly
/kaggle/input/datasets/abdulmananraja/real-life-violence-situations/new_violence/violence/4228.jpg,1,Anomaly
/kaggle/input/datasets/abdulmananraja/real-life-violence-situations/new_violence/non_violence/662.jpg,0,Normal
/kaggle/input/datasets/abdulmananraja/real-life-violence-situations/new_violence/violence/3199.jpg,1,Anomaly
/kaggle/input/datasets/abdulmananraja/real-life-violence-situations/new_violence/violence/3102.jpg,1,Anomaly
/kaggle/input/datasets/abdulmananraja/real-life-violence-situations/new_violence/violence/3557.jpg,1,Anomaly
/kaggle/input/datasets/abdulmananraja/real-life-violence-situations/new_violence/non_violence/3055.jpg,0,Normal
/kaggle/input/datasets/abdulmananraja/real-life-violence-situations/new_violence/non_violence/5128.jpg,0,Normal
/kaggle/input/datasets/abdulmananraja/real-life-violence-situations/new_violence/violence/619.jpg,1,Anomaly
/kaggle/input/datasets/abdulmananraja/real-life-violence-situations/new_violence/violence/5613.jpg,1,Anomaly
/kaggle/input/datasets/abdulmananraja/real-life-violence-situations/new_violence/violence/126.jpg,1,Anomaly
/kaggle/input/datasets/abdulmananraja/real-life-violence-situations/new_violence/non_violence/193.jpg,0,Normal
/kaggle/input/datasets/abdulmananraja/real-life-violence-situations/new_violence/non_violence/1308.jpg,0,Normal
/kaggle/input/datasets/abdulmananraja/real-life-violence-situations/new_violence/violence/2131.jpg,1,Anomaly
/kaggle/input/datasets/abdulmananraja/real-life-violence-situations/new_violence/violence/4091.jpg,1,Anomaly
/kaggle/input/datasets/abdulmananraja/real-life-violence-situations/new_violence/violence/1957.jpg,1,Anomaly
/kaggle/input/datasets/abdulmananraja/real-life-violence-situations/new_violence/violence/3503.jpg,1,Anomaly
/kaggle/input/datasets/abdulmananraja/real-life-violence-situations/new_violence/non_violence/3058.jpg,0,Normal
/kaggle/input/datasets/abdulmananraja/real-life-violence-situations/new_violence/non_violence/4410.jpg,0,Normal
/kaggle/input/datasets/abdulmananraja/real-life-violence-situations/new_violence/non_violence/3534.jpg,0,Normal
/kaggle/input/datasets/abdulmananraja/real-life-violence-situations/new_violence/non_violence/3418.jpg,0,Normal
/kaggle/input/datasets/abdulmananraja/real-life-violence-situations/new_violence/non_violence/2989.jpg,0,Normal
/kaggle/input/datasets/abdulmananraja/real-life-violence-situations/new_violence/non_violence/1372.jpg,0,Normal
/kaggle/input/datasets/abdulmananraja/real-life-violence-situations/new_violence/non_violence/521.jpg,0,Normal
/kaggle/input/datasets/abdulmananraja/real-life-violence-situations/new_violence/non_violence/1822.jpg,0,Normal
/kaggle/input/datasets/abdulmananraja/real-life-violence-situations/new_violence/violence/5351.jpg,1,Anomaly
/kaggle/input/datasets/abdulmananraja/real-life-violence-situations/new_violence/violence/5649.jpg,1,Anomaly
/kaggle/input/datasets/abdulmananraja/real-life-violence-situations/new_violence/violence/1781.jpg,1,Anomaly
/kaggle/input/datasets/abdulmananraja/real-life-violence-situations/new_violence/violence/5276.jpg,1,Anomaly
/kaggle/input/datasets/abdulmananraja/real-life-violence-situations/new_violence/violence/3396.jpg,1,Anomaly
/kaggle/input/datasets/abdulmananraja/real-life-violence-situations/new_violence/violence/3295.jpg,1,Anomaly
/kaggle/input/datasets/abdulmananraja/real-life-violence-situations/new_violence/non_violence/3516.jpg,0,Normal
/kaggle/input/datasets/abdulmananraja/real-life-violence-situations/new_violence/non_violence/4601.jpg,0,Normal
/kaggle/input/datasets/abdulmananraja/real-life-violence-situations/new_violence/violence/1895.jpg,1,Anomaly
/kaggle/input/datasets/abdulmananraja/real-life-violence-situations/new_violence/violence/4809.jpg,1,Anomaly
/kaggle/input/datasets/abdulmananraja/real-life-violence-situations/new_violence/violence/1925.jpg,1,Anomaly
/kaggle/input/datasets/abdulmananraja/real-life-violence-situations/new_violence/non_violence/1427.jpg,0,Normal
/kaggle/input/datasets/abdulmananraja/real-life-violence-situations/new_violence/non_violence/4188.jpg,0,Normal
/kaggle/input/datasets/abdulmananraja/real-life-violence-situations/new_violence/violence/2568.jpg,1,Anomaly
/kaggle/input/datasets/abdulmananraja/real-life-violence-situations/new_violence/violence/4357.jpg,1,Anomaly
/kaggle/input/datasets/abdulmananraja/real-life-violence-situations/new_violence/non_violence/562.jpg,0,Normal
/kaggle/input/datasets/abdulmananraja/real-life-violence-situations/new_violence/violence/3200.jpg,1,Anomaly
/kaggle/input/datasets/abdulmananraja/real-life-violence-situations/new_violence/non_violence/2372.jpg,0,Normal
/kaggle/input/datasets/abdulmananraja/real-life-violence-situations/new_violence/non_violence/1417.jpg,0,Normal
/kaggle/input/datasets/abdulmananraja/real-life-violence-situations/new_violence/violence/2978.jpg,1,Anomaly
/kaggle/input/datasets/abdulmananraja/real-life-violence-situations/new_violence/violence/1096.jpg,1,Anomaly
/kaggle/input/datasets/abdulmananraja/real-life-violence-situations/new_violence/non_violence/5145.jpg,0,Normal
/kaggle/input/datasets/abdulmananraja/real-life-violence-situations/new_violence/non_violence/3571.jpg,0,Normal
/kaggle/input/datasets/abdulmananraja/real-life-violence-situations/new_violence/violence/2572.jpg,1,Anomaly
/kaggle/input/datasets/abdulmananraja/real-life-violence-situations/new_violence/violence/447.jpg,1,Anomaly
/kaggle/input/datasets/abdulmananraja/real-life-violence-situations/new_violence/violence/5000.jpg,1,Anomaly
/kaggle/input/datasets/abdulmananraja/real-life-violence-situations/new_violence/non_violence/2360.jpg,0,Normal
/kaggle/input/datasets/abdulmananraja/real-life-violence-situations/new_violence/non_violence/666.jpg,0,Normal
/kaggle/input/datasets/abdulmananraja/real-life-violence-situations/new_violence/violence/2025.jpg,1,Anomaly
/kaggle/input/datasets/abdulmananraja/real-life-violence-situations/new_violence/violence/540.jpg,1,Anomaly
/kaggle/input/datasets/abdulmananraja/real-life-violence-situations/new_violence/violence/3855.jpg,1,Anomaly
/kaggle/input/datasets/abdulmananraja/real-life-violence-situations/new_violence/non_violence/4904.jpg,0,Normal
/kaggle/input/datasets/abdulmananraja/real-life-violence-situations/new_violence/violence/798.jpg,1,Anomaly
/kaggle/input/datasets/abdulmananraja/real-life-violence-situations/new_violence/non_violence/3266.jpg,0,Normal
/kaggle/input/datasets/abdulmananraja/real-life-violence-situations/new_violence/violence/1019.jpg,1,Anomaly
/kaggle/input/datasets/abdulmananraja/real-life-violence-situations/new_violence/violence/4731.jpg,1,Anomaly
/kaggle/input/datasets/abdulmananraja/real-life-violence-situations/new_violence/non_violence/3802.jpg,0,Normal
/kaggle/input/datasets/abdulmananraja/real-life-violence-situations/new_violence/non_violence/2772.jpg,0,Normal
/kaggle/input/datasets/abdulmananraja/real-life-violence-situations/new_violence/violence/5436.jpg,1,Anomaly
/kaggle/input/datasets/abdulmananraja/real-life-violence-situations/new_violence/non_violence/4607.jpg,0,Normal
/kaggle/input/datasets/abdulmananraja/real-life-violence-situations/new_violence/violence/4185.jpg,1,Anomaly
/kaggle/input/datasets/abdulmananraja/real-life-violence-situations/new_violence/non_violence/3197.jpg,0,Normal
/kaggle/input/datasets/abdulmananraja/real-life-violence-situations/new_violence/violence/1251.jpg,1,Anomaly
/kaggle/input/datasets/abdulmananraja/real-life-violence-situations/new_violence/violence/3312.jpg,1,Anomaly
/kaggle/input/datasets/abdulmananraja/real-life-violence-situations/new_violence/violence/1803.jpg,1,Anomaly
/kaggle/input/datasets/abdulmananraja/real-life-violence-situations/new_violence/violence/3064.jpg,1,Anomaly
/kaggle/input/datasets/abdulmananraja/real-life-violence-situations/new_violence/non_violence/506.jpg,0,Normal
/kaggle/input/datasets/abdulmananraja/real-life-violence-situations/new_violence/non_violence/1171.jpg,0,Normal
/kaggle/input/datasets/abdulmananraja/real-life-violence-situations/new_violence/non_violence/2522.jpg,0,Normal
/kaggle/input/datasets/abdulmananraja/real-life-violence-situations/new_violence/violence/74.jpg,1,Anomaly
/kaggle/input/datasets/abdulmananraja/real-life-violence-situations/new_violence/non_violence/1484.jpg,0,Normal
/kaggle/input/datasets/abdulmananraja/real-life-violence-situations/new_violence/violence/5228.jpg,1,Anomaly
/kaggle/input/datasets/abdulmananraja/real-life-violence-situations/new_violence/violence/1097.jpg,1,Anomaly
/kaggle/input/datasets/abdulmananraja/real-life-violence-situations/new_violence/violence/3005.jpg,1,Anomaly
/kaggle/input/datasets/abdulmananraja/real-life-violence-situations/new_violence/violence/4237.jpg,1,Anomaly
/kaggle/input/datasets/abdulmananraja/real-life-violence-situations/new_violence/non_violence/1832.jpg,0,Normal
/kaggle/input/datasets/abdulmananraja/real-life-violence-situations/new_violence/non_violence/2885.jpg,0,Normal
/kaggle/input/datasets/abdulmananraja/real-life-violence-situations/new_violence/violence/2874.jpg,1,Anomaly
/kaggle/input/datasets/abdulmananraja/real-life-violence-situations/new_violence/violence/5322.jpg,1,Anomaly
/kaggle/input/datasets/abdulmananraja/real-life-violence-situations/new_violence/violence/5792.jpg,1,Anomaly
/kaggle/input/datasets/abdulmananraja/real-life-violence-situations/new_violence/violence/397.jpg,1,Anomaly
/kaggle/input/datasets/abdulmananraja/real-life-violence-situations/new_violence/non_violence/301.jpg,0,Normal
/kaggle/input/datasets/abdulmananraja/real-life-violence-situations/new_violence/non_violence/3659.jpg,0,Normal
/kaggle/input/datasets/abdulmananraja/real-life-violence-situations/new_violence/violence/5114.jpg,1,Anomaly
/kaggle/input/datasets/abdulmananraja/real-life-violence-situations/new_violence/violence/1458.jpg,1,Anomaly
/kaggle/input/datasets/abdulmananraja/real-life-violence-situations/new_violence/non_violence/991.jpg,0,Normal
/kaggle/input/datasets/abdulmananraja/real-life-violence-situations/new_violence/non_violence/201.jpg,0,Normal
/kaggle/input/datasets/abdulmananraja/real-life-violence-situations/new_violence/violence/789.jpg,1,Anomaly
/kaggle/input/datasets/abdulmananraja/real-life-violence-situations/new_violence/violence/3184.jpg,1,Anomaly
/kaggle/input/datasets/abdulmananraja/real-life-violence-situations/new_violence/non_violence/3430.jpg,0,Normal
/kaggle/input/datasets/abdulmananraja/real-life-violence-situations/new_violence/non_violence/1874.jpg,0,Normal
/kaggle/input/datasets/abdulmananraja/real-life-violence-situations/new_violence/non_violence/2134.jpg,0,Normal
/kaggle/input/datasets/abdulmananraja/real-life-violence-situations/new_violence/non_violence/1369.jpg,0,Normal
/kaggle/input/datasets/abdulmananraja/real-life-violence-situations/new_violence/non_violence/2262.jpg,0,Normal
/kaggle/input/datasets/abdulmananraja/real-life-violence-situations/new_violence/violence/267.jpg,1,Anomaly
/kaggle/input/datasets/abdulmananraja/real-life-violence-situations/new_violence/violence/967.jpg,1,Anomaly
/kaggle/input/datasets/abdulmananraja/real-life-violence-situations/new_violence/non_violence/1800.jpg,0,Normal
/kaggle/input/datasets/abdulmananraja/real-life-violence-situations/new_violence/non_violence/3262.jpg,0,Normal
/kaggle/input/datasets/abdulmananraja/real-life-violence-situations/new_violence/non_violence/4278.jpg,0,Normal
/kaggle/input/datasets/abdulmananraja/real-life-violence-situations/new_violence/violence/3450.jpg,1,Anomaly
/kaggle/input/datasets/abdulmananraja/real-life-violence-situations/new_violence/violence/3968.jpg,1,Anomaly
/kaggle/input/datasets/abdulmananraja/real-life-violence-situations/new_violence/non_violence/1592.jpg,0,Normal
/kaggle/input/datasets/abdulmananraja/real-life-violence-situations/new_violence/violence/3973.jpg,1,Anomaly
/kaggle/input/datasets/abdulmananraja/real-life-violence-situations/new_violence/violence/978.jpg,1,Anomaly
/kaggle/input/datasets/abdulmananraja/real-life-violence-situations/new_violence/violence/2570.jpg,1,Anomaly
/kaggle/input/datasets/abdulmananraja/real-life-violence-situations/new_violence/violence/259.jpg,1,Anomaly
/kaggle/input/datasets/abdulmananraja/real-life-violence-situations/new_violence/violence/3578.jpg,1,Anomaly
/kaggle/input/datasets/abdulmananraja/real-life-violence-situations/new_violence/non_violence/2266.jpg,0,Normal
/kaggle/input/datasets/abdulmananraja/real-life-violence-situations/new_violence/violence/69.jpg,1,Anomaly
/kaggle/input/datasets/abdulmananraja/real-life-violence-situations/new_violence/non_violence/4466.jpg,0,Normal
/kaggle/input/datasets/abdulmananraja/real-life-violence-situations/new_violence/violence/5635.jpg,1,Anomaly
/kaggle/input/datasets/abdulmananraja/real-life-violence-situations/new_violence/non_violence/3228.jpg,0,Normal
/kaggle/input/datasets/abdulmananraja/real-life-violence-situations/new_violence/violence/979.jpg,1,Anomaly
/kaggle/input/datasets/abdulmananraja/real-life-violence-situations/new_violence/non_violence/2636.jpg,0,Normal
/kaggle/input/datasets/abdulmananraja/real-life-violence-situations/new_violence/violence/3495.jpg,1,Anomaly
/kaggle/input/datasets/abdulmananraja/real-life-violence-situations/new_violence/non_violence/323.jpg,0,Normal
/kaggle/input/datasets/abdulmananraja/real-life-violence-situations/new_violence/non_violence/4688.jpg,0,Normal
/kaggle/input/datasets/abdulmananraja/real-life-violence-situations/new_violence/violence/5293.jpg,1,Anomaly
/kaggle/input/datasets/abdulmananraja/real-life-violence-situations/new_violence/violence/5339.jpg,1,Anomaly
/kaggle/input/datasets/abdulmananraja/real-life-violence-situations/new_violence/non_violence/2118.jpg,0,Normal
/kaggle/input/datasets/abdulmananraja/real-life-violence-situations/new_violence/violence/1841.jpg,1,Anomaly
/kaggle/input/datasets/abdulmananraja/real-life-violence-situations/new_violence/non_violence/2704.jpg,0,Normal
/kaggle/input/datasets/abdulmananraja/real-life-violence-situations/new_violence/non_violence/3546.jpg,0,Normal
/kaggle/input/datasets/abdulmananraja/real-life-violence-situations/new_violence/non_violence/4634.jpg,0,Normal
/kaggle/input/datasets/abdulmananraja/real-life-violence-situations/new_violence/non_violence/2788.jpg,0,Normal
/kaggle/input/datasets/abdulmananraja/real-life-violence-situations/new_violence/violence/3337.jpg,1,Anomaly
/kaggle/input/datasets/abdulmananraja/real-life-violence-situations/new_violence/violence/4028.jpg,1,Anomaly
/kaggle/input/datasets/abdulmananraja/real-life-violence-situations/new_violence/violence/1942.jpg,1,Anomaly
/kaggle/input/datasets/abdulmananraja/real-life-violence-situations/new_violence/non_violence/2672.jpg,0,Normal
/kaggle/input/datasets/abdulmananraja/real-life-violence-situations/new_violence/violence/1673.jpg,1,Anomaly
/kaggle/input/datasets/abdulmananraja/real-life-violence-situations/new_violence/non_violence/2645.jpg,0,Normal
/kaggle/input/datasets/abdulmananraja/real-life-violence-situations/new_violence/non_violence/1858.jpg,0,Normal
/kaggle/input/datasets/abdulmananraja/real-life-violence-situations/new_violence/non_violence/3437.jpg,0,Normal
/kaggle/input/datasets/abdulmananraja/real-life-violence-situations/new_violence/non_violence/5059.jpg,0,Normal
/kaggle/input/datasets/abdulmananraja/real-life-violence-situations/new_violence/violence/790.jpg,1,Anomaly
/kaggle/input/datasets/abdulmananraja/real-life-violence-situations/new_violence/violence/4636.jpg,1,Anomaly
/kaggle/input/datasets/abdulmananraja/real-life-violence-situations/new_violence/non_violence/1313.jpg,0,Normal
/kaggle/input/datasets/abdulmananraja/real-life-violence-situations/new_violence/violence/969.jpg,1,Anomaly
/kaggle/input/datasets/abdulmananraja/real-life-violence-situations/new_violence/violence/2558.jpg,1,Anomaly
/kaggle/input/datasets/abdulmananraja/real-life-violence-situations/new_violence/non_violence/2978.jpg,0,Normal
/kaggle/input/datasets/abdulmananraja/real-life-violence-situations/new_violence/non_violence/444.jpg,0,Normal
/kaggle/input/datasets/abdulmananraja/real-life-violence-situations/new_violence/violence/3603.jpg,1,Anomaly
/kaggle/input/datasets/abdulmananraja/real-life-violence-situations/new_violence/violence/5387.jpg,1,Anomaly
/kaggle/input/datasets/abdulmananraja/real-life-violence-situations/new_violence/violence/3589.jpg,1,Anomaly
/kaggle/input/datasets/abdulmananraja/real-life-violence-situations/new_violence/violence/3993.jpg,1,Anomaly
/kaggle/input/datasets/abdulmananraja/real-life-violence-situations/new_violence/non_violence/5033.jpg,0,Normal
/kaggle/input/datasets/abdulmananraja/real-life-violence-situations/new_violence/non_violence/2547.jpg,0,Normal
/kaggle/input/datasets/abdulmananraja/real-life-violence-situations/new_violence/non_violence/1373.jpg,0,Normal
/kaggle/input/datasets/abdulmananraja/real-life-violence-situations/new_violence/violence/2214.jpg,1,Anomaly
/kaggle/input/datasets/abdulmananraja/real-life-violence-situations/new_violence/violence/4733.jpg,1,Anomaly
/kaggle/input/datasets/abdulmananraja/real-life-violence-situations/new_violence/violence/3044.jpg,1,Anomaly
/kaggle/input/datasets/abdulmananraja/real-life-violence-situations/new_violence/non_violence/2746.jpg,0,Normal
/kaggle/input/datasets/abdulmananraja/real-life-violence-situations/new_violence/non_violence/378.jpg,0,Normal
/kaggle/input/datasets/abdulmananraja/real-life-violence-situations/new_violence/violence/560.jpg,1,Anomaly
/kaggle/input/datasets/abdulmananraja/real-life-violence-situations/new_violence/violence/498.jpg,1,Anomaly
/kaggle/input/datasets/abdulmananraja/real-life-violence-situations/new_violence/violence/5285.jpg,1,Anomaly
/kaggle/input/datasets/abdulmananraja/real-life-violence-situations/new_violence/violence/4024.jpg,1,Anomaly
/kaggle/input/datasets/abdulmananraja/real-life-violence-situations/new_violence/non_violence/4179.jpg,0,Normal
/kaggle/input/datasets/abdulmananraja/real-life-violence-situations/new_violence/violence/1051.jpg,1,Anomaly
/kaggle/input/datasets/abdulmananraja/real-life-violence-situations/new_violence/violence/2997.jpg,1,Anomaly
/kaggle/input/datasets/abdulmananraja/real-life-violence-situations/new_violence/violence/4292.jpg,1,Anomaly
/kaggle/input/datasets/abdulmananraja/real-life-violence-situations/new_violence/non_violence/1466.jpg,0,Normal
/kaggle/input/datasets/abdulmananraja/real-life-violence-situations/new_violence/non_violence/4033.jpg,0,Normal
/kaggle/input/datasets/abdulmananraja/real-life-violence-situations/new_violence/non_violence/3378.jpg,0,Normal
/kaggle/input/datasets/abdulmananraja/real-life-violence-situations/new_violence/non_violence/3908.jpg,0,Normal
/kaggle/input/datasets/abdulmananraja/real-life-violence-situations/new_violence/violence/2293.jpg,1,Anomaly
/kaggle/input/datasets/abdulmananraja/real-life-violence-situations/new_violence/non_violence/1186.jpg,0,Normal
/kaggle/input/datasets/abdulmananraja/real-life-violence-situations/new_violence/violence/3360.jpg,1,Anomaly
/kaggle/input/datasets/abdulmananraja/real-life-violence-situations/new_violence/violence/1977.jpg,1,Anomaly
/kaggle/input/datasets/abdulmananraja/real-life-violence-situations/new_violence/violence/3850.jpg,1,Anomaly
/kaggle/input/datasets/abdulmananraja/real-life-violence-situations/new_violence/non_violence/3869.jpg,0,Normal
/kaggle/input/datasets/abdulmananraja/real-life-violence-situations/new_violence/non_violence/398.jpg,0,Normal
/kaggle/input/datasets/abdulmananraja/real-life-violence-situations/new_violence/non_violence/3089.jpg,0,Normal
/kaggle/input/datasets/abdulmananraja/real-life-violence-situations/new_violence/violence/2121.jpg,1,Anomaly
/kaggle/input/datasets/abdulmananraja/real-life-violence-situations/new_violence/violence/3663.jpg,1,Anomaly
/kaggle/input/datasets/abdulmananraja/real-life-violence-situations/new_violence/non_violence/3099.jpg,0,Normal
/kaggle/input/datasets/abdulmananraja/real-life-violence-situations/new_violence/non_violence/2501.jpg,0,Normal
/kaggle/input/datasets/abdulmananraja/real-life-violence-situations/new_violence/non_violence/3789.jpg,0,Normal
/kaggle/input/datasets/abdulmananraja/real-life-violence-situations/new_violence/violence/2782.jpg,1,Anomaly
/kaggle/input/datasets/abdulmananraja/real-life-violence-situations/new_violence/violence/4996.jpg,1,Anomaly
/kaggle/input/datasets/abdulmananraja/real-life-violence-situations/new_violence/violence/3981.jpg,1,Anomaly
/kaggle/input/datasets/abdulmananraja/real-life-violence-situations/new_violence/violence/2078.jpg,1,Anomaly
/kaggle/input/datasets/abdulmananraja/real-life-violence-situations/new_violence/violence/4049.jpg,1,Anomaly
/kaggle/input/datasets/abdulmananraja/real-life-violence-situations/new_violence/violence/2327.jpg,1,Anomaly
/kaggle/input/datasets/abdulmananraja/real-life-violence-situations/new_violence/violence/208.jpg,1,Anomaly
/kaggle/input/datasets/abdulmananraja/real-life-violence-situations/new_violence/violence/5249.jpg,1,Anomaly
/kaggle/input/datasets/abdulmananraja/real-life-violence-situations/new_violence/non_violence/4738.jpg,0,Normal
/kaggle/input/datasets/abdulmananraja/real-life-violence-situations/new_violence/violence/1644.jpg,1,Anomaly
/kaggle/input/datasets/abdulmananraja/real-life-violence-situations/new_violence/non_violence/1190.jpg,0,Normal
/kaggle/input/datasets/abdulmananraja/real-life-violence-situations/new_violence/violence/1059.jpg,1,Anomaly
/kaggle/input/datasets/abdulmananraja/real-life-violence-situations/new_violence/non_violence/4629.jpg,0,Normal
/kaggle/input/datasets/abdulmananraja/real-life-violence-situations/new_violence/non_violence/834.jpg,0,Normal
/kaggle/input/datasets/abdulmananraja/real-life-violence-situations/new_violence/non_violence/4340.jpg,0,Normal
/kaggle/input/datasets/abdulmananraja/real-life-violence-situations/new_violence/violence/890.jpg,1,Anomaly
/kaggle/input/datasets/abdulmananraja/real-life-violence-situations/new_violence/violence/3866.jpg,1,Anomaly
/kaggle/input/datasets/abdulmananraja/real-life-violence-situations/new_violence/violence/1231.jpg,1,Anomaly
/kaggle/input/datasets/abdulmananraja/real-life-violence-situations/new_violence/violence/4800.jpg,1,Anomaly
/kaggle/input/datasets/abdulmananraja/real-life-violence-situations/new_violence/non_violence/2457.jpg,0,Normal
/kaggle/input/datasets/abdulmananraja/real-life-violence-situations/new_violence/non_violence/1142.jpg,0,Normal
/kaggle/input/datasets/abdulmananraja/real-life-violence-situations/new_violence/non_violence/4019.jpg,0,Normal
/kaggle/input/datasets/abdulmananraja/real-life-violence-situations/new_violence/non_violence/710.jpg,0,Normal
/kaggle/input/datasets/abdulmananraja/real-life-violence-situations/new_violence/non_violence/2852.jpg,0,Normal
/kaggle/input/datasets/abdulmananraja/real-life-violence-situations/new_violence/non_violence/4583.jpg,0,Normal
/kaggle/input/datasets/abdulmananraja/real-life-violence-situations/new_violence/violence/5175.jpg,1,Anomaly
/kaggle/input/datasets/abdulmananraja/real-life-violence-situations/new_violence/non_violence/3612.jpg,0,Normal
/kaggle/input/datasets/abdulmananraja/real-life-violence-situations/new_violence/non_violence/2998.jpg,0,Normal
/kaggle/input/datasets/abdulmananraja/real-life-violence-situations/new_violence/violence/4240.jpg,1,Anomaly
/kaggle/input/datasets/abdulmananraja/real-life-violence-situations/new_violence/violence/1687.jpg,1,Anomaly
/kaggle/input/datasets/abdulmananraja/real-life-violence-situations/new_violence/non_violence/308.jpg,0,Normal
/kaggle/input/datasets/abdulmananraja/real-life-violence-situations/new_violence/violence/1868.jpg,1,Anomaly
/kaggle/input/datasets/abdulmananraja/real-life-violence-situations/new_violence/violence/851.jpg,1,Anomaly
/kaggle/input/datasets/abdulmananraja/real-life-violence-situations/new_violence/violence/3434.jpg,1,Anomaly
/kaggle/input/datasets/abdulmananraja/real-life-violence-situations/new_violence/violence/3629.jpg,1,Anomaly
/kaggle/input/datasets/abdulmananraja/real-life-violence-situations/new_violence/violence/1681.jpg,1,Anomaly
/kaggle/input/datasets/abdulmananraja/real-life-violence-situations/new_violence/violence/489.jpg,1,Anomaly
/kaggle/input/datasets/abdulmananraja/real-life-violence-situations/new_violence/violence/3990.jpg,1,Anomaly
/kaggle/input/datasets/abdulmananraja/real-life-violence-situations/new_violence/non_violence/2747.jpg,0,Normal
/kaggle/input/datasets/abdulmananraja/real-life-violence-situations/new_violence/violence/4906.jpg,1,Anomaly
/kaggle/input/datasets/abdulmananraja/real-life-violence-situations/new_violence/violence/4299.jpg,1,Anomaly
/kaggle/input/datasets/abdulmananraja/real-life-violence-situations/new_violence/violence/5498.jpg,1,Anomaly
/kaggle/input/datasets/abdulmananraja/real-life-violence-situations/new_violence/non_violence/4308.jpg,0,Normal
/kaggle/input/datasets/abdulmananraja/real-life-violence-situations/new_violence/violence/2004.jpg,1,Anomaly
/kaggle/input/datasets/abdulmananraja/real-life-violence-situations/new_violence/violence/2715.jpg,1,Anomaly
/kaggle/input/datasets/abdulmananraja/real-life-violence-situations/new_violence/violence/2462.jpg,1,Anomaly
/kaggle/input/datasets/abdulmananraja/real-life-violence-situations/new_violence/violence/3727.jpg,1,Anomaly
/kaggle/input/datasets/abdulmananraja/real-life-violence-situations/new_violence/non_violence/4585.jpg,0,Normal
/kaggle/input/datasets/abdulmananraja/real-life-violence-situations/new_violence/violence/4567.jpg,1,Anomaly
/kaggle/input/datasets/abdulmananraja/real-life-violence-situations/new_violence/non_violence/4264.jpg,0,Normal
/kaggle/input/datasets/abdulmananraja/real-life-violence-situations/new_violence/violence/480.jpg,1,Anomaly
/kaggle/input/datasets/abdulmananraja/real-life-violence-situations/new_violence/violence/2897.jpg,1,Anomaly
/kaggle/input/datasets/abdulmananraja/real-life-violence-situations/new_violence/non_violence/2172.jpg,0,Normal
/kaggle/input/datasets/abdulmananraja/real-life-violence-situations/new_violence/non_violence/26.jpg,0,Normal
/kaggle/input/datasets/abdulmananraja/real-life-violence-situations/new_violence/non_violence/948.jpg,0,Normal
/kaggle/input/datasets/abdulmananraja/real-life-violence-situations/new_violence/non_violence/3216.jpg,0,Normal
/kaggle/input/datasets/abdulmananraja/real-life-violence-situations/new_violence/violence/4584.jpg,1,Anomaly
/kaggle/input/datasets/abdulmananraja/real-life-violence-situations/new_violence/non_violence/3038.jpg,0,Normal
/kaggle/input/datasets/abdulmananraja/real-life-violence-situations/new_violence/violence/1894.jpg,1,Anomaly
/kaggle/input/datasets/abdulmananraja/real-life-violence-situations/new_violence/violence/2287.jpg,1,Anomaly
/kaggle/input/datasets/abdulmananraja/real-life-violence-situations/new_violence/violence/3736.jpg,1,Anomaly
/kaggle/input/datasets/abdulmananraja/real-life-violence-situations/new_violence/non_violence/4268.jpg,0,Normal
/kaggle/input/datasets/abdulmananraja/real-life-violence-situations/new_violence/violence/2132.jpg,1,Anomaly
/kaggle/input/datasets/abdulmananraja/real-life-violence-situations/new_violence/non_violence/4709.jpg,0,Normal
/kaggle/input/datasets/abdulmananraja/real-life-violence-situations/new_violence/non_violence/3486.jpg,0,Normal
/kaggle/input/datasets/abdulmananraja/real-life-violence-situations/new_violence/non_violence/4951.jpg,0,Normal
/kaggle/input/datasets/abdulmananraja/real-life-violence-situations/new_violence/violence/4874.jpg,1,Anomaly
/kaggle/input/datasets/abdulmananraja/real-life-violence-situations/new_violence/violence/20.jpg,1,Anomaly
/kaggle/input/datasets/abdulmananraja/real-life-violence-situations/new_violence/violence/2668.jpg,1,Anomaly
/kaggle/input/datasets/abdulmananraja/real-life-violence-situations/new_violence/violence/4346.jpg,1,Anomaly
/kaggle/input/datasets/abdulmananraja/real-life-violence-situations/new_violence/non_violence/2632.jpg,0,Normal
/kaggle/input/datasets/abdulmananraja/real-life-violence-situations/new_violence/non_violence/1105.jpg,0,Normal
/kaggle/input/datasets/abdulmananraja/real-life-violence-situations/new_violence/non_violence/3819.jpg,0,Normal
/kaggle/input/datasets/abdulmananraja/real-life-violence-situations/new_violence/violence/5352.jpg,1,Anomaly
/kaggle/input/datasets/abdulmananraja/real-life-violence-situations/new_violence/non_violence/269.jpg,0,Normal
/kaggle/input/datasets/abdulmananraja/real-life-violence-situations/new_violence/non_violence/2651.jpg,0,Normal
/kaggle/input/datasets/abdulmananraja/real-life-violence-situations/new_violence/non_violence/1843.jpg,0,Normal
/kaggle/input/datasets/abdulmananraja/real-life-violence-situations/new_violence/non_violence/4421.jpg,0,Normal
/kaggle/input/datasets/abdulmananraja/real-life-violence-situations/new_violence/violence/2537.jpg,1,Anomaly
/kaggle/input/datasets/abdulmananraja/real-life-violence-situations/new_violence/violence/3121.jpg,1,Anomaly
/kaggle/input/datasets/abdulmananraja/real-life-violence-situations/new_violence/non_violence/1820.jpg,0,Normal
/kaggle/input/datasets/abdulmananraja/real-life-violence-situations/new_violence/violence/1815.jpg,1,Anomaly
/kaggle/input/datasets/abdulmananraja/real-life-violence-situations/new_violence/violence/1238.jpg,1,Anomaly
/kaggle/input/datasets/abdulmananraja/real-life-violence-situations/new_violence/violence/4605.jpg,1,Anomaly
/kaggle/input/datasets/abdulmananraja/real-life-violence-situations/new_violence/violence/2654.jpg,1,Anomaly
/kaggle/input/datasets/abdulmananraja/real-life-violence-situations/new_violence/non_violence/2679.jpg,0,Normal
/kaggle/input/datasets/abdulmananraja/real-life-violence-situations/new_violence/non_violence/1824.jpg,0,Normal
/kaggle/input/datasets/abdulmananraja/real-life-violence-situations/new_violence/non_violence/4851.jpg,0,Normal
/kaggle/input/datasets/abdulmananraja/real-life-violence-situations/new_violence/non_violence/3965.jpg,0,Normal
/kaggle/input/datasets/abdulmananraja/real-life-violence-situations/new_violence/non_violence/2232.jpg,0,Normal
/kaggle/input/datasets/abdulmananraja/real-life-violence-situations/new_violence/non_violence/134.jpg,0,Normal
/kaggle/input/datasets/abdulmananraja/real-life-violence-situations/new_violence/non_violence/1844.jpg,0,Normal
/kaggle/input/datasets/abdulmananraja/real-life-violence-situations/new_violence/violence/5597.jpg,1,Anomaly
/kaggle/input/datasets/abdulmananraja/real-life-violence-situations/new_violence/violence/177.jpg,1,Anomaly
/kaggle/input/datasets/abdulmananraja/real-life-violence-situations/new_violence/non_violence/3645.jpg,0,Normal
/kaggle/input/datasets/abdulmananraja/real-life-violence-situations/new_violence/violence/2964.jpg,1,Anomaly
/kaggle/input/datasets/abdulmananraja/real-life-violence-situations/new_violence/non_violence/3057.jpg,0,Normal
/kaggle/input/datasets/abdulmananraja/real-life-violence-situations/new_violence/non_violence/1544.jpg,0,Normal
/kaggle/input/datasets/abdulmananraja/real-life-violence-situations/new_violence/non_violence/1731.jpg,0,Normal
/kaggle/input/datasets/abdulmananraja/real-life-violence-situations/new_violence/non_violence/1415.jpg,0,Normal
/kaggle/input/datasets/abdulmananraja/real-life-violence-situations/new_violence/violence/1134.jpg,1,Anomaly
/kaggle/input/datasets/abdulmananraja/real-life-violence-situations/new_violence/violence/4339.jpg,1,Anomaly
/kaggle/input/datasets/abdulmananraja/real-life-violence-situations/new_violence/non_violence/4789.jpg,0,Normal
/kaggle/input/datasets/abdulmananraja/real-life-violence-situations/new_violence/non_violence/1355.jpg,0,Normal
/kaggle/input/datasets/abdulmananraja/real-life-violence-situations/new_violence/violence/2552.jpg,1,Anomaly
/kaggle/input/datasets/abdulmananraja/real-life-violence-situations/new_violence/non_violence/3847.jpg,0,Normal
/kaggle/input/datasets/abdulmananraja/real-life-violence-situations/new_violence/violence/4602.jpg,1,Anomaly
/kaggle/input/datasets/abdulmananraja/real-life-violence-situations/new_violence/violence/5488.jpg,1,Anomaly
/kaggle/input/datasets/abdulmananraja/real-life-violence-situations/new_violence/non_violence/3601.jpg,0,Normal
/kaggle/input/datasets/abdulmananraja/real-life-violence-situations/new_violence/non_violence/4798.jpg,0,Normal
/kaggle/input/datasets/abdulmananraja/real-life-violence-situations/new_violence/non_violence/2251.jpg,0,Normal
/kaggle/input/datasets/abdulmananraja/real-life-violence-situations/new_violence/violence/954.jpg,1,Anomaly
/kaggle/input/datasets/abdulmananraja/real-life-violence-situations/new_violence/non_violence/3049.jpg,0,Normal
/kaggle/input/datasets/abdulmananraja/real-life-violence-situations/new_violence/non_violence/3213.jpg,0,Normal
/kaggle/input/datasets/abdulmananraja/real-life-violence-situations/new_violence/non_violence/2133.jpg,0,Normal
/kaggle/input/datasets/abdulmananraja/real-life-violence-situations/new_violence/non_violence/3338.jpg,0,Normal
/kaggle/input/datasets/abdulmananraja/real-life-violence-situations/new_violence/violence/1052.jpg,1,Anomaly
/kaggle/input/datasets/abdulmananraja/real-life-violence-situations/new_violence/violence/2919.jpg,1,Anomaly
/kaggle/input/datasets/abdulmananraja/real-life-violence-situations/new_violence/violence/1119.jpg,1,Anomaly
/kaggle/input/datasets/abdulmananraja/real-life-violence-situations/new_violence/non_violence/4357.jpg,0,Normal
/kaggle/input/datasets/abdulmananraja/real-life-violence-situations/new_violence/violence/1619.jpg,1,Anomaly
/kaggle/input/datasets/abdulmananraja/real-life-violence-situations/new_violence/violence/4956.jpg,1,Anomaly
/kaggle/input/datasets/abdulmananraja/real-life-violence-situations/new_violence/non_violence/1682.jpg,0,Normal
/kaggle/input/datasets/abdulmananraja/real-life-violence-situations/new_violence/non_violence/4029.jpg,0,Normal
/kaggle/input/datasets/abdulmananraja/real-life-violence-situations/new_violence/violence/2686.jpg,1,Anomaly
/kaggle/input/datasets/abdulmananraja/real-life-violence-situations/new_violence/violence/5206.jpg,1,Anomaly
/kaggle/input/datasets/abdulmananraja/real-life-violence-situations/new_violence/violence/2653.jpg,1,Anomaly
/kaggle/input/datasets/abdulmananraja/real-life-violence-situations/new_violence/non_violence/4992.jpg,0,Normal
/kaggle/input/datasets/abdulmananraja/real-life-violence-situations/new_violence/violence/3025.jpg,1,Anomaly
/kaggle/input/datasets/abdulmananraja/real-life-violence-situations/new_violence/non_violence/1272.jpg,0,Normal
/kaggle/input/datasets/abdulmananraja/real-life-violence-situations/new_violence/violence/4998.jpg,1,Anomaly
/kaggle/input/datasets/abdulmananraja/real-life-violence-situations/new_violence/violence/4223.jpg,1,Anomaly
/kaggle/input/datasets/abdulmananraja/real-life-violence-situations/new_violence/non_violence/1908.jpg,0,Normal
/kaggle/input/datasets/abdulmananraja/real-life-violence-situations/new_violence/non_violence/1474.jpg,0,Normal
/kaggle/input/datasets/abdulmananraja/real-life-violence-situations/new_violence/violence/575.jpg,1,Anomaly
/kaggle/input/datasets/abdulmananraja/real-life-violence-situations/new_violence/non_violence/1864.jpg,0,Normal
/kaggle/input/datasets/abdulmananraja/real-life-violence-situations/new_violence/violence/1584.jpg,1,Anomaly
/kaggle/input/datasets/abdulmananraja/real-life-violence-situations/new_violence/violence/5402.jpg,1,Anomaly
/kaggle/input/datasets/abdulmananraja/real-life-violence-situations/new_violence/non_violence/2392.jpg,0,Normal
/kaggle/input/datasets/abdulmananraja/real-life-violence-situations/new_violence/violence/5442.jpg,1,Anomaly
/kaggle/input/datasets/abdulmananraja/real-life-violence-situations/new_violence/violence/1014.jpg,1,Anomaly
/kaggle/input/datasets/abdulmananraja/real-life-violence-situations/new_violence/non_violence/3585.jpg,0,Normal
/kaggle/input/datasets/abdulmananraja/real-life-violence-situations/new_violence/violence/4121.jpg,1,Anomaly
/kaggle/input/datasets/abdulmananraja/real-life-violence-situations/new_violence/violence/3278.jpg,1,Anomaly
/kaggle/input/datasets/abdulmananraja/real-life-violence-situations/new_violence/non_violence/2200.jpg,0,Normal
/kaggle/input/datasets/abdulmananraja/real-life-violence-situations/new_violence/violence/1006.jpg,1,Anomaly
/kaggle/input/datasets/abdulmananraja/real-life-violence-situations/new_violence/violence/5344.jpg,1,Anomaly
/kaggle/input/datasets/abdulmananraja/real-life-violence-situations/new_violence/violence/4932.jpg,1,Anomaly
/kaggle/input/datasets/abdulmananraja/real-life-violence-situations/new_violence/violence/5046.jpg,1,Anomaly
/kaggle/input/datasets/abdulmananraja/real-life-violence-situations/new_violence/violence/4627.jpg,1,Anomaly
/kaggle/input/datasets/abdulmananraja/real-life-violence-situations/new_violence/violence/4755.jpg,1,Anomaly
/kaggle/input/datasets/abdulmananraja/real-life-violence-situations/new_violence/violence/3711.jpg,1,Anomaly
/kaggle/input/datasets/abdulmananraja/real-life-violence-situations/new_violence/violence/4945.jpg,1,Anomaly
/kaggle/input/datasets/abdulmananraja/real-life-violence-situations/new_violence/non_violence/965.jpg,0,Normal
/kaggle/input/datasets/abdulmananraja/real-life-violence-situations/new_violence/violence/2658.jpg,1,Anomaly
/kaggle/input/datasets/abdulmananraja/real-life-violence-situations/new_violence/violence/5422.jpg,1,Anomaly
/kaggle/input/datasets/abdulmananraja/real-life-violence-situations/new_violence/non_violence/4238.jpg,0,Normal
/kaggle/input/datasets/abdulmananraja/real-life-violence-situations/new_violence/non_violence/2952.jpg,0,Normal
/kaggle/input/datasets/abdulmananraja/real-life-violence-situations/new_violence/non_violence/978.jpg,0,Normal
/kaggle/input/datasets/abdulmananraja/real-life-violence-situations/new_violence/violence/5399.jpg,1,Anomaly
/kaggle/input/datasets/abdulmananraja/real-life-violence-situations/new_violence/violence/2217.jpg,1,Anomaly
/kaggle/input/datasets/abdulmananraja/real-life-violence-situations/new_violence/violence/5621.jpg,1,Anomaly
/kaggle/input/datasets/abdulmananraja/real-life-violence-situations/new_violence/violence/3837.jpg,1,Anomaly
/kaggle/input/datasets/abdulmananraja/real-life-violence-situations/new_violence/violence/4358.jpg,1,Anomaly
/kaggle/input/datasets/abdulmananraja/real-life-violence-situations/new_violence/non_violence/656.jpg,0,Normal
/kaggle/input/datasets/abdulmananraja/real-life-violence-situations/new_violence/violence/2609.jpg,1,Anomaly
/kaggle/input/datasets/abdulmananraja/real-life-violence-situations/new_violence/non_violence/953.jpg,0,Normal
/kaggle/input/datasets/abdulmananraja/real-life-violence-situations/new_violence/non_violence/5193.jpg,0,Normal
/kaggle/input/datasets/abdulmananraja/real-life-violence-situations/new_violence/violence/882.jpg,1,Anomaly
/kaggle/input/datasets/abdulmananraja/real-life-violence-situations/new_violence/violence/3248.jpg,1,Anomaly
/kaggle/input/datasets/abdulmananraja/real-life-violence-situations/new_violence/violence/4090.jpg,1,Anomaly
/kaggle/input/datasets/abdulmananraja/real-life-violence-situations/new_violence/non_violence/2614.jpg,0,Normal
/kaggle/input/datasets/abdulmananraja/real-life-violence-situations/new_violence/non_violence/414.jpg,0,Normal
/kaggle/input/datasets/abdulmananraja/real-life-violence-situations/new_violence/violence/5750.jpg,1,Anomaly
/kaggle/input/datasets/abdulmananraja/real-life-violence-situations/new_violence/violence/1570.jpg,1,Anomaly
/kaggle/input/datasets/abdulmananraja/real-life-violence-situations/new_violence/violence/47.jpg,1,Anomaly
/kaggle/input/datasets/abdulmananraja/real-life-violence-situations/new_violence/violence/4559.jpg,1,Anomaly
/kaggle/input/datasets/abdulmananraja/real-life-violence-situations/new_violence/violence/4313.jpg,1,Anomaly
/kaggle/input/datasets/abdulmananraja/real-life-violence-situations/new_violence/non_violence/437.jpg,0,Normal
/kaggle/input/datasets/abdulmananraja/real-life-violence-situations/new_violence/non_violence/4231.jpg,0,Normal
/kaggle/input/datasets/abdulmananraja/real-life-violence-situations/new_violence/non_violence/2509.jpg,0,Normal
/kaggle/input/datasets/abdulmananraja/real-life-violence-situations/new_violence/non_violence/4779.jpg,0,Normal
/kaggle/input/datasets/abdulmananraja/real-life-violence-situations/new_violence/non_violence/4403.jpg,0,Normal
/kaggle/input/datasets/abdulmananraja/real-life-violence-situations/new_violence/non_violence/1240.jpg,0,Normal
/kaggle/input/datasets/abdulmananraja/real-life-violence-situations/new_violence/non_violence/3681.jpg,0,Normal
/kaggle/input/datasets/abdulmananraja/real-life-violence-situations/new_violence/non_violence/4956.jpg,0,Normal
/kaggle/input/datasets/abdulmananraja/real-life-violence-situations/new_violence/non_violence/843.jpg,0,Normal
/kaggle/input/datasets/abdulmananraja/real-life-violence-situations/new_violence/non_violence/1962.jpg,0,Normal
/kaggle/input/datasets/abdulmananraja/real-life-violence-situations/new_violence/violence/1860.jpg,1,Anomaly
/kaggle/input/datasets/abdulmananraja/real-life-violence-situations/new_violence/non_violence/2658.jpg,0,Normal
/kaggle/input/datasets/abdulmananraja/real-life-violence-situations/new_violence/violence/2244.jpg,1,Anomaly
/kaggle/input/datasets/abdulmananraja/real-life-violence-situations/new_violence/violence/3558.jpg,1,Anomaly
/kaggle/input/datasets/abdulmananraja/real-life-violence-situations/new_violence/non_violence/1955.jpg,0,Normal
/kaggle/input/datasets/abdulmananraja/real-life-violence-situations/new_violence/non_violence/588.jpg,0,Normal
/kaggle/input/datasets/abdulmananraja/real-life-violence-situations/new_violence/violence/30.jpg,1,Anomaly
/kaggle/input/datasets/abdulmananraja/real-life-violence-situations/new_violence/violence/4762.jpg,1,Anomaly
/kaggle/input/datasets/abdulmananraja/real-life-violence-situations/new_violence/violence/3563.jpg,1,Anomaly
/kaggle/input/datasets/abdulmananraja/real-life-violence-situations/new_violence/violence/1336.jpg,1,Anomaly
/kaggle/input/datasets/abdulmananraja/real-life-violence-situations/new_violence/violence/1723.jpg,1,Anomaly
/kaggle/input/datasets/abdulmananraja/real-life-violence-situations/new_violence/violence/2465.jpg,1,Anomaly
/kaggle/input/datasets/abdulmananraja/real-life-violence-situations/new_violence/non_violence/5019.jpg,0,Normal
/kaggle/input/datasets/abdulmananraja/real-life-violence-situations/new_violence/non_violence/354.jpg,0,Normal
/kaggle/input/datasets/abdulmananraja/real-life-violence-situations/new_violence/non_violence/1287.jpg,0,Normal
/kaggle/input/datasets/abdulmananraja/real-life-violence-situations/new_violence/non_violence/2962.jpg,0,Normal
/kaggle/input/datasets/abdulmananraja/real-life-violence-situations/new_violence/non_violence/4771.jpg,0,Normal
/kaggle/input/datasets/abdulmananraja/real-life-violence-situations/new_violence/non_violence/2003.jpg,0,Normal
/kaggle/input/datasets/abdulmananraja/real-life-violence-situations/new_violence/non_violence/5041.jpg,0,Normal
/kaggle/input/datasets/abdulmananraja/real-life-violence-situations/new_violence/violence/5417.jpg,1,Anomaly
/kaggle/input/datasets/abdulmananraja/real-life-violence-situations/new_violence/non_violence/3748.jpg,0,Normal
/kaggle/input/datasets/abdulmananraja/real-life-violence-situations/new_violence/violence/4753.jpg,1,Anomaly
/kaggle/input/datasets/abdulmananraja/real-life-violence-situations/new_violence/non_violence/1455.jpg,0,Normal
/kaggle/input/datasets/abdulmananraja/real-life-violence-situations/new_violence/non_violence/3108.jpg,0,Normal
/kaggle/input/datasets/abdulmananraja/real-life-violence-situations/new_violence/violence/3058.jpg,1,Anomaly
/kaggle/input/datasets/abdulmananraja/real-life-violence-situations/new_violence/violence/1018.jpg,1,Anomaly
/kaggle/input/datasets/abdulmananraja/real-life-violence-situations/new_violence/violence/258.jpg,1,Anomaly
/kaggle/input/datasets/abdulmananraja/real-life-violence-situations/new_violence/non_violence/4628.jpg,0,Normal
/kaggle/input/datasets/abdulmananraja/real-life-violence-situations/new_violence/violence/1371.jpg,1,Anomaly
/kaggle/input/datasets/abdulmananraja/real-life-violence-situations/new_violence/non_violence/1797.jpg,0,Normal
/kaggle/input/datasets/abdulmananraja/real-life-violence-situations/new_violence/non_violence/1871.jpg,0,Normal
/kaggle/input/datasets/abdulmananraja/real-life-violence-situations/new_violence/non_violence/2951.jpg,0,Normal
/kaggle/input/datasets/abdulmananraja/real-life-violence-situations/new_violence/violence/5715.jpg,1,Anomaly
/kaggle/input/datasets/abdulmananraja/real-life-violence-situations/new_violence/non_violence/1631.jpg,0,Normal
/kaggle/input/datasets/abdulmananraja/real-life-violence-situations/new_violence/non_violence/3734.jpg,0,Normal
/kaggle/input/datasets/abdulmananraja/real-life-violence-situations/new_violence/violence/3816.jpg,1,Anomaly
/kaggle/input/datasets/abdulmananraja/real-life-violence-situations/new_violence/non_violence/3532.jpg,0,Normal
/kaggle/input/datasets/abdulmananraja/real-life-violence-situations/new_violence/non_violence/1072.jpg,0,Normal
/kaggle/input/datasets/abdulmananraja/real-life-violence-situations/new_violence/violence/462.jpg,1,Anomaly
/kaggle/input/datasets/abdulmananraja/real-life-violence-situations/new_violence/violence/5108.jpg,1,Anomaly
/kaggle/input/datasets/abdulmananraja/real-life-violence-situations/new_violence/non_violence/4642.jpg,0,Normal
/kaggle/input/datasets/abdulmananraja/real-life-violence-situations/new_violence/non_violence/2108.jpg,0,Normal
/kaggle/input/datasets/abdulmananraja/real-life-violence-situations/new_violence/violence/3057.jpg,1,Anomaly
/kaggle/input/datasets/abdulmananraja/real-life-violence-situations/new_violence/non_violence/3973.jpg,0,Normal
/kaggle/input/datasets/abdulmananraja/real-life-violence-situations/new_violence/non_violence/4476.jpg,0,Normal
/kaggle/input/datasets/abdulmananraja/real-life-violence-situations/new_violence/violence/2202.jpg,1,Anomaly
/kaggle/input/datasets/abdulmananraja/real-life-violence-situations/new_violence/non_violence/4866.jpg,0,Normal
/kaggle/input/datasets/abdulmananraja/real-life-violence-situations/new_violence/violence/622.jpg,1,Anomaly
/kaggle/input/datasets/abdulmananraja/real-life-violence-situations/new_violence/violence/4903.jpg,1,Anomaly
/kaggle/input/datasets/abdulmananraja/real-life-violence-situations/new_violence/non_violence/4547.jpg,0,Normal
/kaggle/input/datasets/abdulmananraja/real-life-violence-situations/new_violence/non_violence/3076.jpg,0,Normal
/kaggle/input/datasets/abdulmananraja/real-life-violence-situations/new_violence/non_violence/143.jpg,0,Normal
/kaggle/input/datasets/abdulmananraja/real-life-violence-situations/new_violence/non_violence/1266.jpg,0,Normal
/kaggle/input/datasets/abdulmananraja/real-life-violence-situations/new_violence/violence/806.jpg,1,Anomaly
/kaggle/input/datasets/abdulmananraja/real-life-violence-situations/new_violence/non_violence/1432.jpg,0,Normal
/kaggle/input/datasets/abdulmananraja/real-life-violence-situations/new_violence/non_violence/2577.jpg,0,Normal
/kaggle/input/datasets/abdulmananraja/real-life-violence-situations/new_violence/violence/4608.jpg,1,Anomaly
/kaggle/input/datasets/abdulmananraja/real-life-violence-situations/new_violence/non_violence/2502.jpg,0,Normal
/kaggle/input/datasets/abdulmananraja/real-life-violence-situations/new_violence/non_violence/1761.jpg,0,Normal
/kaggle/input/datasets/abdulmananraja/real-life-violence-situations/new_violence/non_violence/4015.jpg,0,Normal
/kaggle/input/datasets/abdulmananraja/real-life-violence-situations/new_violence/violence/4947.jpg,1,Anomaly
/kaggle/input/datasets/abdulmananraja/real-life-violence-situations/new_violence/non_violence/3981.jpg,0,Normal
/kaggle/input/datasets/abdulmananraja/real-life-violence-situations/new_violence/violence/1207.jpg,1,Anomaly
/kaggle/input/datasets/abdulmananraja/real-life-violence-situations/new_violence/non_violence/4554.jpg,0,Normal
/kaggle/input/datasets/abdulmananraja/real-life-violence-situations/new_violence/non_violence/1437.jpg,0,Normal
/kaggle/input/datasets/abdulmananraja/real-life-violence-situations/new_violence/non_violence/3670.jpg,0,Normal
/kaggle/input/datasets/abdulmananraja/real-life-violence-situations/new_violence/non_violence/1481.jpg,0,Normal
/kaggle/input/datasets/abdulmananraja/real-life-violence-situations/new_violence/non_violence/3994.jpg,0,Normal
/kaggle/input/datasets/abdulmananraja/real-life-violence-situations/new_violence/violence/4862.jpg,1,Anomaly
/kaggle/input/datasets/abdulmananraja/real-life-violence-situations/new_violence/non_violence/4605.jpg,0,Normal
/kaggle/input/datasets/abdulmananraja/real-life-violence-situations/new_violence/non_violence/2566.jpg,0,Normal
/kaggle/input/datasets/abdulmananraja/real-life-violence-situations/new_violence/violence/1012.jpg,1,Anomaly
/kaggle/input/datasets/abdulmananraja/real-life-violence-situations/new_violence/non_violence/2203.jpg,0,Normal
/kaggle/input/datasets/abdulmananraja/real-life-violence-situations/new_violence/violence/5535.jpg,1,Anomaly
/kaggle/input/datasets/abdulmananraja/real-life-violence-situations/new_violence/non_violence/1712.jpg,0,Normal
/kaggle/input/datasets/abdulmananraja/real-life-violence-situations/new_violence/violence/2707.jpg,1,Anomaly
/kaggle/input/datasets/abdulmananraja/real-life-violence-situations/new_violence/non_violence/14.jpg,0,Normal
/kaggle/input/datasets/abdulmananraja/real-life-violence-situations/new_violence/non_violence/5042.jpg,0,Normal
/kaggle/input/datasets/abdulmananraja/real-life-violence-situations/new_violence/violence/3292.jpg,1,Anomaly
/kaggle/input/datasets/abdulmananraja/real-life-violence-situations/new_violence/non_violence/2138.jpg,0,Normal
/kaggle/input/datasets/abdulmananraja/real-life-violence-situations/new_violence/violence/4606.jpg,1,Anomaly
/kaggle/input/datasets/abdulmananraja/real-life-violence-situations/new_violence/violence/5270.jpg,1,Anomaly
/kaggle/input/datasets/abdulmananraja/real-life-violence-situations/new_violence/violence/5479.jpg,1,Anomaly
/kaggle/input/datasets/abdulmananraja/real-life-violence-situations/new_violence/non_violence/2519.jpg,0,Normal
/kaggle/input/datasets/abdulmananraja/real-life-violence-situations/new_violence/violence/1731.jpg,1,Anomaly
/kaggle/input/datasets/abdulmananraja/real-life-violence-situations/new_violence/violence/4578.jpg,1,Anomaly
/kaggle/input/datasets/abdulmananraja/real-life-violence-situations/new_violence/non_violence/332.jpg,0,Normal
/kaggle/input/datasets/abdulmananraja/real-life-violence-situations/new_violence/non_violence/5206.jpg,0,Normal
/kaggle/input/datasets/abdulmananraja/real-life-violence-situations/new_violence/non_violence/2767.jpg,0,Normal
/kaggle/input/datasets/abdulmananraja/real-life-violence-situations/new_violence/violence/1268.jpg,1,Anomaly
/kaggle/input/datasets/abdulmananraja/real-life-violence-situations/new_violence/violence/1729.jpg,1,Anomaly
/kaggle/input/datasets/abdulmananraja/real-life-violence-situations/new_violence/non_violence/3919.jpg,0,Normal
/kaggle/input/datasets/abdulmananraja/real-life-violence-situations/new_violence/non_violence/5121.jpg,0,Normal
/kaggle/input/datasets/abdulmananraja/real-life-violence-situations/new_violence/non_violence/5196.jpg,0,Normal
/kaggle/input/datasets/abdulmananraja/real-life-violence-situations/new_violence/violence/2931.jpg,1,Anomaly
/kaggle/input/datasets/abdulmananraja/real-life-violence-situations/new_violence/violence/5405.jpg,1,Anomaly
/kaggle/input/datasets/abdulmananraja/real-life-violence-situations/new_violence/non_violence/2771.jpg,0,Normal
/kaggle/input/datasets/abdulmananraja/real-life-violence-situations/new_violence/non_violence/4230.jpg,0,Normal
/kaggle/input/datasets/abdulmananraja/real-life-violence-situations/new_violence/violence/2804.jpg,1,Anomaly
/kaggle/input/datasets/abdulmananraja/real-life-violence-situations/new_violence/violence/2963.jpg,1,Anomaly
/kaggle/input/datasets/abdulmananraja/real-life-violence-situations/new_violence/non_violence/3004.jpg,0,Normal
/kaggle/input/datasets/abdulmananraja/real-life-violence-situations/new_violence/violence/1214.jpg,1,Anomaly
/kaggle/input/datasets/abdulmananraja/real-life-violence-situations/new_violence/violence/5051.jpg,1,Anomaly
/kaggle/input/datasets/abdulmananraja/real-life-violence-situations/new_violence/non_violence/4653.jpg,0,Normal
/kaggle/input/datasets/abdulmananraja/real-life-violence-situations/new_violence/violence/5460.jpg,1,Anomaly
/kaggle/input/datasets/abdulmananraja/real-life-violence-situations/new_violence/violence/1484.jpg,1,Anomaly
/kaggle/input/datasets/abdulmananraja/real-life-violence-situations/new_violence/violence/5823.jpg,1,Anomaly
/kaggle/input/datasets/abdulmananraja/real-life-violence-situations/new_violence/violence/3165.jpg,1,Anomaly
/kaggle/input/datasets/abdulmananraja/real-life-violence-situations/new_violence/non_violence/4057.jpg,0,Normal
/kaggle/input/datasets/abdulmananraja/real-life-violence-situations/new_violence/non_violence/2808.jpg,0,Normal
/kaggle/input/datasets/abdulmananraja/real-life-violence-situations/new_violence/non_violence/1395.jpg,0,Normal
/kaggle/input/datasets/abdulmananraja/real-life-violence-situations/new_violence/violence/5473.jpg,1,Anomaly
/kaggle/input/datasets/abdulmananraja/real-life-violence-situations/new_violence/violence/1406.jpg,1,Anomaly
/kaggle/input/datasets/abdulmananraja/real-life-violence-situations/new_violence/violence/2337.jpg,1,Anomaly
/kaggle/input/datasets/abdulmananraja/real-life-violence-situations/new_violence/violence/2673.jpg,1,Anomaly
/kaggle/input/datasets/abdulmananraja/real-life-violence-situations/new_violence/violence/91.jpg,1,Anomaly
/kaggle/input/datasets/abdulmananraja/real-life-violence-situations/new_violence/non_violence/3663.jpg,0,Normal
/kaggle/input/datasets/abdulmananraja/real-life-violence-situations/new_violence/non_violence/3093.jpg,0,Normal
/kaggle/input/datasets/abdulmananraja/real-life-violence-situations/new_violence/violence/157.jpg,1,Anomaly
/kaggle/input/datasets/abdulmananraja/real-life-violence-situations/new_violence/violence/869.jpg,1,Anomaly
/kaggle/input/datasets/abdulmananraja/real-life-violence-situations/new_violence/non_violence/3329.jpg,0,Normal
/kaggle/input/datasets/abdulmananraja/real-life-violence-situations/new_violence/non_violence/2281.jpg,0,Normal
/kaggle/input/datasets/abdulmananraja/real-life-violence-situations/new_violence/non_violence/4297.jpg,0,Normal
/kaggle/input/datasets/abdulmananraja/real-life-violence-situations/new_violence/violence/3510.jpg,1,Anomaly
/kaggle/input/datasets/abdulmananraja/real-life-violence-situations/new_violence/non_violence/4979.jpg,0,Normal
/kaggle/input/datasets/abdulmananraja/real-life-violence-situations/new_violence/violence/3592.jpg,1,Anomaly
/kaggle/input/datasets/abdulmananraja/real-life-violence-situations/new_violence/non_violence/4945.jpg,0,Normal
/kaggle/input/datasets/abdulmananraja/real-life-violence-situations/new_violence/violence/621.jpg,1,Anomaly
/kaggle/input/datasets/abdulmananraja/real-life-violence-situations/new_violence/violence/4261.jpg,1,Anomaly
/kaggle/input/datasets/abdulmananraja/real-life-violence-situations/new_violence/non_violence/5216.jpg,0,Normal
/kaggle/input/datasets/abdulmananraja/real-life-violence-situations/new_violence/non_violence/3620.jpg,0,Normal
/kaggle/input/datasets/abdulmananraja/real-life-violence-situations/new_violence/non_violence/2012.jpg,0,Normal
/kaggle/input/datasets/abdulmananraja/real-life-violence-situations/new_violence/violence/2054.jpg,1,Anomaly
/kaggle/input/datasets/abdulmananraja/real-life-violence-situations/new_violence/violence/5716.jpg,1,Anomaly
/kaggle/input/datasets/abdulmananraja/real-life-violence-situations/new_violence/violence/5590.jpg,1,Anomaly
/kaggle/input/datasets/abdulmananraja/real-life-violence-situations/new_violence/violence/1772.jpg,1,Anomaly
/kaggle/input/datasets/abdulmananraja/real-life-violence-situations/new_violence/violence/2520.jpg,1,Anomaly
/kaggle/input/datasets/abdulmananraja/real-life-violence-situations/new_violence/non_violence/3992.jpg,0,Normal
/kaggle/input/datasets/abdulmananraja/real-life-violence-situations/new_violence/violence/1738.jpg,1,Anomaly
/kaggle/input/datasets/abdulmananraja/real-life-violence-situations/new_violence/non_violence/3640.jpg,0,Normal
/kaggle/input/datasets/abdulmananraja/real-life-violence-situations/new_violence/non_violence/4336.jpg,0,Normal
/kaggle/input/datasets/abdulmananraja/real-life-violence-situations/new_violence/violence/458.jpg,1,Anomaly
/kaggle/input/datasets/abdulmananraja/real-life-violence-situations/new_violence/violence/5633.jpg,1,Anomaly
/kaggle/input/datasets/abdulmananraja/real-life-violence-situations/new_violence/violence/3956.jpg,1,Anomaly
/kaggle/input/datasets/abdulmananraja/real-life-violence-situations/new_violence/non_violence/1279.jpg,0,Normal
/kaggle/input/datasets/abdulmananraja/real-life-violence-situations/new_violence/violence/3844.jpg,1,Anomaly
/kaggle/input/datasets/abdulmananraja/real-life-violence-situations/new_violence/non_violence/814.jpg,0,Normal
/kaggle/input/datasets/abdulmananraja/real-life-violence-situations/new_violence/violence/1844.jpg,1,Anomaly
/kaggle/input/datasets/abdulmananraja/real-life-violence-situations/new_violence/non_violence/3523.jpg,0,Normal
/kaggle/input/datasets/abdulmananraja/real-life-violence-situations/new_violence/violence/4071.jpg,1,Anomaly
/kaggle/input/datasets/abdulmananraja/real-life-violence-situations/new_violence/non_violence/1909.jpg,0,Normal
/kaggle/input/datasets/abdulmananraja/real-life-violence-situations/new_violence/non_violence/2526.jpg,0,Normal
/kaggle/input/datasets/abdulmananraja/real-life-violence-situations/new_violence/violence/4498.jpg,1,Anomaly
/kaggle/input/datasets/abdulmananraja/real-life-violence-situations/new_violence/non_violence/1101.jpg,0,Normal
/kaggle/input/datasets/abdulmananraja/real-life-violence-situations/new_violence/non_violence/787.jpg,0,Normal
/kaggle/input/datasets/abdulmananraja/real-life-violence-situations/new_violence/non_violence/1047.jpg,0,Normal
/kaggle/input/datasets/abdulmananraja/real-life-violence-situations/new_violence/violence/541.jpg,1,Anomaly
/kaggle/input/datasets/abdulmananraja/real-life-violence-situations/new_violence/non_violence/3287.jpg,0,Normal
/kaggle/input/datasets/abdulmananraja/real-life-violence-situations/new_violence/violence/3608.jpg,1,Anomaly
/kaggle/input/datasets/abdulmananraja/real-life-violence-situations/new_violence/non_violence/2109.jpg,0,Normal
/kaggle/input/datasets/abdulmananraja/real-life-violence-situations/new_violence/non_violence/1666.jpg,0,Normal
/kaggle/input/datasets/abdulmananraja/real-life-violence-situations/new_violence/non_violence/2346.jpg,0,Normal
/kaggle/input/datasets/abdulmananraja/real-life-violence-situations/new_violence/non_violence/2712.jpg,0,Normal
/kaggle/input/datasets/abdulmananraja/real-life-violence-situations/new_violence/violence/1721.jpg,1,Anomaly
/kaggle/input/datasets/abdulmananraja/real-life-violence-situations/new_violence/violence/727.jpg,1,Anomaly
/kaggle/input/datasets/abdulmananraja/real-life-violence-situations/new_violence/non_violence/4853.jpg,0,Normal
/kaggle/input/datasets/abdulmananraja/real-life-violence-situations/new_violence/violence/2272.jpg,1,Anomaly
/kaggle/input/datasets/abdulmananraja/real-life-violence-situations/new_violence/violence/1252.jpg,1,Anomaly
/kaggle/input/datasets/abdulmananraja/real-life-violence-situations/new_violence/violence/5744.jpg,1,Anomaly
/kaggle/input/datasets/abdulmananraja/real-life-violence-situations/new_violence/violence/911.jpg,1,Anomaly
/kaggle/input/datasets/abdulmananraja/real-life-violence-situations/new_violence/non_violence/949.jpg,0,Normal
/kaggle/input/datasets/abdulmananraja/real-life-violence-situations/new_violence/violence/4936.jpg,1,Anomaly
/kaggle/input/datasets/abdulmananraja/real-life-violence-situations/new_violence/non_violence/4562.jpg,0,Normal
/kaggle/input/datasets/abdulmananraja/real-life-violence-situations/new_violence/violence/4530.jpg,1,Anomaly
/kaggle/input/datasets/abdulmananraja/real-life-violence-situations/new_violence/violence/720.jpg,1,Anomaly
/kaggle/input/datasets/abdulmananraja/real-life-violence-situations/new_violence/violence/1699.jpg,1,Anomaly
/kaggle/input/datasets/abdulmananraja/real-life-violence-situations/new_violence/violence/1471.jpg,1,Anomaly
/kaggle/input/datasets/abdulmananraja/real-life-violence-situations/new_violence/non_violence/2311.jpg,0,Normal
/kaggle/input/datasets/abdulmananraja/real-life-violence-situations/new_violence/non_violence/326.jpg,0,Normal
/kaggle/input/datasets/abdulmananraja/real-life-violence-situations/new_violence/non_violence/818.jpg,0,Normal
/kaggle/input/datasets/abdulmananraja/real-life-violence-situations/new_violence/violence/4838.jpg,1,Anomaly
/kaggle/input/datasets/abdulmananraja/real-life-violence-situations/new_violence/violence/234.jpg,1,Anomaly
/kaggle/input/datasets/abdulmananraja/real-life-violence-situations/new_violence/violence/4781.jpg,1,Anomaly
/kaggle/input/datasets/abdulmananraja/real-life-violence-situations/new_violence/non_violence/4180.jpg,0,Normal
/kaggle/input/datasets/abdulmananraja/real-life-violence-situations/new_violence/non_violence/1270.jpg,0,Normal
/kaggle/input/datasets/abdulmananraja/real-life-violence-situations/new_violence/non_violence/4449.jpg,0,Normal
/kaggle/input/datasets/abdulmananraja/real-life-violence-situations/new_violence/non_violence/1230.jpg,0,Normal
/kaggle/input/datasets/abdulmananraja/real-life-violence-situations/new_violence/non_violence/474.jpg,0,Normal
/kaggle/input/datasets/abdulmananraja/real-life-violence-situations/new_violence/violence/2076.jpg,1,Anomaly
/kaggle/input/datasets/abdulmananraja/real-life-violence-situations/new_violence/violence/2270.jpg,1,Anomaly
/kaggle/input/datasets/abdulmananraja/real-life-violence-situations/new_violence/non_violence/961.jpg,0,Normal
/kaggle/input/datasets/abdulmananraja/real-life-violence-situations/new_violence/violence/2398.jpg,1,Anomaly
/kaggle/input/datasets/abdulmananraja/real-life-violence-situations/new_violence/non_violence/3617.jpg,0,Normal
/kaggle/input/datasets/abdulmananraja/real-life-violence-situations/new_violence/non_violence/3757.jpg,0,Normal
/kaggle/input/datasets/abdulmananraja/real-life-violence-situations/new_violence/violence/2009.jpg,1,Anomaly
/kaggle/input/datasets/abdulmananraja/real-life-violence-situations/new_violence/non_violence/197.jpg,0,Normal
/kaggle/input/datasets/abdulmananraja/real-life-violence-situations/new_violence/violence/3280.jpg,1,Anomaly
/kaggle/input/datasets/abdulmananraja/real-life-violence-situations/new_violence/non_violence/2790.jpg,0,Normal
/kaggle/input/datasets/abdulmananraja/real-life-violence-situations/new_violence/non_violence/1231.jpg,0,Normal
/kaggle/input/datasets/abdulmananraja/real-life-violence-situations/new_violence/violence/507.jpg,1,Anomaly
/kaggle/input/datasets/abdulmananraja/real-life-violence-situations/new_violence/violence/4979.jpg,1,Anomaly
/kaggle/input/datasets/abdulmananraja/real-life-violence-situations/new_violence/non_violence/1285.jpg,0,Normal
/kaggle/input/datasets/abdulmananraja/real-life-violence-situations/new_violence/violence/5177.jpg,1,Anomaly
/kaggle/input/datasets/abdulmananraja/real-life-violence-situations/new_violence/violence/389.jpg,1,Anomaly
/kaggle/input/datasets/abdulmananraja/real-life-violence-situations/new_violence/violence/3921.jpg,1,Anomaly
/kaggle/input/datasets/abdulmananraja/real-life-violence-situations/new_violence/violence/5447.jpg,1,Anomaly
/kaggle/input/datasets/abdulmananraja/real-life-violence-situations/new_violence/non_violence/4999.jpg,0,Normal
/kaggle/input/datasets/abdulmananraja/real-life-violence-situations/new_violence/non_violence/2214.jpg,0,Normal
/kaggle/input/datasets/abdulmananraja/real-life-violence-situations/new_violence/non_violence/1111.jpg,0,Normal
/kaggle/input/datasets/abdulmananraja/real-life-violence-situations/new_violence/violence/3662.jpg,1,Anomaly
/kaggle/input/datasets/abdulmananraja/real-life-violence-situations/new_violence/violence/3345.jpg,1,Anomaly
/kaggle/input/datasets/abdulmananraja/real-life-violence-situations/new_violence/non_violence/3460.jpg,0,Normal
/kaggle/input/datasets/abdulmananraja/real-life-violence-situations/new_violence/violence/1156.jpg,1,Anomaly
/kaggle/input/datasets/abdulmananraja/real-life-violence-situations/new_violence/non_violence/3653.jpg,0,Normal
/kaggle/input/datasets/abdulmananraja/real-life-violence-situations/new_violence/violence/5149.jpg,1,Anomaly
/kaggle/input/datasets/abdulmananraja/real-life-violence-situations/new_violence/violence/4146.jpg,1,Anomaly
/kaggle/input/datasets/abdulmananraja/real-life-violence-situations/new_violence/non_violence/3128.jpg,0,Normal
/kaggle/input/datasets/abdulmananraja/real-life-violence-situations/new_violence/non_violence/3593.jpg,0,Normal
/kaggle/input/datasets/abdulmananraja/real-life-violence-situations/new_violence/non_violence/3416.jpg,0,Normal
/kaggle/input/datasets/abdulmananraja/real-life-violence-situations/new_violence/non_violence/2959.jpg,0,Normal
/kaggle/input/datasets/abdulmananraja/real-life-violence-situations/new_violence/violence/5252.jpg,1,Anomaly
/kaggle/input/datasets/abdulmananraja/real-life-violence-situations/new_violence/non_violence/4683.jpg,0,Normal
/kaggle/input/datasets/abdulmananraja/real-life-violence-situations/new_violence/violence/4616.jpg,1,Anomaly
/kaggle/input/datasets/abdulmananraja/real-life-violence-situations/new_violence/non_violence/1438.jpg,0,Normal
/kaggle/input/datasets/abdulmananraja/real-life-violence-situations/new_violence/non_violence/356.jpg,0,Normal
/kaggle/input/datasets/abdulmananraja/real-life-violence-situations/new_violence/violence/2207.jpg,1,Anomaly
/kaggle/input/datasets/abdulmananraja/real-life-violence-situations/new_violence/violence/2368.jpg,1,Anomaly
/kaggle/input/datasets/abdulmananraja/real-life-violence-situations/new_violence/non_violence/2333.jpg,0,Normal
/kaggle/input/datasets/abdulmananraja/real-life-violence-situations/new_violence/violence/1482.jpg,1,Anomaly
/kaggle/input/datasets/abdulmananraja/real-life-violence-situations/new_violence/violence/4127.jpg,1,Anomaly
/kaggle/input/datasets/abdulmananraja/real-life-violence-situations/new_violence/violence/4437.jpg,1,Anomaly
/kaggle/input/datasets/abdulmananraja/real-life-violence-situations/new_violence/violence/3053.jpg,1,Anomaly
/kaggle/input/datasets/abdulmananraja/real-life-violence-situations/new_violence/violence/5137.jpg,1,Anomaly
/kaggle/input/datasets/abdulmananraja/real-life-violence-situations/new_violence/non_violence/1804.jpg,0,Normal
/kaggle/input/datasets/abdulmananraja/real-life-violence-situations/new_violence/non_violence/5177.jpg,0,Normal
/kaggle/input/datasets/abdulmananraja/real-life-violence-situations/new_violence/non_violence/3735.jpg,0,Normal
/kaggle/input/datasets/abdulmananraja/real-life-violence-situations/new_violence/violence/3797.jpg,1,Anomaly
/kaggle/input/datasets/abdulmananraja/real-life-violence-situations/new_violence/violence/363.jpg,1,Anomaly
/kaggle/input/datasets/abdulmananraja/real-life-violence-situations/new_violence/non_violence/1168.jpg,0,Normal
/kaggle/input/datasets/abdulmananraja/real-life-violence-situations/new_violence/violence/2672.jpg,1,Anomaly
/kaggle/input/datasets/abdulmananraja/real-life-violence-situations/new_violence/non_violence/2249.jpg,0,Normal
/kaggle/input/datasets/abdulmananraja/real-life-violence-situations/new_violence/non_violence/168.jpg,0,Normal
/kaggle/input/datasets/abdulmananraja/real-life-violence-situations/new_violence/non_violence/195.jpg,0,Normal
/kaggle/input/datasets/abdulmananraja/real-life-violence-situations/new_violence/non_violence/1590.jpg,0,Normal
/kaggle/input/datasets/abdulmananraja/real-life-violence-situations/new_violence/violence/2204.jpg,1,Anomaly
/kaggle/input/datasets/abdulmananraja/real-life-violence-situations/new_violence/non_violence/1188.jpg,0,Normal
/kaggle/input/datasets/abdulmananraja/real-life-violence-situations/new_violence/violence/4014.jpg,1,Anomaly
/kaggle/input/datasets/abdulmananraja/real-life-violence-situations/new_violence/violence/2277.jpg,1,Anomaly
/kaggle/input/datasets/abdulmananraja/real-life-violence-situations/new_violence/violence/3717.jpg,1,Anomaly
/kaggle/input/datasets/abdulmananraja/real-life-violence-situations/new_violence/violence/4898.jpg,1,Anomaly
/kaggle/input/datasets/abdulmananraja/real-life-violence-situations/new_violence/non_violence/4678.jpg,0,Normal
/kaggle/input/datasets/abdulmananraja/real-life-violence-situations/new_violence/non_violence/1150.jpg,0,Normal
/kaggle/input/datasets/abdulmananraja/real-life-violence-situations/new_violence/violence/5271.jpg,1,Anomaly
/kaggle/input/datasets/abdulmananraja/real-life-violence-situations/new_violence/non_violence/173.jpg,0,Normal
/kaggle/input/datasets/abdulmananraja/real-life-violence-situations/new_violence/non_violence/4757.jpg,0,Normal
/kaggle/input/datasets/abdulmananraja/real-life-violence-situations/new_violence/non_violence/471.jpg,0,Normal
/kaggle/input/datasets/abdulmananraja/real-life-violence-situations/new_violence/violence/5318.jpg,1,Anomaly
/kaggle/input/datasets/abdulmananraja/real-life-violence-situations/new_violence/violence/12.jpg,1,Anomaly
/kaggle/input/datasets/abdulmananraja/real-life-violence-situations/new_violence/violence/5576.jpg,1,Anomaly
/kaggle/input/datasets/abdulmananraja/real-life-violence-situations/new_violence/non_violence/2973.jpg,0,Normal
/kaggle/input/datasets/abdulmananraja/real-life-violence-situations/new_violence/violence/2146.jpg,1,Anomaly
/kaggle/input/datasets/abdulmananraja/real-life-violence-situations/new_violence/violence/736.jpg,1,Anomaly
/kaggle/input/datasets/abdulmananraja/real-life-violence-situations/new_violence/non_violence/3240.jpg,0,Normal
/kaggle/input/datasets/abdulmananraja/real-life-violence-situations/new_violence/non_violence/4273.jpg,0,Normal
/kaggle/input/datasets/abdulmananraja/real-life-violence-situations/new_violence/violence/5639.jpg,1,Anomaly
/kaggle/input/datasets/abdulmananraja/real-life-violence-situations/new_violence/non_violence/5055.jpg,0,Normal
/kaggle/input/datasets/abdulmananraja/real-life-violence-situations/new_violence/violence/2780.jpg,1,Anomaly
/kaggle/input/datasets/abdulmananraja/real-life-violence-situations/new_violence/non_violence/1248.jpg,0,Normal
/kaggle/input/datasets/abdulmananraja/real-life-violence-situations/new_violence/non_violence/3688.jpg,0,Normal
/kaggle/input/datasets/abdulmananraja/real-life-violence-situations/new_violence/non_violence/1933.jpg,0,Normal
/kaggle/input/datasets/abdulmananraja/real-life-violence-situations/new_violence/violence/4719.jpg,1,Anomaly
/kaggle/input/datasets/abdulmananraja/real-life-violence-situations/new_violence/violence/556.jpg,1,Anomaly
/kaggle/input/datasets/abdulmananraja/real-life-violence-situations/new_violence/violence/3324.jpg,1,Anomaly
/kaggle/input/datasets/abdulmananraja/real-life-violence-situations/new_violence/non_violence/1169.jpg,0,Normal
/kaggle/input/datasets/abdulmananraja/real-life-violence-situations/new_violence/violence/2283.jpg,1,Anomaly
/kaggle/input/datasets/abdulmananraja/real-life-violence-situations/new_violence/violence/448.jpg,1,Anomaly
/kaggle/input/datasets/abdulmananraja/real-life-violence-situations/new_violence/non_violence/1835.jpg,0,Normal
/kaggle/input/datasets/abdulmananraja/real-life-violence-situations/new_violence/non_violence/425.jpg,0,Normal
/kaggle/input/datasets/abdulmananraja/real-life-violence-situations/new_violence/non_violence/2476.jpg,0,Normal
/kaggle/input/datasets/abdulmananraja/real-life-violence-situations/new_violence/violence/4340.jpg,1,Anomaly
/kaggle/input/datasets/abdulmananraja/real-life-violence-situations/new_violence/non_violence/4797.jpg,0,Normal
/kaggle/input/datasets/abdulmananraja/real-life-violence-situations/new_violence/non_violence/5156.jpg,0,Normal
/kaggle/input/datasets/abdulmananraja/real-life-violence-situations/new_violence/non_violence/1087.jpg,0,Normal
/kaggle/input/datasets/abdulmananraja/real-life-violence-situations/new_violence/non_violence/4645.jpg,0,Normal
/kaggle/input/datasets/abdulmananraja/real-life-violence-situations/new_violence/non_violence/1292.jpg,0,Normal
/kaggle/input/datasets/abdulmananraja/real-life-violence-situations/new_violence/violence/779.jpg,1,Anomaly
/kaggle/input/datasets/abdulmananraja/real-life-violence-situations/new_violence/non_violence/1914.jpg,0,Normal
/kaggle/input/datasets/abdulmananraja/real-life-violence-situations/new_violence/non_violence/4773.jpg,0,Normal
/kaggle/input/datasets/abdulmananraja/real-life-violence-situations/new_violence/non_violence/4122.jpg,0,Normal
/kaggle/input/datasets/abdulmananraja/real-life-violence-situations/new_violence/violence/3520.jpg,1,Anomaly
/kaggle/input/datasets/abdulmananraja/real-life-violence-situations/new_violence/non_violence/2356.jpg,0,Normal
/kaggle/input/datasets/abdulmananraja/real-life-violence-situations/new_violence/violence/4580.jpg,1,Anomaly
/kaggle/input/datasets/abdulmananraja/real-life-violence-situations/new_violence/violence/2588.jpg,1,Anomaly
/kaggle/input/datasets/abdulmananraja/real-life-violence-situations/new_violence/violence/4377.jpg,1,Anomaly
/kaggle/input/datasets/abdulmananraja/real-life-violence-situations/new_violence/non_violence/3797.jpg,0,Normal
/kaggle/input/datasets/abdulmananraja/real-life-violence-situations/new_violence/non_violence/3129.jpg,0,Normal
/kaggle/input/datasets/abdulmananraja/real-life-violence-situations/new_violence/violence/5268.jpg,1,Anomaly
/kaggle/input/datasets/abdulmananraja/real-life-violence-situations/new_violence/non_violence/70.jpg,0,Normal
/kaggle/input/datasets/abdulmananraja/real-life-violence-situations/new_violence/violence/4909.jpg,1,Anomaly
/kaggle/input/datasets/abdulmananraja/real-life-violence-situations/new_violence/violence/331.jpg,1,Anomaly
/kaggle/input/datasets/abdulmananraja/real-life-violence-situations/new_violence/non_violence/3579.jpg,0,Normal
/kaggle/input/datasets/abdulmananraja/real-life-violence-situations/new_violence/non_violence/4741.jpg,0,Normal
/kaggle/input/datasets/abdulmananraja/real-life-violence-situations/new_violence/violence/4633.jpg,1,Anomaly
/kaggle/input/datasets/abdulmananraja/real-life-violence-situations/new_violence/non_violence/1973.jpg,0,Normal
/kaggle/input/datasets/abdulmananraja/real-life-violence-situations/new_violence/violence/4208.jpg,1,Anomaly
/kaggle/input/datasets/abdulmananraja/real-life-violence-situations/new_violence/violence/1796.jpg,1,Anomaly
/kaggle/input/datasets/abdulmananraja/real-life-violence-situations/new_violence/non_violence/3744.jpg,0,Normal
/kaggle/input/datasets/abdulmananraja/real-life-violence-situations/new_violence/violence/1409.jpg,1,Anomaly
/kaggle/input/datasets/abdulmananraja/real-life-violence-situations/new_violence/non_violence/245.jpg,0,Normal
/kaggle/input/datasets/abdulmananraja/real-life-violence-situations/new_violence/violence/2003.jpg,1,Anomaly
/kaggle/input/datasets/abdulmananraja/real-life-violence-situations/new_violence/non_violence/2223.jpg,0,Normal
/kaggle/input/datasets/abdulmananraja/real-life-violence-situations/new_violence/non_violence/317.jpg,0,Normal
/kaggle/input/datasets/abdulmananraja/real-life-violence-situations/new_violence/non_violence/751.jpg,0,Normal
/kaggle/input/datasets/abdulmananraja/real-life-violence-situations/new_violence/non_violence/2944.jpg,0,Normal
/kaggle/input/datasets/abdulmananraja/real-life-violence-situations/new_violence/violence/3893.jpg,1,Anomaly
/kaggle/input/datasets/abdulmananraja/real-life-violence-situations/new_violence/violence/4033.jpg,1,Anomaly
/kaggle/input/datasets/abdulmananraja/real-life-violence-situations/new_violence/violence/2362.jpg,1,Anomaly
/kaggle/input/datasets/abdulmananraja/real-life-violence-situations/new_violence/violence/4738.jpg,1,Anomaly
/kaggle/input/datasets/abdulmananraja/real-life-violence-situations/new_violence/non_violence/2283.jpg,0,Normal
/kaggle/input/datasets/abdulmananraja/real-life-violence-situations/new_violence/non_violence/5080.jpg,0,Normal
/kaggle/input/datasets/abdulmananraja/real-life-violence-situations/new_violence/non_violence/3023.jpg,0,Normal
/kaggle/input/datasets/abdulmananraja/real-life-violence-situations/new_violence/non_violence/1626.jpg,0,Normal
/kaggle/input/datasets/abdulmananraja/real-life-violence-situations/new_violence/violence/1374.jpg,1,Anomaly
/kaggle/input/datasets/abdulmananraja/real-life-violence-situations/new_violence/non_violence/3692.jpg,0,Normal
/kaggle/input/datasets/abdulmananraja/real-life-violence-situations/new_violence/non_violence/3175.jpg,0,Normal
/kaggle/input/datasets/abdulmananraja/real-life-violence-situations/new_violence/non_violence/1837.jpg,0,Normal
/kaggle/input/datasets/abdulmananraja/real-life-violence-situations/new_violence/non_violence/5185.jpg,0,Normal
/kaggle/input/datasets/abdulmananraja/real-life-violence-situations/new_violence/violence/1400.jpg,1,Anomaly
/kaggle/input/datasets/abdulmananraja/real-life-violence-situations/new_violence/non_violence/682.jpg,0,Normal
/kaggle/input/datasets/abdulmananraja/real-life-violence-situations/new_violence/non_violence/4822.jpg,0,Normal
/kaggle/input/datasets/abdulmananraja/real-life-violence-situations/new_violence/violence/4300.jpg,1,Anomaly
/kaggle/input/datasets/abdulmananraja/real-life-violence-situations/new_violence/violence/717.jpg,1,Anomaly
/kaggle/input/datasets/abdulmananraja/real-life-violence-situations/new_violence/violence/4976.jpg,1,Anomaly
/kaggle/input/datasets/abdulmananraja/real-life-violence-situations/new_violence/violence/602.jpg,1,Anomaly
/kaggle/input/datasets/abdulmananraja/real-life-violence-situations/new_violence/non_violence/3261.jpg,0,Normal
/kaggle/input/datasets/abdulmananraja/real-life-violence-situations/new_violence/violence/2915.jpg,1,Anomaly
/kaggle/input/datasets/abdulmananraja/real-life-violence-situations/new_violence/violence/2743.jpg,1,Anomaly
/kaggle/input/datasets/abdulmananraja/real-life-violence-situations/new_violence/non_violence/4843.jpg,0,Normal
/kaggle/input/datasets/abdulmananraja/real-life-violence-situations/new_violence/violence/5499.jpg,1,Anomaly
/kaggle/input/datasets/abdulmananraja/real-life-violence-situations/new_violence/non_violence/2970.jpg,0,Normal
/kaggle/input/datasets/abdulmananraja/real-life-violence-situations/new_violence/non_violence/2482.jpg,0,Normal
/kaggle/input/datasets/abdulmananraja/real-life-violence-situations/new_violence/violence/2064.jpg,1,Anomaly
/kaggle/input/datasets/abdulmananraja/real-life-violence-situations/new_violence/non_violence/4069.jpg,0,Normal
/kaggle/input/datasets/abdulmananraja/real-life-violence-situations/new_violence/non_violence/2842.jpg,0,Normal
/kaggle/input/datasets/abdulmananraja/real-life-violence-situations/new_violence/non_violence/4125.jpg,0,Normal
/kaggle/input/datasets/abdulmananraja/real-life-violence-situations/new_violence/non_violence/3800.jpg,0,Normal
/kaggle/input/datasets/abdulmananraja/real-life-violence-situations/new_violence/violence/3959.jpg,1,Anomaly
/kaggle/input/datasets/abdulmananraja/real-life-violence-situations/new_violence/non_violence/574.jpg,0,Normal
/kaggle/input/datasets/abdulmananraja/real-life-violence-situations/new_violence/violence/3371.jpg,1,Anomaly
/kaggle/input/datasets/abdulmananraja/real-life-violence-situations/new_violence/violence/1941.jpg,1,Anomaly
/kaggle/input/datasets/abdulmananraja/real-life-violence-situations/new_violence/non_violence/3034.jpg,0,Normal
/kaggle/input/datasets/abdulmananraja/real-life-violence-situations/new_violence/violence/5184.jpg,1,Anomaly
/kaggle/input/datasets/abdulmananraja/real-life-violence-situations/new_violence/non_violence/5213.jpg,0,Normal
/kaggle/input/datasets/abdulmananraja/real-life-violence-situations/new_violence/non_violence/3473.jpg,0,Normal
/kaggle/input/datasets/abdulmananraja/real-life-violence-situations/new_violence/non_violence/3988.jpg,0,Normal
/kaggle/input/datasets/abdulmananraja/real-life-violence-situations/new_violence/violence/2722.jpg,1,Anomaly
/kaggle/input/datasets/abdulmananraja/real-life-violence-situations/new_violence/non_violence/4098.jpg,0,Normal
/kaggle/input/datasets/abdulmananraja/real-life-violence-situations/new_violence/non_violence/3953.jpg,0,Normal
/kaggle/input/datasets/abdulmananraja/real-life-violence-situations/new_violence/non_violence/4558.jpg,0,Normal
/kaggle/input/datasets/abdulmananraja/real-life-violence-situations/new_violence/violence/339.jpg,1,Anomaly
/kaggle/input/datasets/abdulmananraja/real-life-violence-situations/new_violence/non_violence/2154.jpg,0,Normal
/kaggle/input/datasets/abdulmananraja/real-life-violence-situations/new_violence/violence/1330.jpg,1,Anomaly
/kaggle/input/datasets/abdulmananraja/real-life-violence-situations/new_violence/non_violence/2667.jpg,0,Normal
/kaggle/input/datasets/abdulmananraja/real-life-violence-situations/new_violence/violence/139.jpg,1,Anomaly
/kaggle/input/datasets/abdulmananraja/real-life-violence-situations/new_violence/violence/3244.jpg,1,Anomaly
/kaggle/input/datasets/abdulmananraja/real-life-violence-situations/new_violence/non_violence/3500.jpg,0,Normal
/kaggle/input/datasets/abdulmananraja/real-life-violence-situations/new_violence/violence/2960.jpg,1,Anomaly
/kaggle/input/datasets/abdulmananraja/real-life-violence-situations/new_violence/non_violence/3489.jpg,0,Normal
/kaggle/input/datasets/abdulmananraja/real-life-violence-situations/new_violence/non_violence/2873.jpg,0,Normal
/kaggle/input/datasets/abdulmananraja/real-life-violence-situations/new_violence/non_violence/2023.jpg,0,Normal
/kaggle/input/datasets/abdulmananraja/real-life-violence-situations/new_violence/non_violence/1834.jpg,0,Normal
/kaggle/input/datasets/abdulmananraja/real-life-violence-situations/new_violence/violence/3975.jpg,1,Anomaly
/kaggle/input/datasets/abdulmananraja/real-life-violence-situations/new_violence/non_violence/4728.jpg,0,Normal
/kaggle/input/datasets/abdulmananraja/real-life-violence-situations/new_violence/non_violence/4831.jpg,0,Normal
/kaggle/input/datasets/abdulmananraja/real-life-violence-situations/new_violence/violence/2772.jpg,1,Anomaly
/kaggle/input/datasets/abdulmananraja/real-life-violence-situations/new_violence/violence/5641.jpg,1,Anomaly
/kaggle/input/datasets/abdulmananraja/real-life-violence-situations/new_violence/non_violence/1256.jpg,0,Normal
/kaggle/input/datasets/abdulmananraja/real-life-violence-situations/new_violence/non_violence/4056.jpg,0,Normal
/kaggle/input/datasets/abdulmananraja/real-life-violence-situations/new_violence/violence/688.jpg,1,Anomaly
/kaggle/input/datasets/abdulmananraja/real-life-violence-situations/new_violence/non_violence/2246.jpg,0,Normal
/kaggle/input/datasets/abdulmananraja/real-life-violence-situations/new_violence/non_violence/2474.jpg,0,Normal
/kaggle/input/datasets/abdulmananraja/real-life-violence-situations/new_violence/violence/1245.jpg,1,Anomaly
/kaggle/input/datasets/abdulmananraja/real-life-violence-situations/new_violence/non_violence/427.jpg,0,Normal
/kaggle/input/datasets/abdulmananraja/real-life-violence-situations/new_violence/violence/704.jpg,1,Anomaly
/kaggle/input/datasets/abdulmananraja/real-life-violence-situations/new_violence/non_violence/393.jpg,0,Normal
/kaggle/input/datasets/abdulmananraja/real-life-violence-situations/new_violence/violence/4293.jpg,1,Anomaly
/kaggle/input/datasets/abdulmananraja/real-life-violence-situations/new_violence/non_violence/4879.jpg,0,Normal
/kaggle/input/datasets/abdulmananraja/real-life-violence-situations/new_violence/non_violence/2342.jpg,0,Normal
/kaggle/input/datasets/abdulmananraja/real-life-violence-situations/new_violence/non_violence/3865.jpg,0,Normal
/kaggle/input/datasets/abdulmananraja/real-life-violence-situations/new_violence/non_violence/3719.jpg,0,Normal
/kaggle/input/datasets/abdulmananraja/real-life-violence-situations/new_violence/non_violence/4501.jpg,0,Normal
/kaggle/input/datasets/abdulmananraja/real-life-violence-situations/new_violence/non_violence/329.jpg,0,Normal
/kaggle/input/datasets/abdulmananraja/real-life-violence-situations/new_violence/non_violence/1768.jpg,0,Normal
/kaggle/input/datasets/abdulmananraja/real-life-violence-situations/new_violence/non_violence/4891.jpg,0,Normal
/kaggle/input/datasets/abdulmananraja/real-life-violence-situations/new_violence/violence/1928.jpg,1,Anomaly
/kaggle/input/datasets/abdulmananraja/real-life-violence-situations/new_violence/non_violence/88.jpg,0,Normal
/kaggle/input/datasets/abdulmananraja/real-life-violence-situations/new_violence/non_violence/489.jpg,0,Normal
/kaggle/input/datasets/abdulmananraja/real-life-violence-situations/new_violence/violence/2104.jpg,1,Anomaly
/kaggle/input/datasets/abdulmananraja/real-life-violence-situations/new_violence/non_violence/2710.jpg,0,Normal
/kaggle/input/datasets/abdulmananraja/real-life-violence-situations/new_violence/violence/1742.jpg,1,Anomaly
/kaggle/input/datasets/abdulmananraja/real-life-violence-situations/new_violence/violence/1429.jpg,1,Anomaly
/kaggle/input/datasets/abdulmananraja/real-life-violence-situations/new_violence/violence/2614.jpg,1,Anomaly
/kaggle/input/datasets/abdulmananraja/real-life-violence-situations/new_violence/non_violence/4377.jpg,0,Normal
/kaggle/input/datasets/abdulmananraja/real-life-violence-situations/new_violence/non_violence/447.jpg,0,Normal
/kaggle/input/datasets/abdulmananraja/real-life-violence-situations/new_violence/non_violence/4206.jpg,0,Normal
/kaggle/input/datasets/abdulmananraja/real-life-violence-situations/new_violence/non_violence/641.jpg,0,Normal
/kaggle/input/datasets/abdulmananraja/real-life-violence-situations/new_violence/violence/5580.jpg,1,Anomaly
/kaggle/input/datasets/abdulmananraja/real-life-violence-situations/new_violence/non_violence/901.jpg,0,Normal
/kaggle/input/datasets/abdulmananraja/real-life-violence-situations/new_violence/violence/3646.jpg,1,Anomaly
/kaggle/input/datasets/abdulmananraja/real-life-violence-situations/new_violence/non_violence/20.jpg,0,Normal
/kaggle/input/datasets/abdulmananraja/real-life-violence-situations/new_violence/violence/145.jpg,1,Anomaly
/kaggle/input/datasets/abdulmananraja/real-life-violence-situations/new_violence/violence/1072.jpg,1,Anomaly
/kaggle/input/datasets/abdulmananraja/real-life-violence-situations/new_violence/violence/4816.jpg,1,Anomaly
/kaggle/input/datasets/abdulmananraja/real-life-violence-situations/new_violence/non_violence/2898.jpg,0,Normal
/kaggle/input/datasets/abdulmananraja/real-life-violence-situations/new_violence/violence/1053.jpg,1,Anomaly
/kaggle/input/datasets/abdulmananraja/real-life-violence-situations/new_violence/non_violence/697.jpg,0,Normal
/kaggle/input/datasets/abdulmananraja/real-life-violence-situations/new_violence/non_violence/1510.jpg,0,Normal
/kaggle/input/datasets/abdulmananraja/real-life-violence-situations/new_violence/non_violence/1039.jpg,0,Normal
/kaggle/input/datasets/abdulmananraja/real-life-violence-situations/new_violence/non_violence/191.jpg,0,Normal
/kaggle/input/datasets/abdulmananraja/real-life-violence-situations/new_violence/non_violence/3879.jpg,0,Normal
/kaggle/input/datasets/abdulmananraja/real-life-violence-situations/new_violence/non_violence/3346.jpg,0,Normal
/kaggle/input/datasets/abdulmananraja/real-life-violence-situations/new_violence/violence/4129.jpg,1,Anomaly
/kaggle/input/datasets/abdulmananraja/real-life-violence-situations/new_violence/non_violence/4040.jpg,0,Normal
/kaggle/input/datasets/abdulmananraja/real-life-violence-situations/new_violence/non_violence/2209.jpg,0,Normal
/kaggle/input/datasets/abdulmananraja/real-life-violence-situations/new_violence/violence/606.jpg,1,Anomaly
/kaggle/input/datasets/abdulmananraja/real-life-violence-situations/new_violence/violence/3420.jpg,1,Anomaly
/kaggle/input/datasets/abdulmananraja/real-life-violence-situations/new_violence/violence/2346.jpg,1,Anomaly
/kaggle/input/datasets/abdulmananraja/real-life-violence-situations/new_violence/non_violence/4739.jpg,0,Normal
/kaggle/input/datasets/abdulmananraja/real-life-violence-situations/new_violence/non_violence/61.jpg,0,Normal
/kaggle/input/datasets/abdulmananraja/real-life-violence-situations/new_violence/non_violence/4010.jpg,0,Normal
/kaggle/input/datasets/abdulmananraja/real-life-violence-situations/new_violence/non_violence/3345.jpg,0,Normal
/kaggle/input/datasets/abdulmananraja/real-life-violence-situations/new_violence/non_violence/5079.jpg,0,Normal
/kaggle/input/datasets/abdulmananraja/real-life-violence-situations/new_violence/violence/1459.jpg,1,Anomaly
/kaggle/input/datasets/abdulmananraja/real-life-violence-situations/new_violence/violence/604.jpg,1,Anomaly
/kaggle/input/datasets/abdulmananraja/real-life-violence-situations/new_violence/violence/4893.jpg,1,Anomaly
/kaggle/input/datasets/abdulmananraja/real-life-violence-situations/new_violence/violence/4817.jpg,1,Anomaly
/kaggle/input/datasets/abdulmananraja/real-life-violence-situations/new_violence/non_violence/4493.jpg,0,Normal
/kaggle/input/datasets/abdulmananraja/real-life-violence-situations/new_violence/violence/230.jpg,1,Anomaly
/kaggle/input/datasets/abdulmananraja/real-life-violence-situations/new_violence/non_violence/1895.jpg,0,Normal
/kaggle/input/datasets/abdulmananraja/real-life-violence-situations/new_violence/non_violence/1501.jpg,0,Normal
/kaggle/input/datasets/abdulmananraja/real-life-violence-situations/new_violence/violence/3952.jpg,1,Anomaly
/kaggle/input/datasets/abdulmananraja/real-life-violence-situations/new_violence/violence/5554.jpg,1,Anomaly
/kaggle/input/datasets/abdulmananraja/real-life-violence-situations/new_violence/violence/4861.jpg,1,Anomaly
/kaggle/input/datasets/abdulmananraja/real-life-violence-situations/new_violence/non_violence/4647.jpg,0,Normal
/kaggle/input/datasets/abdulmananraja/real-life-violence-situations/new_violence/violence/5659.jpg,1,Anomaly
/kaggle/input/datasets/abdulmananraja/real-life-violence-situations/new_violence/non_violence/453.jpg,0,Normal
/kaggle/input/datasets/abdulmananraja/real-life-violence-situations/new_violence/non_violence/1467.jpg,0,Normal
/kaggle/input/datasets/abdulmananraja/real-life-violence-situations/new_violence/violence/5831.jpg,1,Anomaly
/kaggle/input/datasets/abdulmananraja/real-life-violence-situations/new_violence/non_violence/4295.jpg,0,Normal
/kaggle/input/datasets/abdulmananraja/real-life-violence-situations/new_violence/violence/3031.jpg,1,Anomaly
/kaggle/input/datasets/abdulmananraja/real-life-violence-situations/new_violence/non_violence/2390.jpg,0,Normal
/kaggle/input/datasets/abdulmananraja/real-life-violence-situations/new_violence/non_violence/4190.jpg,0,Normal
/kaggle/input/datasets/abdulmananraja/real-life-violence-situations/new_violence/non_violence/4316.jpg,0,Normal
/kaggle/input/datasets/abdulmananraja/real-life-violence-situations/new_violence/non_violence/2751.jpg,0,Normal
/kaggle/input/datasets/abdulmananraja/real-life-violence-situations/new_violence/non_violence/3003.jpg,0,Normal
/kaggle/input/datasets/abdulmananraja/real-life-violence-situations/new_violence/non_violence/1035.jpg,0,Normal
/kaggle/input/datasets/abdulmananraja/real-life-violence-situations/new_violence/violence/3182.jpg,1,Anomaly
/kaggle/input/datasets/abdulmananraja/real-life-violence-situations/new_violence/non_violence/958.jpg,0,Normal
/kaggle/input/datasets/abdulmananraja/real-life-violence-situations/new_violence/non_violence/2972.jpg,0,Normal
/kaggle/input/datasets/abdulmananraja/real-life-violence-situations/new_violence/non_violence/711.jpg,0,Normal
/kaggle/input/datasets/abdulmananraja/real-life-violence-situations/new_violence/non_violence/734.jpg,0,Normal
/kaggle/input/datasets/abdulmananraja/real-life-violence-situations/new_violence/non_violence/2516.jpg,0,Normal
/kaggle/input/datasets/abdulmananraja/real-life-violence-situations/new_violence/violence/4319.jpg,1,Anomaly
/kaggle/input/datasets/abdulmananraja/real-life-violence-situations/new_violence/non_violence/3875.jpg,0,Normal
/kaggle/input/datasets/abdulmananraja/real-life-violence-situations/new_violence/non_violence/227.jpg,0,Normal
/kaggle/input/datasets/abdulmananraja/real-life-violence-situations/new_violence/violence/4699.jpg,1,Anomaly
/kaggle/input/datasets/abdulmananraja/real-life-violence-situations/new_violence/non_violence/1479.jpg,0,Normal
/kaggle/input/datasets/abdulmananraja/real-life-violence-situations/new_violence/violence/1703.jpg,1,Anomaly
/kaggle/input/datasets/abdulmananraja/real-life-violence-situations/new_violence/non_violence/4860.jpg,0,Normal
/kaggle/input/datasets/abdulmananraja/real-life-violence-situations/new_violence/non_violence/30.jpg,0,Normal
/kaggle/input/datasets/abdulmananraja/real-life-violence-situations/new_violence/non_violence/1209.jpg,0,Normal
/kaggle/input/datasets/abdulmananraja/real-life-violence-situations/new_violence/non_violence/1575.jpg,0,Normal
/kaggle/input/datasets/abdulmananraja/real-life-violence-situations/new_violence/non_violence/658.jpg,0,Normal
/kaggle/input/datasets/abdulmananraja/real-life-violence-situations/new_violence/violence/2777.jpg,1,Anomaly
/kaggle/input/datasets/abdulmananraja/real-life-violence-situations/new_violence/violence/661.jpg,1,Anomaly
/kaggle/input/datasets/abdulmananraja/real-life-violence-situations/new_violence/non_violence/5099.jpg,0,Normal
/kaggle/input/datasets/abdulmananraja/real-life-violence-situations/new_violence/non_violence/4115.jpg,0,Normal
/kaggle/input/datasets/abdulmananraja/real-life-violence-situations/new_violence/violence/5371.jpg,1,Anomaly
/kaggle/input/datasets/abdulmananraja/real-life-violence-situations/new_violence/non_violence/2627.jpg,0,Normal
/kaggle/input/datasets/abdulmananraja/real-life-violence-situations/new_violence/non_violence/1945.jpg,0,Normal
/kaggle/input/datasets/abdulmananraja/real-life-violence-situations/new_violence/violence/4147.jpg,1,Anomaly
/kaggle/input/datasets/abdulmananraja/real-life-violence-situations/new_violence/non_violence/1519.jpg,0,Normal
/kaggle/input/datasets/abdulmananraja/real-life-violence-situations/new_violence/violence/5303.jpg,1,Anomaly
/kaggle/input/datasets/abdulmananraja/real-life-violence-situations/new_violence/non_violence/4614.jpg,0,Normal
/kaggle/input/datasets/abdulmananraja/real-life-violence-situations/new_violence/non_violence/2415.jpg,0,Normal
/kaggle/input/datasets/abdulmananraja/real-life-violence-situations/new_violence/violence/2457.jpg,1,Anomaly
/kaggle/input/datasets/abdulmananraja/real-life-violence-situations/new_violence/non_violence/2175.jpg,0,Normal
/kaggle/input/datasets/abdulmananraja/real-life-violence-situations/new_violence/non_violence/2446.jpg,0,Normal
/kaggle/input/datasets/abdulmananraja/real-life-violence-situations/new_violence/non_violence/631.jpg,0,Normal
/kaggle/input/datasets/abdulmananraja/real-life-violence-situations/new_violence/non_violence/850.jpg,0,Normal
/kaggle/input/datasets/abdulmananraja/real-life-violence-situations/new_violence/violence/5682.jpg,1,Anomaly
/kaggle/input/datasets/abdulmananraja/real-life-violence-situations/new_violence/non_violence/3990.jpg,0,Normal
/kaggle/input/datasets/abdulmananraja/real-life-violence-situations/new_violence/violence/2282.jpg,1,Anomaly
/kaggle/input/datasets/abdulmananraja/real-life-violence-situations/new_violence/non_violence/3932.jpg,0,Normal
/kaggle/input/datasets/abdulmananraja/real-life-violence-situations/new_violence/violence/1361.jpg,1,Anomaly
/kaggle/input/datasets/abdulmananraja/real-life-violence-situations/new_violence/non_violence/2340.jpg,0,Normal
/kaggle/input/datasets/abdulmananraja/real-life-violence-situations/new_violence/non_violence/1880.jpg,0,Normal
/kaggle/input/datasets/abdulmananraja/real-life-violence-situations/new_violence/non_violence/4193.jpg,0,Normal
/kaggle/input/datasets/abdulmananraja/real-life-violence-situations/new_violence/non_violence/132.jpg,0,Normal
/kaggle/input/datasets/abdulmananraja/real-life-violence-situations/new_violence/violence/3406.jpg,1,Anomaly
/kaggle/input/datasets/abdulmananraja/real-life-violence-situations/new_violence/non_violence/756.jpg,0,Normal
/kaggle/input/datasets/abdulmananraja/real-life-violence-situations/new_violence/non_violence/895.jpg,0,Normal
/kaggle/input/datasets/abdulmananraja/real-life-violence-situations/new_violence/non_violence/3662.jpg,0,Normal
/kaggle/input/datasets/abdulmananraja/real-life-violence-situations/new_violence/violence/5201.jpg,1,Anomaly
/kaggle/input/datasets/abdulmananraja/real-life-violence-situations/new_violence/non_violence/3293.jpg,0,Normal
/kaggle/input/datasets/abdulmananraja/real-life-violence-situations/new_violence/non_violence/4300.jpg,0,Normal
/kaggle/input/datasets/abdulmananraja/real-life-violence-situations/new_violence/violence/2754.jpg,1,Anomaly
/kaggle/input/datasets/abdulmananraja/real-life-violence-situations/new_violence/non_violence/2588.jpg,0,Normal
/kaggle/input/datasets/abdulmananraja/real-life-violence-situations/new_violence/violence/3135.jpg,1,Anomaly
/kaggle/input/datasets/abdulmananraja/real-life-violence-situations/new_violence/non_violence/3431.jpg,0,Normal
/kaggle/input/datasets/abdulmananraja/real-life-violence-situations/new_violence/violence/2814.jpg,1,Anomaly
/kaggle/input/datasets/abdulmananraja/real-life-violence-situations/new_violence/violence/3917.jpg,1,Anomaly
/kaggle/input/datasets/abdulmananraja/real-life-violence-situations/new_violence/non_violence/2613.jpg,0,Normal
/kaggle/input/datasets/abdulmananraja/real-life-violence-situations/new_violence/violence/1235.jpg,1,Anomaly
/kaggle/input/datasets/abdulmananraja/real-life-violence-situations/new_violence/violence/4108.jpg,1,Anomaly
/kaggle/input/datasets/abdulmananraja/real-life-violence-situations/new_violence/non_violence/171.jpg,0,Normal
/kaggle/input/datasets/abdulmananraja/real-life-violence-situations/new_violence/non_violence/3658.jpg,0,Normal
/kaggle/input/datasets/abdulmananraja/real-life-violence-situations/new_violence/non_violence/1310.jpg,0,Normal
/kaggle/input/datasets/abdulmananraja/real-life-violence-situations/new_violence/violence/3814.jpg,1,Anomaly
/kaggle/input/datasets/abdulmananraja/real-life-violence-situations/new_violence/non_violence/4703.jpg,0,Normal
/kaggle/input/datasets/abdulmananraja/real-life-violence-situations/new_violence/non_violence/3902.jpg,0,Normal
/kaggle/input/datasets/abdulmananraja/real-life-violence-situations/new_violence/violence/3045.jpg,1,Anomaly
/kaggle/input/datasets/abdulmananraja/real-life-violence-situations/new_violence/violence/2728.jpg,1,Anomaly
/kaggle/input/datasets/abdulmananraja/real-life-violence-situations/new_violence/non_violence/723.jpg,0,Normal
/kaggle/input/datasets/abdulmananraja/real-life-violence-situations/new_violence/non_violence/1594.jpg,0,Normal
/kaggle/input/datasets/abdulmananraja/real-life-violence-situations/new_violence/violence/4426.jpg,1,Anomaly
/kaggle/input/datasets/abdulmananraja/real-life-violence-situations/new_violence/non_violence/836.jpg,0,Normal
/kaggle/input/datasets/abdulmananraja/real-life-violence-situations/new_violence/violence/66.jpg,1,Anomaly
/kaggle/input/datasets/abdulmananraja/real-life-violence-situations/new_violence/violence/899.jpg,1,Anomaly
/kaggle/input/datasets/abdulmananraja/real-life-violence-situations/new_violence/violence/2820.jpg,1,Anomaly
/kaggle/input/datasets/abdulmananraja/real-life-violence-situations/new_violence/violence/1013.jpg,1,Anomaly
/kaggle/input/datasets/abdulmananraja/real-life-violence-situations/new_violence/non_violence/832.jpg,0,Normal
/kaggle/input/datasets/abdulmananraja/real-life-violence-situations/new_violence/non_violence/663.jpg,0,Normal
/kaggle/input/datasets/abdulmananraja/real-life-violence-situations/new_violence/non_violence/1113.jpg,0,Normal
/kaggle/input/datasets/abdulmananraja/real-life-violence-situations/new_violence/violence/5069.jpg,1,Anomaly
/kaggle/input/datasets/abdulmananraja/real-life-violence-situations/new_violence/violence/3310.jpg,1,Anomaly
/kaggle/input/datasets/abdulmananraja/real-life-violence-situations/new_violence/violence/1411.jpg,1,Anomaly
/kaggle/input/datasets/abdulmananraja/real-life-violence-situations/new_violence/violence/3341.jpg,1,Anomaly
/kaggle/input/datasets/abdulmananraja/real-life-violence-situations/new_violence/violence/3785.jpg,1,Anomaly
/kaggle/input/datasets/abdulmananraja/real-life-violence-situations/new_violence/non_violence/4873.jpg,0,Normal
/kaggle/input/datasets/abdulmananraja/real-life-violence-situations/new_violence/non_violence/345.jpg,0,Normal
/kaggle/input/datasets/abdulmananraja/real-life-violence-situations/new_violence/violence/3538.jpg,1,Anomaly
/kaggle/input/datasets/abdulmananraja/real-life-violence-situations/new_violence/violence/2868.jpg,1,Anomaly
/kaggle/input/datasets/abdulmananraja/real-life-violence-situations/new_violence/violence/434.jpg,1,Anomaly
/kaggle/input/datasets/abdulmananraja/real-life-violence-situations/new_violence/violence/5382.jpg,1,Anomaly
/kaggle/input/datasets/abdulmananraja/real-life-violence-situations/new_violence/violence/1852.jpg,1,Anomaly
/kaggle/input/datasets/abdulmananraja/real-life-violence-situations/new_violence/violence/3833.jpg,1,Anomaly
/kaggle/input/datasets/abdulmananraja/real-life-violence-situations/new_violence/violence/3665.jpg,1,Anomaly
/kaggle/input/datasets/abdulmananraja/real-life-violence-situations/new_violence/violence/2030.jpg,1,Anomaly
/kaggle/input/datasets/abdulmananraja/real-life-violence-situations/new_violence/violence/4713.jpg,1,Anomaly
/kaggle/input/datasets/abdulmananraja/real-life-violence-situations/new_violence/non_violence/2678.jpg,0,Normal
/kaggle/input/datasets/abdulmananraja/real-life-violence-situations/new_violence/non_violence/35.jpg,0,Normal
/kaggle/input/datasets/abdulmananraja/real-life-violence-situations/new_violence/non_violence/4160.jpg,0,Normal
/kaggle/input/datasets/abdulmananraja/real-life-violence-situations/new_violence/violence/5381.jpg,1,Anomaly
/kaggle/input/datasets/abdulmananraja/real-life-violence-situations/new_violence/violence/1324.jpg,1,Anomaly
/kaggle/input/datasets/abdulmananraja/real-life-violence-situations/new_violence/violence/3325.jpg,1,Anomaly
/kaggle/input/datasets/abdulmananraja/real-life-violence-situations/new_violence/violence/455.jpg,1,Anomaly
/kaggle/input/datasets/abdulmananraja/real-life-violence-situations/new_violence/non_violence/3256.jpg,0,Normal
/kaggle/input/datasets/abdulmananraja/real-life-violence-situations/new_violence/violence/5427.jpg,1,Anomaly
/kaggle/input/datasets/abdulmananraja/real-life-violence-situations/new_violence/violence/3232.jpg,1,Anomaly
/kaggle/input/datasets/abdulmananraja/real-life-violence-situations/new_violence/violence/2516.jpg,1,Anomaly
/kaggle/input/datasets/abdulmananraja/real-life-violence-situations/new_violence/violence/426.jpg,1,Anomaly
/kaggle/input/datasets/abdulmananraja/real-life-violence-situations/new_violence/violence/5327.jpg,1,Anomaly
/kaggle/input/datasets/abdulmananraja/real-life-violence-situations/new_violence/non_violence/1634.jpg,0,Normal
/kaggle/input/datasets/abdulmananraja/real-life-violence-situations/new_violence/non_violence/1149.jpg,0,Normal
/kaggle/input/datasets/abdulmananraja/real-life-violence-situations/new_violence/non_violence/2447.jpg,0,Normal
/kaggle/input/datasets/abdulmananraja/real-life-violence-situations/new_violence/non_violence/1154.jpg,0,Normal
/kaggle/input/datasets/abdulmananraja/real-life-violence-situations/new_violence/non_violence/3059.jpg,0,Normal
/kaggle/input/datasets/abdulmananraja/real-life-violence-situations/new_violence/violence/4436.jpg,1,Anomaly
/kaggle/input/datasets/abdulmananraja/real-life-violence-situations/new_violence/non_violence/2816.jpg,0,Normal
/kaggle/input/datasets/abdulmananraja/real-life-violence-situations/new_violence/non_violence/2776.jpg,0,Normal
/kaggle/input/datasets/abdulmananraja/real-life-violence-situations/new_violence/non_violence/4769.jpg,0,Normal
/kaggle/input/datasets/abdulmananraja/real-life-violence-situations/new_violence/non_violence/2765.jpg,0,Normal
/kaggle/input/datasets/abdulmananraja/real-life-violence-situations/new_violence/non_violence/2689.jpg,0,Normal
/kaggle/input/datasets/abdulmananraja/real-life-violence-situations/new_violence/violence/4667.jpg,1,Anomaly
/kaggle/input/datasets/abdulmananraja/real-life-violence-situations/new_violence/non_violence/755.jpg,0,Normal
/kaggle/input/datasets/abdulmananraja/real-life-violence-situations/new_violence/non_violence/2258.jpg,0,Normal
/kaggle/input/datasets/abdulmananraja/real-life-violence-situations/new_violence/non_violence/887.jpg,0,Normal
/kaggle/input/datasets/abdulmananraja/real-life-violence-situations/new_violence/non_violence/3307.jpg,0,Normal
/kaggle/input/datasets/abdulmananraja/real-life-violence-situations/new_violence/violence/412.jpg,1,Anomaly
/kaggle/input/datasets/abdulmananraja/real-life-violence-situations/new_violence/violence/1898.jpg,1,Anomaly
/kaggle/input/datasets/abdulmananraja/real-life-violence-situations/new_violence/violence/3780.jpg,1,Anomaly
/kaggle/input/datasets/abdulmananraja/real-life-violence-situations/new_violence/violence/401.jpg,1,Anomaly
/kaggle/input/datasets/abdulmananraja/real-life-violence-situations/new_violence/violence/1693.jpg,1,Anomaly
/kaggle/input/datasets/abdulmananraja/real-life-violence-situations/new_violence/violence/3570.jpg,1,Anomaly
/kaggle/input/datasets/abdulmananraja/real-life-violence-situations/new_violence/violence/5060.jpg,1,Anomaly
/kaggle/input/datasets/abdulmananraja/real-life-violence-situations/new_violence/non_violence/5015.jpg,0,Normal
/kaggle/input/datasets/abdulmananraja/real-life-violence-situations/new_violence/violence/263.jpg,1,Anomaly
/kaggle/input/datasets/abdulmananraja/real-life-violence-situations/new_violence/violence/3949.jpg,1,Anomaly
/kaggle/input/datasets/abdulmananraja/real-life-violence-situations/new_violence/non_violence/4124.jpg,0,Normal
/kaggle/input/datasets/abdulmananraja/real-life-violence-situations/new_violence/non_violence/4457.jpg,0,Normal
/kaggle/input/datasets/abdulmananraja/real-life-violence-situations/new_violence/violence/5619.jpg,1,Anomaly
/kaggle/input/datasets/abdulmananraja/real-life-violence-situations/new_violence/non_violence/2687.jpg,0,Normal
/kaggle/input/datasets/abdulmananraja/real-life-violence-situations/new_violence/non_violence/3181.jpg,0,Normal
/kaggle/input/datasets/abdulmananraja/real-life-violence-situations/new_violence/non_violence/2024.jpg,0,Normal
/kaggle/input/datasets/abdulmananraja/real-life-violence-situations/new_violence/violence/5522.jpg,1,Anomaly
/kaggle/input/datasets/abdulmananraja/real-life-violence-situations/new_violence/non_violence/2048.jpg,0,Normal
/kaggle/input/datasets/abdulmananraja/real-life-violence-situations/new_violence/non_violence/1290.jpg,0,Normal
/kaggle/input/datasets/abdulmananraja/real-life-violence-situations/new_violence/violence/2127.jpg,1,Anomaly
/kaggle/input/datasets/abdulmananraja/real-life-violence-situations/new_violence/non_violence/451.jpg,0,Normal
/kaggle/input/datasets/abdulmananraja/real-life-violence-situations/new_violence/non_violence/4929.jpg,0,Normal
/kaggle/input/datasets/abdulmananraja/real-life-violence-situations/new_violence/violence/3323.jpg,1,Anomaly
/kaggle/input/datasets/abdulmananraja/real-life-violence-situations/new_violence/non_violence/601.jpg,0,Normal
/kaggle/input/datasets/abdulmananraja/real-life-violence-situations/new_violence/violence/5057.jpg,1,Anomaly
/kaggle/input/datasets/abdulmananraja/real-life-violence-situations/new_violence/non_violence/3277.jpg,0,Normal
/kaggle/input/datasets/abdulmananraja/real-life-violence-situations/new_violence/non_violence/5175.jpg,0,Normal
/kaggle/input/datasets/abdulmananraja/real-life-violence-situations/new_violence/non_violence/98.jpg,0,Normal
/kaggle/input/datasets/abdulmananraja/real-life-violence-situations/new_violence/non_violence/2979.jpg,0,Normal
/kaggle/input/datasets/abdulmananraja/real-life-violence-situations/new_violence/non_violence/3297.jpg,0,Normal
/kaggle/input/datasets/abdulmananraja/real-life-violence-situations/new_violence/non_violence/4517.jpg,0,Normal
/kaggle/input/datasets/abdulmananraja/real-life-violence-situations/new_violence/non_violence/4829.jpg,0,Normal
/kaggle/input/datasets/abdulmananraja/real-life-violence-situations/new_violence/non_violence/1828.jpg,0,Normal
/kaggle/input/datasets/abdulmananraja/real-life-violence-situations/new_violence/non_violence/2879.jpg,0,Normal
/kaggle/input/datasets/abdulmananraja/real-life-violence-situations/new_violence/violence/4517.jpg,1,Anomaly
/kaggle/input/datasets/abdulmananraja/real-life-violence-situations/new_violence/violence/1662.jpg,1,Anomaly
/kaggle/input/datasets/abdulmananraja/real-life-violence-situations/new_violence/non_violence/133.jpg,0,Normal
/kaggle/input/datasets/abdulmananraja/real-life-violence-situations/new_violence/non_violence/8.jpg,0,Normal
/kaggle/input/datasets/abdulmananraja/real-life-violence-situations/new_violence/non_violence/1216.jpg,0,Normal
/kaggle/input/datasets/abdulmananraja/real-life-violence-situations/new_violence/violence/3356.jpg,1,Anomaly
/kaggle/input/datasets/abdulmananraja/real-life-violence-situations/new_violence/non_violence/1695.jpg,0,Normal
/kaggle/input/datasets/abdulmananraja/real-life-violence-situations/new_violence/non_violence/4472.jpg,0,Normal
/kaggle/input/datasets/abdulmananraja/real-life-violence-situations/new_violence/non_violence/4478.jpg,0,Normal
/kaggle/input/datasets/abdulmananraja/real-life-violence-situations/new_violence/violence/4180.jpg,1,Anomaly
/kaggle/input/datasets/abdulmananraja/real-life-violence-situations/new_violence/violence/5035.jpg,1,Anomaly
/kaggle/input/datasets/abdulmananraja/real-life-violence-situations/new_violence/non_violence/3676.jpg,0,Normal
/kaggle/input/datasets/abdulmananraja/real-life-violence-situations/new_violence/violence/5086.jpg,1,Anomaly
/kaggle/input/datasets/abdulmananraja/real-life-violence-situations/new_violence/violence/1740.jpg,1,Anomaly
/kaggle/input/datasets/abdulmananraja/real-life-violence-situations/new_violence/violence/1583.jpg,1,Anomaly
/kaggle/input/datasets/abdulmananraja/real-life-violence-situations/new_violence/violence/4695.jpg,1,Anomaly
/kaggle/input/datasets/abdulmananraja/real-life-violence-situations/new_violence/non_violence/336.jpg,0,Normal
/kaggle/input/datasets/abdulmananraja/real-life-violence-situations/new_violence/non_violence/2241.jpg,0,Normal
/kaggle/input/datasets/abdulmananraja/real-life-violence-situations/new_violence/violence/3744.jpg,1,Anomaly
/kaggle/input/datasets/abdulmananraja/real-life-violence-situations/new_violence/non_violence/1794.jpg,0,Normal
/kaggle/input/datasets/abdulmananraja/real-life-violence-situations/new_violence/violence/4304.jpg,1,Anomaly
/kaggle/input/datasets/abdulmananraja/real-life-violence-situations/new_violence/violence/3838.jpg,1,Anomaly
/kaggle/input/datasets/abdulmananraja/real-life-violence-situations/new_violence/non_violence/2302.jpg,0,Normal
/kaggle/input/datasets/abdulmananraja/real-life-violence-situations/new_violence/violence/2929.jpg,1,Anomaly
/kaggle/input/datasets/abdulmananraja/real-life-violence-situations/new_violence/violence/2129.jpg,1,Anomaly
/kaggle/input/datasets/abdulmananraja/real-life-violence-situations/new_violence/violence/3462.jpg,1,Anomaly
/kaggle/input/datasets/abdulmananraja/real-life-violence-situations/new_violence/non_violence/2396.jpg,0,Normal
/kaggle/input/datasets/abdulmananraja/real-life-violence-situations/new_violence/non_violence/1604.jpg,0,Normal
/kaggle/input/datasets/abdulmananraja/real-life-violence-situations/new_violence/non_violence/943.jpg,0,Normal
/kaggle/input/datasets/abdulmananraja/real-life-violence-situations/new_violence/non_violence/1478.jpg,0,Normal
/kaggle/input/datasets/abdulmananraja/real-life-violence-situations/new_violence/violence/1866.jpg,1,Anomaly
/kaggle/input/datasets/abdulmananraja/real-life-violence-situations/new_violence/non_violence/1465.jpg,0,Normal
/kaggle/input/datasets/abdulmananraja/real-life-violence-situations/new_violence/non_violence/1920.jpg,0,Normal
/kaggle/input/datasets/abdulmananraja/real-life-violence-situations/new_violence/non_violence/2860.jpg,0,Normal
/kaggle/input/datasets/abdulmananraja/real-life-violence-situations/new_violence/violence/2890.jpg,1,Anomaly
/kaggle/input/datasets/abdulmananraja/real-life-violence-situations/new_violence/violence/3787.jpg,1,Anomaly
/kaggle/input/datasets/abdulmananraja/real-life-violence-situations/new_violence/violence/290.jpg,1,Anomaly
/kaggle/input/datasets/abdulmananraja/real-life-violence-situations/new_violence/non_violence/2732.jpg,0,Normal
/kaggle/input/datasets/abdulmananraja/real-life-violence-situations/new_violence/non_violence/2021.jpg,0,Normal
/kaggle/input/datasets/abdulmananraja/real-life-violence-situations/new_violence/non_violence/2574.jpg,0,Normal
/kaggle/input/datasets/abdulmananraja/real-life-violence-situations/new_violence/non_violence/2461.jpg,0,Normal
/kaggle/input/datasets/abdulmananraja/real-life-violence-situations/new_violence/non_violence/3163.jpg,0,Normal
/kaggle/input/datasets/abdulmananraja/real-life-violence-situations/new_violence/violence/2563.jpg,1,Anomaly
/kaggle/input/datasets/abdulmananraja/real-life-violence-situations/new_violence/non_violence/4455.jpg,0,Normal
/kaggle/input/datasets/abdulmananraja/real-life-violence-situations/new_violence/non_violence/4234.jpg,0,Normal
/kaggle/input/datasets/abdulmananraja/real-life-violence-situations/new_violence/violence/5506.jpg,1,Anomaly
/kaggle/input/datasets/abdulmananraja/real-life-violence-situations/new_violence/non_violence/4379.jpg,0,Normal
/kaggle/input/datasets/abdulmananraja/real-life-violence-situations/new_violence/non_violence/2652.jpg,0,Normal
/kaggle/input/datasets/abdulmananraja/real-life-violence-situations/new_violence/violence/1300.jpg,1,Anomaly
/kaggle/input/datasets/abdulmananraja/real-life-violence-situations/new_violence/violence/4651.jpg,1,Anomaly
/kaggle/input/datasets/abdulmananraja/real-life-violence-situations/new_violence/violence/4471.jpg,1,Anomaly
/kaggle/input/datasets/abdulmananraja/real-life-violence-situations/new_violence/non_violence/2153.jpg,0,Normal
/kaggle/input/datasets/abdulmananraja/real-life-violence-situations/new_violence/violence/2107.jpg,1,Anomaly
/kaggle/input/datasets/abdulmananraja/real-life-violence-situations/new_violence/violence/2644.jpg,1,Anomaly
/kaggle/input/datasets/abdulmananraja/real-life-violence-situations/new_violence/violence/3999.jpg,1,Anomaly
/kaggle/input/datasets/abdulmananraja/real-life-violence-situations/new_violence/non_violence/2329.jpg,0,Normal
/kaggle/input/datasets/abdulmananraja/real-life-violence-situations/new_violence/non_violence/3286.jpg,0,Normal
/kaggle/input/datasets/abdulmananraja/real-life-violence-situations/new_violence/non_violence/985.jpg,0,Normal
/kaggle/input/datasets/abdulmananraja/real-life-violence-situations/new_violence/violence/1553.jpg,1,Anomaly
/kaggle/input/datasets/abdulmananraja/real-life-violence-situations/new_violence/non_violence/3435.jpg,0,Normal
/kaggle/input/datasets/abdulmananraja/real-life-violence-situations/new_violence/violence/1367.jpg,1,Anomaly
/kaggle/input/datasets/abdulmananraja/real-life-violence-situations/new_violence/non_violence/1502.jpg,0,Normal
/kaggle/input/datasets/abdulmananraja/real-life-violence-situations/new_violence/violence/5632.jpg,1,Anomaly
/kaggle/input/datasets/abdulmananraja/real-life-violence-situations/new_violence/non_violence/1812.jpg,0,Normal
/kaggle/input/datasets/abdulmananraja/real-life-violence-situations/new_violence/violence/3532.jpg,1,Anomaly
/kaggle/input/datasets/abdulmananraja/real-life-violence-situations/new_violence/non_violence/3317.jpg,0,Normal
/kaggle/input/datasets/abdulmananraja/real-life-violence-situations/new_violence/non_violence/1582.jpg,0,Normal
/kaggle/input/datasets/abdulmananraja/real-life-violence-situations/new_violence/non_violence/3397.jpg,0,Normal
/kaggle/input/datasets/abdulmananraja/real-life-violence-situations/new_violence/violence/1971.jpg,1,Anomaly
/kaggle/input/datasets/abdulmananraja/real-life-violence-situations/new_violence/violence/330.jpg,1,Anomaly
/kaggle/input/datasets/abdulmananraja/real-life-violence-situations/new_violence/violence/2387.jpg,1,Anomaly
/kaggle/input/datasets/abdulmananraja/real-life-violence-situations/new_violence/violence/1446.jpg,1,Anomaly
/kaggle/input/datasets/abdulmananraja/real-life-violence-situations/new_violence/violence/940.jpg,1,Anomaly
/kaggle/input/datasets/abdulmananraja/real-life-violence-situations/new_violence/non_violence/867.jpg,0,Normal
/kaggle/input/datasets/abdulmananraja/real-life-violence-situations/new_violence/violence/2535.jpg,1,Anomaly
/kaggle/input/datasets/abdulmananraja/real-life-violence-situations/new_violence/violence/5492.jpg,1,Anomaly
/kaggle/input/datasets/abdulmananraja/real-life-violence-situations/new_violence/non_violence/128.jpg,0,Normal
/kaggle/input/datasets/abdulmananraja/real-life-violence-situations/new_violence/violence/4467.jpg,1,Anomaly
/kaggle/input/datasets/abdulmananraja/real-life-violence-situations/new_violence/violence/4052.jpg,1,Anomaly
/kaggle/input/datasets/abdulmananraja/real-life-violence-situations/new_violence/non_violence/1504.jpg,0,Normal
/kaggle/input/datasets/abdulmananraja/real-life-violence-situations/new_violence/non_violence/1565.jpg,0,Normal
/kaggle/input/datasets/abdulmananraja/real-life-violence-situations/new_violence/non_violence/5040.jpg,0,Normal
/kaggle/input/datasets/abdulmananraja/real-life-violence-situations/new_violence/violence/4789.jpg,1,Anomaly
/kaggle/input/datasets/abdulmananraja/real-life-violence-situations/new_violence/violence/5292.jpg,1,Anomaly
/kaggle/input/datasets/abdulmananraja/real-life-violence-situations/new_violence/violence/149.jpg,1,Anomaly
/kaggle/input/datasets/abdulmananraja/real-life-violence-situations/new_violence/non_violence/1414.jpg,0,Normal
/kaggle/input/datasets/abdulmananraja/real-life-violence-situations/new_violence/non_violence/805.jpg,0,Normal
/kaggle/input/datasets/abdulmananraja/real-life-violence-situations/new_violence/violence/1350.jpg,1,Anomaly
/kaggle/input/datasets/abdulmananraja/real-life-violence-situations/new_violence/non_violence/670.jpg,0,Normal
/kaggle/input/datasets/abdulmananraja/real-life-violence-situations/new_violence/violence/2196.jpg,1,Anomaly
/kaggle/input/datasets/abdulmananraja/real-life-violence-situations/new_violence/non_violence/3596.jpg,0,Normal
/kaggle/input/datasets/abdulmananraja/real-life-violence-situations/new_violence/violence/3287.jpg,1,Anomaly
/kaggle/input/datasets/abdulmananraja/real-life-violence-situations/new_violence/violence/591.jpg,1,Anomaly
/kaggle/input/datasets/abdulmananraja/real-life-violence-situations/new_violence/non_violence/4154.jpg,0,Normal
/kaggle/input/datasets/abdulmananraja/real-life-violence-situations/new_violence/violence/226.jpg,1,Anomaly
/kaggle/input/datasets/abdulmananraja/real-life-violence-situations/new_violence/non_violence/399.jpg,0,Normal
/kaggle/input/datasets/abdulmananraja/real-life-violence-situations/new_violence/non_violence/3408.jpg,0,Normal
/kaggle/input/datasets/abdulmananraja/real-life-violence-situations/new_violence/non_violence/3405.jpg,0,Normal
/kaggle/input/datasets/abdulmananraja/real-life-violence-situations/new_violence/non_violence/100.jpg,0,Normal
/kaggle/input/datasets/abdulmananraja/real-life-violence-situations/new_violence/non_violence/652.jpg,0,Normal
/kaggle/input/datasets/abdulmananraja/real-life-violence-situations/new_violence/non_violence/2918.jpg,0,Normal
/kaggle/input/datasets/abdulmananraja/real-life-violence-situations/new_violence/non_violence/2199.jpg,0,Normal
/kaggle/input/datasets/abdulmananraja/real-life-violence-situations/new_violence/violence/3931.jpg,1,Anomaly
/kaggle/input/datasets/abdulmananraja/real-life-violence-situations/new_violence/violence/1390.jpg,1,Anomaly
/kaggle/input/datasets/abdulmananraja/real-life-violence-situations/new_violence/non_violence/4245.jpg,0,Normal
/kaggle/input/datasets/abdulmananraja/real-life-violence-situations/new_violence/violence/191.jpg,1,Anomaly
/kaggle/input/datasets/abdulmananraja/real-life-violence-situations/new_violence/violence/1539.jpg,1,Anomaly
/kaggle/input/datasets/abdulmananraja/real-life-violence-situations/new_violence/violence/4003.jpg,1,Anomaly
/kaggle/input/datasets/abdulmananraja/real-life-violence-situations/new_violence/non_violence/1816.jpg,0,Normal
/kaggle/input/datasets/abdulmananraja/real-life-violence-situations/new_violence/violence/2120.jpg,1,Anomaly
/kaggle/input/datasets/abdulmananraja/real-life-violence-situations/new_violence/non_violence/4393.jpg,0,Normal
/kaggle/input/datasets/abdulmananraja/real-life-violence-situations/new_violence/violence/2493.jpg,1,Anomaly
/kaggle/input/datasets/abdulmananraja/real-life-violence-situations/new_violence/violence/175.jpg,1,Anomaly
/kaggle/input/datasets/abdulmananraja/real-life-violence-situations/new_violence/violence/2990.jpg,1,Anomaly
/kaggle/input/datasets/abdulmananraja/real-life-violence-situations/new_violence/non_violence/1089.jpg,0,Normal
/kaggle/input/datasets/abdulmananraja/real-life-violence-situations/new_violence/non_violence/5049.jpg,0,Normal
/kaggle/input/datasets/abdulmananraja/real-life-violence-situations/new_violence/violence/5790.jpg,1,Anomaly
/kaggle/input/datasets/abdulmananraja/real-life-violence-situations/new_violence/non_violence/2326.jpg,0,Normal
/kaggle/input/datasets/abdulmananraja/real-life-violence-situations/new_violence/non_violence/4825.jpg,0,Normal
/kaggle/input/datasets/abdulmananraja/real-life-violence-situations/new_violence/non_violence/3830.jpg,0,Normal
/kaggle/input/datasets/abdulmananraja/real-life-violence-situations/new_violence/violence/5107.jpg,1,Anomaly
/kaggle/input/datasets/abdulmananraja/real-life-violence-situations/new_violence/violence/3288.jpg,1,Anomaly
/kaggle/input/datasets/abdulmananraja/real-life-violence-situations/new_violence/violence/1587.jpg,1,Anomaly
/kaggle/input/datasets/abdulmananraja/real-life-violence-situations/new_violence/violence/4784.jpg,1,Anomaly
/kaggle/input/datasets/abdulmananraja/real-life-violence-situations/new_violence/violence/3246.jpg,1,Anomaly
/kaggle/input/datasets/abdulmananraja/real-life-violence-situations/new_violence/non_violence/3308.jpg,0,Normal
/kaggle/input/datasets/abdulmananraja/real-life-violence-situations/new_violence/non_violence/535.jpg,0,Normal
/kaggle/input/datasets/abdulmananraja/real-life-violence-situations/new_violence/non_violence/1016.jpg,0,Normal
/kaggle/input/datasets/abdulmananraja/real-life-violence-situations/new_violence/non_violence/2270.jpg,0,Normal
/kaggle/input/datasets/abdulmananraja/real-life-violence-situations/new_violence/non_violence/4924.jpg,0,Normal
/kaggle/input/datasets/abdulmananraja/real-life-violence-situations/new_violence/non_violence/1714.jpg,0,Normal
/kaggle/input/datasets/abdulmananraja/real-life-violence-situations/new_violence/violence/1600.jpg,1,Anomaly
/kaggle/input/datasets/abdulmananraja/real-life-violence-situations/new_violence/non_violence/592.jpg,0,Normal
/kaggle/input/datasets/abdulmananraja/real-life-violence-situations/new_violence/violence/4044.jpg,1,Anomaly
/kaggle/input/datasets/abdulmananraja/real-life-violence-situations/new_violence/non_violence/3590.jpg,0,Normal
/kaggle/input/datasets/abdulmananraja/real-life-violence-situations/new_violence/non_violence/2987.jpg,0,Normal
/kaggle/input/datasets/abdulmananraja/real-life-violence-situations/new_violence/non_violence/1426.jpg,0,Normal
/kaggle/input/datasets/abdulmananraja/real-life-violence-situations/new_violence/non_violence/4991.jpg,0,Normal
/kaggle/input/datasets/abdulmananraja/real-life-violence-situations/new_violence/non_violence/1789.jpg,0,Normal
/kaggle/input/datasets/abdulmananraja/real-life-violence-situations/new_violence/violence/5666.jpg,1,Anomaly
/kaggle/input/datasets/abdulmananraja/real-life-violence-situations/new_violence/non_violence/1269.jpg,0,Normal
/kaggle/input/datasets/abdulmananraja/real-life-violence-situations/new_violence/non_violence/3630.jpg,0,Normal
/kaggle/input/datasets/abdulmananraja/real-life-violence-situations/new_violence/non_violence/1275.jpg,0,Normal
/kaggle/input/datasets/abdulmananraja/real-life-violence-situations/new_violence/non_violence/639.jpg,0,Normal
/kaggle/input/datasets/abdulmananraja/real-life-violence-situations/new_violence/violence/2016.jpg,1,Anomaly
/kaggle/input/datasets/abdulmananraja/real-life-violence-situations/new_violence/non_violence/4566.jpg,0,Normal
/kaggle/input/datasets/abdulmananraja/real-life-violence-situations/new_violence/non_violence/1944.jpg,0,Normal
/kaggle/input/datasets/abdulmananraja/real-life-violence-situations/new_violence/non_violence/5138.jpg,0,Normal
/kaggle/input/datasets/abdulmananraja/real-life-violence-situations/new_violence/non_violence/613.jpg,0,Normal
/kaggle/input/datasets/abdulmananraja/real-life-violence-situations/new_violence/non_violence/2833.jpg,0,Normal
/kaggle/input/datasets/abdulmananraja/real-life-violence-situations/new_violence/violence/2544.jpg,1,Anomaly
/kaggle/input/datasets/abdulmananraja/real-life-violence-situations/new_violence/violence/4175.jpg,1,Anomaly
/kaggle/input/datasets/abdulmananraja/real-life-violence-situations/new_violence/non_violence/2664.jpg,0,Normal
/kaggle/input/datasets/abdulmananraja/real-life-violence-situations/new_violence/violence/1899.jpg,1,Anomaly
/kaggle/input/datasets/abdulmananraja/real-life-violence-situations/new_violence/violence/1090.jpg,1,Anomaly
/kaggle/input/datasets/abdulmananraja/real-life-violence-situations/new_violence/violence/616.jpg,1,Anomaly
/kaggle/input/datasets/abdulmananraja/real-life-violence-situations/new_violence/non_violence/2341.jpg,0,Normal
/kaggle/input/datasets/abdulmananraja/real-life-violence-situations/new_violence/violence/5248.jpg,1,Anomaly
/kaggle/input/datasets/abdulmananraja/real-life-violence-situations/new_violence/non_violence/55.jpg,0,Normal
/kaggle/input/datasets/abdulmananraja/real-life-violence-situations/new_violence/non_violence/3166.jpg,0,Normal
/kaggle/input/datasets/abdulmananraja/real-life-violence-situations/new_violence/non_violence/2219.jpg,0,Normal
/kaggle/input/datasets/abdulmananraja/real-life-violence-situations/new_violence/non_violence/4507.jpg,0,Normal
/kaggle/input/datasets/abdulmananraja/real-life-violence-situations/new_violence/non_violence/3285.jpg,0,Normal
/kaggle/input/datasets/abdulmananraja/real-life-violence-situations/new_violence/violence/5552.jpg,1,Anomaly
/kaggle/input/datasets/abdulmananraja/real-life-violence-situations/new_violence/non_violence/1559.jpg,0,Normal
/kaggle/input/datasets/abdulmananraja/real-life-violence-situations/new_violence/violence/478.jpg,1,Anomaly
/kaggle/input/datasets/abdulmananraja/real-life-violence-situations/new_violence/non_violence/844.jpg,0,Normal
/kaggle/input/datasets/abdulmananraja/real-life-violence-situations/new_violence/non_violence/4933.jpg,0,Normal
/kaggle/input/datasets/abdulmananraja/real-life-violence-situations/new_violence/violence/5655.jpg,1,Anomaly
/kaggle/input/datasets/abdulmananraja/real-life-violence-situations/new_violence/violence/2071.jpg,1,Anomaly
/kaggle/input/datasets/abdulmananraja/real-life-violence-situations/new_violence/non_violence/2009.jpg,0,Normal
/kaggle/input/datasets/abdulmananraja/real-life-violence-situations/new_violence/non_violence/1937.jpg,0,Normal
/kaggle/input/datasets/abdulmananraja/real-life-violence-situations/new_violence/non_violence/155.jpg,0,Normal
/kaggle/input/datasets/abdulmananraja/real-life-violence-situations/new_violence/violence/4941.jpg,1,Anomaly
/kaggle/input/datasets/abdulmananraja/real-life-violence-situations/new_violence/non_violence/5124.jpg,0,Normal
/kaggle/input/datasets/abdulmananraja/real-life-violence-situations/new_violence/non_violence/2736.jpg,0,Normal
/kaggle/input/datasets/abdulmananraja/real-life-violence-situations/new_violence/violence/1972.jpg,1,Anomaly
/kaggle/input/datasets/abdulmananraja/real-life-violence-situations/new_violence/non_violence/1970.jpg,0,Normal
/kaggle/input/datasets/abdulmananraja/real-life-violence-situations/new_violence/non_violence/2582.jpg,0,Normal
/kaggle/input/datasets/abdulmananraja/real-life-violence-situations/new_violence/non_violence/2067.jpg,0,Normal
/kaggle/input/datasets/abdulmananraja/real-life-violence-situations/new_violence/violence/5307.jpg,1,Anomaly
/kaggle/input/datasets/abdulmananraja/real-life-violence-situations/new_violence/violence/645.jpg,1,Anomaly
/kaggle/input/datasets/abdulmananraja/real-life-violence-situations/new_violence/non_violence/1419.jpg,0,Normal
/kaggle/input/datasets/abdulmananraja/real-life-violence-situations/new_violence/non_violence/868.jpg,0,Normal
/kaggle/input/datasets/abdulmananraja/real-life-violence-situations/new_violence/violence/1124.jpg,1,Anomaly
/kaggle/input/datasets/abdulmananraja/real-life-violence-situations/new_violence/non_violence/4538.jpg,0,Normal
/kaggle/input/datasets/abdulmananraja/real-life-violence-situations/new_violence/non_violence/1133.jpg,0,Normal
/kaggle/input/datasets/abdulmananraja/real-life-violence-situations/new_violence/violence/4404.jpg,1,Anomaly
/kaggle/input/datasets/abdulmananraja/real-life-violence-situations/new_violence/violence/2889.jpg,1,Anomaly
/kaggle/input/datasets/abdulmananraja/real-life-violence-situations/new_violence/violence/1770.jpg,1,Anomaly
/kaggle/input/datasets/abdulmananraja/real-life-violence-situations/new_violence/violence/950.jpg,1,Anomaly
/kaggle/input/datasets/abdulmananraja/real-life-violence-situations/new_violence/violence/5630.jpg,1,Anomaly
/kaggle/input/datasets/abdulmananraja/real-life-violence-situations/new_violence/violence/98.jpg,1,Anomaly
/kaggle/input/datasets/abdulmananraja/real-life-violence-situations/new_violence/violence/4867.jpg,1,Anomaly
/kaggle/input/datasets/abdulmananraja/real-life-violence-situations/new_violence/violence/1061.jpg,1,Anomaly
/kaggle/input/datasets/abdulmananraja/real-life-violence-situations/new_violence/violence/2044.jpg,1,Anomaly
/kaggle/input/datasets/abdulmananraja/real-life-violence-situations/new_violence/violence/5794.jpg,1,Anomaly
/kaggle/input/datasets/abdulmananraja/real-life-violence-situations/new_violence/non_violence/4949.jpg,0,Normal
/kaggle/input/datasets/abdulmananraja/real-life-violence-situations/new_violence/violence/408.jpg,1,Anomaly
/kaggle/input/datasets/abdulmananraja/real-life-violence-situations/new_violence/non_violence/4883.jpg,0,Normal
/kaggle/input/datasets/abdulmananraja/real-life-violence-situations/new_violence/non_violence/1314.jpg,0,Normal
/kaggle/input/datasets/abdulmananraja/real-life-violence-situations/new_violence/non_violence/2150.jpg,0,Normal
/kaggle/input/datasets/abdulmananraja/real-life-violence-situations/new_violence/violence/336.jpg,1,Anomaly
/kaggle/input/datasets/abdulmananraja/real-life-violence-situations/new_violence/non_violence/603.jpg,0,Normal
/kaggle/input/datasets/abdulmananraja/real-life-violence-situations/new_violence/violence/1221.jpg,1,Anomaly
/kaggle/input/datasets/abdulmananraja/real-life-violence-situations/new_violence/non_violence/1526.jpg,0,Normal
/kaggle/input/datasets/abdulmananraja/real-life-violence-situations/new_violence/violence/2877.jpg,1,Anomaly
/kaggle/input/datasets/abdulmananraja/real-life-violence-situations/new_violence/non_violence/1128.jpg,0,Normal
/kaggle/input/datasets/abdulmananraja/real-life-violence-situations/new_violence/non_violence/694.jpg,0,Normal
/kaggle/input/datasets/abdulmananraja/real-life-violence-situations/new_violence/violence/2767.jpg,1,Anomaly
/kaggle/input/datasets/abdulmananraja/real-life-violence-situations/new_violence/violence/4018.jpg,1,Anomaly
/kaggle/input/datasets/abdulmananraja/real-life-violence-situations/new_violence/non_violence/4089.jpg,0,Normal
/kaggle/input/datasets/abdulmananraja/real-life-violence-situations/new_violence/violence/301.jpg,1,Anomaly
/kaggle/input/datasets/abdulmananraja/real-life-violence-situations/new_violence/violence/468.jpg,1,Anomaly
/kaggle/input/datasets/abdulmananraja/real-life-violence-situations/new_violence/violence/5308.jpg,1,Anomaly
/kaggle/input/datasets/abdulmananraja/real-life-violence-situations/new_violence/violence/3963.jpg,1,Anomaly
/kaggle/input/datasets/abdulmananraja/real-life-violence-situations/new_violence/violence/3234.jpg,1,Anomaly
/kaggle/input/datasets/abdulmananraja/real-life-violence-situations/new_violence/violence/1021.jpg,1,Anomaly
/kaggle/input/datasets/abdulmananraja/real-life-violence-situations/new_violence/violence/3153.jpg,1,Anomaly
/kaggle/input/datasets/abdulmananraja/real-life-violence-situations/new_violence/violence/4624.jpg,1,Anomaly
/kaggle/input/datasets/abdulmananraja/real-life-violence-situations/new_violence/non_violence/3165.jpg,0,Normal
/kaggle/input/datasets/abdulmananraja/real-life-violence-situations/new_violence/violence/2305.jpg,1,Anomaly
/kaggle/input/datasets/abdulmananraja/real-life-violence-situations/new_violence/non_violence/1162.jpg,0,Normal
/kaggle/input/datasets/abdulmananraja/real-life-violence-situations/new_violence/non_violence/3871.jpg,0,Normal
/kaggle/input/datasets/abdulmananraja/real-life-violence-situations/new_violence/violence/1468.jpg,1,Anomaly
/kaggle/input/datasets/abdulmananraja/real-life-violence-situations/new_violence/violence/5562.jpg,1,Anomaly
/kaggle/input/datasets/abdulmananraja/real-life-violence-situations/new_violence/non_violence/1494.jpg,0,Normal
/kaggle/input/datasets/abdulmananraja/real-life-violence-situations/new_violence/violence/4295.jpg,1,Anomaly
/kaggle/input/datasets/abdulmananraja/real-life-violence-situations/new_violence/violence/2685.jpg,1,Anomaly
/kaggle/input/datasets/abdulmananraja/real-life-violence-situations/new_violence/violence/5527.jpg,1,Anomaly
/kaggle/input/datasets/abdulmananraja/real-life-violence-situations/new_violence/non_violence/3678.jpg,0,Normal
/kaggle/input/datasets/abdulmananraja/real-life-violence-situations/new_violence/non_violence/3269.jpg,0,Normal
/kaggle/input/datasets/abdulmananraja/real-life-violence-situations/new_violence/non_violence/199.jpg,0,Normal
/kaggle/input/datasets/abdulmananraja/real-life-violence-situations/new_violence/violence/3810.jpg,1,Anomaly
/kaggle/input/datasets/abdulmananraja/real-life-violence-situations/new_violence/non_violence/360.jpg,0,Normal
/kaggle/input/datasets/abdulmananraja/real-life-violence-situations/new_violence/violence/232.jpg,1,Anomaly
/kaggle/input/datasets/abdulmananraja/real-life-violence-situations/new_violence/non_violence/2148.jpg,0,Normal
/kaggle/input/datasets/abdulmananraja/real-life-violence-situations/new_violence/non_violence/4443.jpg,0,Normal
/kaggle/input/datasets/abdulmananraja/real-life-violence-situations/new_violence/non_violence/3086.jpg,0,Normal
/kaggle/input/datasets/abdulmananraja/real-life-violence-situations/new_violence/violence/1554.jpg,1,Anomaly
/kaggle/input/datasets/abdulmananraja/real-life-violence-situations/new_violence/non_violence/3377.jpg,0,Normal
/kaggle/input/datasets/abdulmananraja/real-life-violence-situations/new_violence/violence/2348.jpg,1,Anomaly
/kaggle/input/datasets/abdulmananraja/real-life-violence-situations/new_violence/non_violence/5198.jpg,0,Normal
/kaggle/input/datasets/abdulmananraja/real-life-violence-situations/new_violence/non_violence/2858.jpg,0,Normal
/kaggle/input/datasets/abdulmananraja/real-life-violence-situations/new_violence/violence/5753.jpg,1,Anomaly
/kaggle/input/datasets/abdulmananraja/real-life-violence-situations/new_violence/non_violence/548.jpg,0,Normal
/kaggle/input/datasets/abdulmananraja/real-life-violence-situations/new_violence/violence/2399.jpg,1,Anomaly
/kaggle/input/datasets/abdulmananraja/real-life-violence-situations/new_violence/non_violence/927.jpg,0,Normal
/kaggle/input/datasets/abdulmananraja/real-life-violence-situations/new_violence/violence/4061.jpg,1,Anomaly
/kaggle/input/datasets/abdulmananraja/real-life-violence-situations/new_violence/violence/4066.jpg,1,Anomaly
/kaggle/input/datasets/abdulmananraja/real-life-violence-situations/new_violence/violence/5626.jpg,1,Anomaly
/kaggle/input/datasets/abdulmananraja/real-life-violence-situations/new_violence/violence/4901.jpg,1,Anomaly
/kaggle/input/datasets/abdulmananraja/real-life-violence-situations/new_violence/non_violence/2157.jpg,0,Normal
/kaggle/input/datasets/abdulmananraja/real-life-violence-situations/new_violence/non_violence/1734.jpg,0,Normal
/kaggle/input/datasets/abdulmananraja/real-life-violence-situations/new_violence/violence/917.jpg,1,Anomaly
/kaggle/input/datasets/abdulmananraja/real-life-violence-situations/new_violence/non_violence/2561.jpg,0,Normal
/kaggle/input/datasets/abdulmananraja/real-life-violence-situations/new_violence/non_violence/3162.jpg,0,Normal
/kaggle/input/datasets/abdulmananraja/real-life-violence-situations/new_violence/non_violence/2923.jpg,0,Normal
/kaggle/input/datasets/abdulmananraja/real-life-violence-situations/new_violence/violence/3046.jpg,1,Anomaly
/kaggle/input/datasets/abdulmananraja/real-life-violence-situations/new_violence/violence/663.jpg,1,Anomaly
/kaggle/input/datasets/abdulmananraja/real-life-violence-situations/new_violence/non_violence/1982.jpg,0,Normal
/kaggle/input/datasets/abdulmananraja/real-life-violence-situations/new_violence/non_violence/3289.jpg,0,Normal
/kaggle/input/datasets/abdulmananraja/real-life-violence-situations/new_violence/non_violence/4884.jpg,0,Normal
/kaggle/input/datasets/abdulmananraja/real-life-violence-situations/new_violence/violence/111.jpg,1,Anomaly
/kaggle/input/datasets/abdulmananraja/real-life-violence-situations/new_violence/violence/4238.jpg,1,Anomaly
/kaggle/input/datasets/abdulmananraja/real-life-violence-situations/new_violence/non_violence/4431.jpg,0,Normal
/kaggle/input/datasets/abdulmananraja/real-life-violence-situations/new_violence/non_violence/2299.jpg,0,Normal
/kaggle/input/datasets/abdulmananraja/real-life-violence-situations/new_violence/non_violence/1060.jpg,0,Normal
/kaggle/input/datasets/abdulmananraja/real-life-violence-situations/new_violence/non_violence/629.jpg,0,Normal
/kaggle/input/datasets/abdulmananraja/real-life-violence-situations/new_violence/violence/2657.jpg,1,Anomaly
/kaggle/input/datasets/abdulmananraja/real-life-violence-situations/new_violence/violence/3357.jpg,1,Anomaly
/kaggle/input/datasets/abdulmananraja/real-life-violence-situations/new_violence/violence/1843.jpg,1,Anomaly
/kaggle/input/datasets/abdulmananraja/real-life-violence-situations/new_violence/non_violence/816.jpg,0,Normal
/kaggle/input/datasets/abdulmananraja/real-life-violence-situations/new_violence/non_violence/2160.jpg,0,Normal
/kaggle/input/datasets/abdulmananraja/real-life-violence-situations/new_violence/violence/4204.jpg,1,Anomaly
/kaggle/input/datasets/abdulmananraja/real-life-violence-situations/new_violence/non_violence/591.jpg,0,Normal
/kaggle/input/datasets/abdulmananraja/real-life-violence-situations/new_violence/violence/5503.jpg,1,Anomaly
/kaggle/input/datasets/abdulmananraja/real-life-violence-situations/new_violence/non_violence/3265.jpg,0,Normal
/kaggle/input/datasets/abdulmananraja/real-life-violence-situations/new_violence/non_violence/4520.jpg,0,Normal
/kaggle/input/datasets/abdulmananraja/real-life-violence-situations/new_violence/non_violence/2904.jpg,0,Normal
/kaggle/input/datasets/abdulmananraja/real-life-violence-situations/new_violence/non_violence/971.jpg,0,Normal
/kaggle/input/datasets/abdulmananraja/real-life-violence-situations/new_violence/violence/548.jpg,1,Anomaly
/kaggle/input/datasets/abdulmananraja/real-life-violence-situations/new_violence/violence/5238.jpg,1,Anomaly
/kaggle/input/datasets/abdulmananraja/real-life-violence-situations/new_violence/non_violence/1744.jpg,0,Normal
/kaggle/input/datasets/abdulmananraja/real-life-violence-situations/new_violence/violence/3955.jpg,1,Anomaly
/kaggle/input/datasets/abdulmananraja/real-life-violence-situations/new_violence/non_violence/2305.jpg,0,Normal
/kaggle/input/datasets/abdulmananraja/real-life-violence-situations/new_violence/violence/1181.jpg,1,Anomaly
/kaggle/input/datasets/abdulmananraja/real-life-violence-situations/new_violence/non_violence/3861.jpg,0,Normal
/kaggle/input/datasets/abdulmananraja/real-life-violence-situations/new_violence/non_violence/1102.jpg,0,Normal
/kaggle/input/datasets/abdulmananraja/real-life-violence-situations/new_violence/violence/2577.jpg,1,Anomaly
/kaggle/input/datasets/abdulmananraja/real-life-violence-situations/new_violence/non_violence/514.jpg,0,Normal
/kaggle/input/datasets/abdulmananraja/real-life-violence-situations/new_violence/non_violence/3893.jpg,0,Normal
/kaggle/input/datasets/abdulmananraja/real-life-violence-situations/new_violence/non_violence/4503.jpg,0,Normal
/kaggle/input/datasets/abdulmananraja/real-life-violence-situations/new_violence/non_violence/4103.jpg,0,Normal
/kaggle/input/datasets/abdulmananraja/real-life-violence-situations/new_violence/violence/1901.jpg,1,Anomaly
/kaggle/input/datasets/abdulmananraja/real-life-violence-situations/new_violence/violence/2640.jpg,1,Anomaly
/kaggle/input/datasets/abdulmananraja/real-life-violence-situations/new_violence/violence/1623.jpg,1,Anomaly
/kaggle/input/datasets/abdulmananraja/real-life-violence-situations/new_violence/non_violence/5013.jpg,0,Normal
/kaggle/input/datasets/abdulmananraja/real-life-violence-situations/new_violence/violence/4432.jpg,1,Anomaly
/kaggle/input/datasets/abdulmananraja/real-life-violence-situations/new_violence/violence/2902.jpg,1,Anomaly
/kaggle/input/datasets/abdulmananraja/real-life-violence-situations/new_violence/violence/5113.jpg,1,Anomaly
/kaggle/input/datasets/abdulmananraja/real-life-violence-situations/new_violence/violence/4778.jpg,1,Anomaly
/kaggle/input/datasets/abdulmananraja/real-life-violence-situations/new_violence/non_violence/1775.jpg,0,Normal
/kaggle/input/datasets/abdulmananraja/real-life-violence-situations/new_violence/non_violence/4780.jpg,0,Normal
/kaggle/input/datasets/abdulmananraja/real-life-violence-situations/new_violence/violence/5420.jpg,1,Anomaly
/kaggle/input/datasets/abdulmananraja/real-life-violence-situations/new_violence/non_violence/3769.jpg,0,Normal
/kaggle/input/datasets/abdulmananraja/real-life-violence-situations/new_violence/violence/4591.jpg,1,Anomaly
/kaggle/input/datasets/abdulmananraja/real-life-violence-situations/new_violence/non_violence/3784.jpg,0,Normal
/kaggle/input/datasets/abdulmananraja/real-life-violence-situations/new_violence/non_violence/4770.jpg,0,Normal
/kaggle/input/datasets/abdulmananraja/real-life-violence-situations/new_violence/non_violence/1309.jpg,0,Normal
/kaggle/input/datasets/abdulmananraja/real-life-violence-situations/new_violence/non_violence/1623.jpg,0,Normal
/kaggle/input/datasets/abdulmananraja/real-life-violence-situations/new_violence/violence/1343.jpg,1,Anomaly
/kaggle/input/datasets/abdulmananraja/real-life-violence-situations/new_violence/violence/4966.jpg,1,Anomaly
/kaggle/input/datasets/abdulmananraja/real-life-violence-situations/new_violence/violence/431.jpg,1,Anomaly
/kaggle/input/datasets/abdulmananraja/real-life-violence-situations/new_violence/violence/2276.jpg,1,Anomaly
/kaggle/input/datasets/abdulmananraja/real-life-violence-situations/new_violence/non_violence/4756.jpg,0,Normal
/kaggle/input/datasets/abdulmananraja/real-life-violence-situations/new_violence/non_violence/1354.jpg,0,Normal
/kaggle/input/datasets/abdulmananraja/real-life-violence-situations/new_violence/non_violence/1905.jpg,0,Normal
/kaggle/input/datasets/abdulmananraja/real-life-violence-situations/new_violence/violence/3229.jpg,1,Anomaly
/kaggle/input/datasets/abdulmananraja/real-life-violence-situations/new_violence/violence/1840.jpg,1,Anomaly
/kaggle/input/datasets/abdulmananraja/real-life-violence-situations/new_violence/violence/4364.jpg,1,Anomaly
/kaggle/input/datasets/abdulmananraja/real-life-violence-situations/new_violence/violence/2708.jpg,1,Anomaly
/kaggle/input/datasets/abdulmananraja/real-life-violence-situations/new_violence/non_violence/1636.jpg,0,Normal
/kaggle/input/datasets/abdulmananraja/real-life-violence-situations/new_violence/non_violence/646.jpg,0,Normal
/kaggle/input/datasets/abdulmananraja/real-life-violence-situations/new_violence/violence/2762.jpg,1,Anomaly
/kaggle/input/datasets/abdulmananraja/real-life-violence-situations/new_violence/non_violence/848.jpg,0,Normal
/kaggle/input/datasets/abdulmananraja/real-life-violence-situations/new_violence/non_violence/1159.jpg,0,Normal
/kaggle/input/datasets/abdulmananraja/real-life-violence-situations/new_violence/violence/3747.jpg,1,Anomaly
/kaggle/input/datasets/abdulmananraja/real-life-violence-situations/new_violence/non_violence/2719.jpg,0,Normal
/kaggle/input/datasets/abdulmananraja/real-life-violence-situations/new_violence/non_violence/2250.jpg,0,Normal
/kaggle/input/datasets/abdulmananraja/real-life-violence-situations/new_violence/violence/5006.jpg,1,Anomaly
/kaggle/input/datasets/abdulmananraja/real-life-violence-situations/new_violence/violence/3151.jpg,1,Anomaly
/kaggle/input/datasets/abdulmananraja/real-life-violence-situations/new_violence/violence/374.jpg,1,Anomaly
/kaggle/input/datasets/abdulmananraja/real-life-violence-situations/new_violence/non_violence/4364.jpg,0,Normal
/kaggle/input/datasets/abdulmananraja/real-life-violence-situations/new_violence/non_violence/3915.jpg,0,Normal
/kaggle/input/datasets/abdulmananraja/real-life-violence-situations/new_violence/non_violence/1036.jpg,0,Normal
/kaggle/input/datasets/abdulmananraja/real-life-violence-situations/new_violence/non_violence/3450.jpg,0,Normal
/kaggle/input/datasets/abdulmananraja/real-life-violence-situations/new_violence/violence/563.jpg,1,Anomaly
/kaggle/input/datasets/abdulmananraja/real-life-violence-situations/new_violence/non_violence/579.jpg,0,Normal
/kaggle/input/datasets/abdulmananraja/real-life-violence-situations/new_violence/non_violence/2866.jpg,0,Normal
/kaggle/input/datasets/abdulmananraja/real-life-violence-situations/new_violence/violence/2739.jpg,1,Anomaly
/kaggle/input/datasets/abdulmananraja/real-life-violence-situations/new_violence/violence/4853.jpg,1,Anomaly
/kaggle/input/datasets/abdulmananraja/real-life-violence-situations/new_violence/non_violence/2916.jpg,0,Normal
/kaggle/input/datasets/abdulmananraja/real-life-violence-situations/new_violence/non_violence/1153.jpg,0,Normal
/kaggle/input/datasets/abdulmananraja/real-life-violence-situations/new_violence/non_violence/898.jpg,0,Normal
/kaggle/input/datasets/abdulmananraja/real-life-violence-situations/new_violence/violence/219.jpg,1,Anomaly
/kaggle/input/datasets/abdulmananraja/real-life-violence-situations/new_violence/non_violence/82.jpg,0,Normal
/kaggle/input/datasets/abdulmananraja/real-life-violence-situations/new_violence/violence/3888.jpg,1,Anomaly
/kaggle/input/datasets/abdulmananraja/real-life-violence-situations/new_violence/violence/1325.jpg,1,Anomaly
/kaggle/input/datasets/abdulmananraja/real-life-violence-situations/new_violence/non_violence/1294.jpg,0,Normal
/kaggle/input/datasets/abdulmananraja/real-life-violence-situations/new_violence/non_violence/642.jpg,0,Normal
/kaggle/input/datasets/abdulmananraja/real-life-violence-situations/new_violence/non_violence/1899.jpg,0,Normal
/kaggle/input/datasets/abdulmananraja/real-life-violence-situations/new_violence/violence/197.jpg,1,Anomaly
/kaggle/input/datasets/abdulmananraja/real-life-violence-situations/new_violence/non_violence/3010.jpg,0,Normal
/kaggle/input/datasets/abdulmananraja/real-life-violence-situations/new_violence/violence/2490.jpg,1,Anomaly
/kaggle/input/datasets/abdulmananraja/real-life-violence-situations/new_violence/violence/5297.jpg,1,Anomaly
/kaggle/input/datasets/abdulmananraja/real-life-violence-situations/new_violence/non_violence/925.jpg,0,Normal
/kaggle/input/datasets/abdulmananraja/real-life-violence-situations/new_violence/non_violence/1730.jpg,0,Normal
/kaggle/input/datasets/abdulmananraja/real-life-violence-situations/new_violence/violence/2306.jpg,1,Anomaly
/kaggle/input/datasets/abdulmananraja/real-life-violence-situations/new_violence/violence/1880.jpg,1,Anomaly
/kaggle/input/datasets/abdulmananraja/real-life-violence-situations/new_violence/non_violence/2038.jpg,0,Normal
/kaggle/input/datasets/abdulmananraja/real-life-violence-situations/new_violence/violence/3275.jpg,1,Anomaly
/kaggle/input/datasets/abdulmananraja/real-life-violence-situations/new_violence/violence/1982.jpg,1,Anomaly
/kaggle/input/datasets/abdulmananraja/real-life-violence-situations/new_violence/violence/1154.jpg,1,Anomaly
/kaggle/input/datasets/abdulmananraja/real-life-violence-situations/new_violence/violence/362.jpg,1,Anomaly
/kaggle/input/datasets/abdulmananraja/real-life-violence-situations/new_violence/violence/173.jpg,1,Anomaly
/kaggle/input/datasets/abdulmananraja/real-life-violence-situations/new_violence/violence/1092.jpg,1,Anomaly
/kaggle/input/datasets/abdulmananraja/real-life-violence-situations/new_violence/violence/1136.jpg,1,Anomaly
/kaggle/input/datasets/abdulmananraja/real-life-violence-situations/new_violence/non_violence/139.jpg,0,Normal
/kaggle/input/datasets/abdulmananraja/real-life-violence-situations/new_violence/violence/3746.jpg,1,Anomaly
/kaggle/input/datasets/abdulmananraja/real-life-violence-situations/new_violence/violence/5105.jpg,1,Anomaly
/kaggle/input/datasets/abdulmananraja/real-life-violence-situations/new_violence/violence/5683.jpg,1,Anomaly
/kaggle/input/datasets/abdulmananraja/real-life-violence-situations/new_violence/violence/5544.jpg,1,Anomaly
/kaggle/input/datasets/abdulmananraja/real-life-violence-situations/new_violence/violence/4692.jpg,1,Anomaly
/kaggle/input/datasets/abdulmananraja/real-life-violence-situations/new_violence/violence/1564.jpg,1,Anomaly
/kaggle/input/datasets/abdulmananraja/real-life-violence-situations/new_violence/violence/4587.jpg,1,Anomaly
/kaggle/input/datasets/abdulmananraja/real-life-violence-situations/new_violence/non_violence/3989.jpg,0,Normal
/kaggle/input/datasets/abdulmananraja/real-life-violence-situations/new_violence/violence/5331.jpg,1,Anomaly
/kaggle/input/datasets/abdulmananraja/real-life-violence-situations/new_violence/violence/3697.jpg,1,Anomaly
/kaggle/input/datasets/abdulmananraja/real-life-violence-situations/new_violence/violence/1438.jpg,1,Anomaly
/kaggle/input/datasets/abdulmananraja/real-life-violence-situations/new_violence/non_violence/2805.jpg,0,Normal
/kaggle/input/datasets/abdulmananraja/real-life-violence-situations/new_violence/violence/861.jpg,1,Anomaly
/kaggle/input/datasets/abdulmananraja/real-life-violence-situations/new_violence/violence/962.jpg,1,Anomaly
/kaggle/input/datasets/abdulmananraja/real-life-violence-situations/new_violence/non_violence/527.jpg,0,Normal
/kaggle/input/datasets/abdulmananraja/real-life-violence-situations/new_violence/violence/1869.jpg,1,Anomaly
/kaggle/input/datasets/abdulmananraja/real-life-violence-situations/new_violence/violence/2513.jpg,1,Anomaly
/kaggle/input/datasets/abdulmananraja/real-life-violence-situations/new_violence/violence/4427.jpg,1,Anomaly
/kaggle/input/datasets/abdulmananraja/real-life-violence-situations/new_violence/non_violence/2598.jpg,0,Normal
/kaggle/input/datasets/abdulmananraja/real-life-violence-situations/new_violence/non_violence/972.jpg,0,Normal
/kaggle/input/datasets/abdulmananraja/real-life-violence-situations/new_violence/violence/2298.jpg,1,Anomaly
/kaggle/input/datasets/abdulmananraja/real-life-violence-situations/new_violence/violence/668.jpg,1,Anomaly
/kaggle/input/datasets/abdulmananraja/real-life-violence-situations/new_violence/violence/2532.jpg,1,Anomaly
/kaggle/input/datasets/abdulmananraja/real-life-violence-situations/new_violence/non_violence/2983.jpg,0,Normal
/kaggle/input/datasets/abdulmananraja/real-life-violence-situations/new_violence/non_violence/2004.jpg,0,Normal
/kaggle/input/datasets/abdulmananraja/real-life-violence-situations/new_violence/violence/828.jpg,1,Anomaly
/kaggle/input/datasets/abdulmananraja/real-life-violence-situations/new_violence/violence/3696.jpg,1,Anomaly
/kaggle/input/datasets/abdulmananraja/real-life-violence-situations/new_violence/violence/993.jpg,1,Anomaly
/kaggle/input/datasets/abdulmananraja/real-life-violence-situations/new_violence/violence/4037.jpg,1,Anomaly
/kaggle/input/datasets/abdulmananraja/real-life-violence-situations/new_violence/violence/2989.jpg,1,Anomaly
/kaggle/input/datasets/abdulmananraja/real-life-violence-situations/new_violence/violence/1696.jpg,1,Anomaly
/kaggle/input/datasets/abdulmananraja/real-life-violence-situations/new_violence/non_violence/4373.jpg,0,Normal
/kaggle/input/datasets/abdulmananraja/real-life-violence-situations/new_violence/non_violence/1071.jpg,0,Normal
/kaggle/input/datasets/abdulmananraja/real-life-violence-situations/new_violence/violence/4774.jpg,1,Anomaly
/kaggle/input/datasets/abdulmananraja/real-life-violence-situations/new_violence/violence/457.jpg,1,Anomaly
/kaggle/input/datasets/abdulmananraja/real-life-violence-situations/new_violence/violence/906.jpg,1,Anomaly
/kaggle/input/datasets/abdulmananraja/real-life-violence-situations/new_violence/non_violence/2523.jpg,0,Normal
/kaggle/input/datasets/abdulmananraja/real-life-violence-situations/new_violence/non_violence/3753.jpg,0,Normal
/kaggle/input/datasets/abdulmananraja/real-life-violence-situations/new_violence/non_violence/3407.jpg,0,Normal
/kaggle/input/datasets/abdulmananraja/real-life-violence-situations/new_violence/non_violence/1934.jpg,0,Normal
/kaggle/input/datasets/abdulmananraja/real-life-violence-situations/new_violence/violence/3958.jpg,1,Anomaly
/kaggle/input/datasets/abdulmananraja/real-life-violence-situations/new_violence/non_violence/3176.jpg,0,Normal
/kaggle/input/datasets/abdulmananraja/real-life-violence-situations/new_violence/violence/1601.jpg,1,Anomaly
/kaggle/input/datasets/abdulmananraja/real-life-violence-situations/new_violence/non_violence/255.jpg,0,Normal
/kaggle/input/datasets/abdulmananraja/real-life-violence-situations/new_violence/violence/2426.jpg,1,Anomaly
/kaggle/input/datasets/abdulmananraja/real-life-violence-situations/new_violence/violence/4245.jpg,1,Anomaly
/kaggle/input/datasets/abdulmananraja/real-life-violence-situations/new_violence/non_violence/1679.jpg,0,Normal
/kaggle/input/datasets/abdulmananraja/real-life-violence-situations/new_violence/non_violence/2902.jpg,0,Normal
/kaggle/input/datasets/abdulmananraja/real-life-violence-situations/new_violence/violence/4480.jpg,1,Anomaly
/kaggle/input/datasets/abdulmananraja/real-life-violence-situations/new_violence/non_violence/4175.jpg,0,Normal
/kaggle/input/datasets/abdulmananraja/real-life-violence-situations/new_violence/violence/288.jpg,1,Anomaly
/kaggle/input/datasets/abdulmananraja/real-life-violence-situations/new_violence/violence/247.jpg,1,Anomaly
/kaggle/input/datasets/abdulmananraja/real-life-violence-situations/new_violence/violence/3819.jpg,1,Anomaly
/kaggle/input/datasets/abdulmananraja/real-life-violence-situations/new_violence/non_violence/2101.jpg,0,Normal
/kaggle/input/datasets/abdulmananraja/real-life-violence-situations/new_violence/violence/3423.jpg,1,Anomaly
/kaggle/input/datasets/abdulmananraja/real-life-violence-situations/new_violence/non_violence/2017.jpg,0,Normal
/kaggle/input/datasets/abdulmananraja/real-life-violence-situations/new_violence/non_violence/2500.jpg,0,Normal
/kaggle/input/datasets/abdulmananraja/real-life-violence-situations/new_violence/non_violence/776.jpg,0,Normal
/kaggle/input/datasets/abdulmananraja/real-life-violence-situations/new_violence/non_violence/3798.jpg,0,Normal
/kaggle/input/datasets/abdulmananraja/real-life-violence-situations/new_violence/violence/1365.jpg,1,Anomaly
/kaggle/input/datasets/abdulmananraja/real-life-violence-situations/new_violence/non_violence/4685.jpg,0,Normal
/kaggle/input/datasets/abdulmananraja/real-life-violence-situations/new_violence/non_violence/1782.jpg,0,Normal
/kaggle/input/datasets/abdulmananraja/real-life-violence-situations/new_violence/violence/2959.jpg,1,Anomaly
/kaggle/input/datasets/abdulmananraja/real-life-violence-situations/new_violence/non_violence/2545.jpg,0,Normal
/kaggle/input/datasets/abdulmananraja/real-life-violence-situations/new_violence/violence/2061.jpg,1,Anomaly
/kaggle/input/datasets/abdulmananraja/real-life-violence-situations/new_violence/non_violence/3281.jpg,0,Normal
/kaggle/input/datasets/abdulmananraja/real-life-violence-situations/new_violence/violence/2026.jpg,1,Anomaly
/kaggle/input/datasets/abdulmananraja/real-life-violence-situations/new_violence/non_violence/3704.jpg,0,Normal
/kaggle/input/datasets/abdulmananraja/real-life-violence-situations/new_violence/non_violence/1894.jpg,0,Normal
/kaggle/input/datasets/abdulmananraja/real-life-violence-situations/new_violence/violence/5021.jpg,1,Anomaly
/kaggle/input/datasets/abdulmananraja/real-life-violence-situations/new_violence/non_violence/988.jpg,0,Normal
/kaggle/input/datasets/abdulmananraja/real-life-violence-situations/new_violence/non_violence/2534.jpg,0,Normal
/kaggle/input/datasets/abdulmananraja/real-life-violence-situations/new_violence/violence/2154.jpg,1,Anomaly
/kaggle/input/datasets/abdulmananraja/real-life-violence-situations/new_violence/violence/5728.jpg,1,Anomaly
/kaggle/input/datasets/abdulmananraja/real-life-violence-situations/new_violence/violence/3759.jpg,1,Anomaly
/kaggle/input/datasets/abdulmananraja/real-life-violence-situations/new_violence/non_violence/924.jpg,0,Normal
/kaggle/input/datasets/abdulmananraja/real-life-violence-situations/new_violence/non_violence/2287.jpg,0,Normal
/kaggle/input/datasets/abdulmananraja/real-life-violence-situations/new_violence/violence/2007.jpg,1,Anomaly
/kaggle/input/datasets/abdulmananraja/real-life-violence-situations/new_violence/non_violence/2711.jpg,0,Normal
/kaggle/input/datasets/abdulmananraja/real-life-violence-situations/new_violence/violence/5813.jpg,1,Anomaly
/kaggle/input/datasets/abdulmananraja/real-life-violence-situations/new_violence/violence/1023.jpg,1,Anomaly
/kaggle/input/datasets/abdulmananraja/real-life-violence-situations/new_violence/non_violence/4386.jpg,0,Normal
/kaggle/input/datasets/abdulmananraja/real-life-violence-situations/new_violence/violence/348.jpg,1,Anomaly
/kaggle/input/datasets/abdulmananraja/real-life-violence-situations/new_violence/non_violence/2453.jpg,0,Normal
/kaggle/input/datasets/abdulmananraja/real-life-violence-situations/new_violence/non_violence/473.jpg,0,Normal
/kaggle/input/datasets/abdulmananraja/real-life-violence-situations/new_violence/non_violence/4655.jpg,0,Normal
/kaggle/input/datasets/abdulmananraja/real-life-violence-situations/new_violence/violence/1568.jpg,1,Anomaly
/kaggle/input/datasets/abdulmananraja/real-life-violence-situations/new_violence/non_violence/1483.jpg,0,Normal
/kaggle/input/datasets/abdulmananraja/real-life-violence-situations/new_violence/violence/3804.jpg,1,Anomaly
/kaggle/input/datasets/abdulmananraja/real-life-violence-situations/new_violence/violence/5064.jpg,1,Anomaly
/kaggle/input/datasets/abdulmananraja/real-life-violence-situations/new_violence/non_violence/468.jpg,0,Normal
/kaggle/input/datasets/abdulmananraja/real-life-violence-situations/new_violence/non_violence/1204.jpg,0,Normal
/kaggle/input/datasets/abdulmananraja/real-life-violence-situations/new_violence/violence/436.jpg,1,Anomaly
/kaggle/input/datasets/abdulmananraja/real-life-violence-situations/new_violence/violence/4418.jpg,1,Anomaly
/kaggle/input/datasets/abdulmananraja/real-life-violence-situations/new_violence/violence/3595.jpg,1,Anomaly
/kaggle/input/datasets/abdulmananraja/real-life-violence-situations/new_violence/violence/4732.jpg,1,Anomaly
/kaggle/input/datasets/abdulmananraja/real-life-violence-situations/new_violence/violence/5299.jpg,1,Anomaly
/kaggle/input/datasets/abdulmananraja/real-life-violence-situations/new_violence/non_violence/4109.jpg,0,Normal
/kaggle/input/datasets/abdulmananraja/real-life-violence-situations/new_violence/violence/2257.jpg,1,Anomaly
/kaggle/input/datasets/abdulmananraja/real-life-violence-situations/new_violence/violence/143.jpg,1,Anomaly
/kaggle/input/datasets/abdulmananraja/real-life-violence-situations/new_violence/non_violence/2478.jpg,0,Normal
/kaggle/input/datasets/abdulmananraja/real-life-violence-situations/new_violence/violence/5678.jpg,1,Anomaly
/kaggle/input/datasets/abdulmananraja/real-life-violence-situations/new_violence/violence/3131.jpg,1,Anomaly
/kaggle/input/datasets/abdulmananraja/real-life-violence-situations/new_violence/violence/2601.jpg,1,Anomaly
/kaggle/input/datasets/abdulmananraja/real-life-violence-situations/new_violence/violence/1766.jpg,1,Anomaly
/kaggle/input/datasets/abdulmananraja/real-life-violence-situations/new_violence/non_violence/3311.jpg,0,Normal
/kaggle/input/datasets/abdulmananraja/real-life-violence-situations/new_violence/violence/4579.jpg,1,Anomaly
/kaggle/input/datasets/abdulmananraja/real-life-violence-situations/new_violence/violence/2557.jpg,1,Anomaly
/kaggle/input/datasets/abdulmananraja/real-life-violence-situations/new_violence/violence/1434.jpg,1,Anomaly
/kaggle/input/datasets/abdulmananraja/real-life-violence-situations/new_violence/violence/3239.jpg,1,Anomaly
/kaggle/input/datasets/abdulmananraja/real-life-violence-situations/new_violence/non_violence/190.jpg,0,Normal
/kaggle/input/datasets/abdulmananraja/real-life-violence-situations/new_violence/non_violence/3544.jpg,0,Normal
/kaggle/input/datasets/abdulmananraja/real-life-violence-situations/new_violence/violence/5173.jpg,1,Anomaly
/kaggle/input/datasets/abdulmananraja/real-life-violence-situations/new_violence/violence/515.jpg,1,Anomaly
/kaggle/input/datasets/abdulmananraja/real-life-violence-situations/new_violence/violence/1032.jpg,1,Anomaly
/kaggle/input/datasets/abdulmananraja/real-life-violence-situations/new_violence/violence/732.jpg,1,Anomaly
/kaggle/input/datasets/abdulmananraja/real-life-violence-situations/new_violence/violence/1807.jpg,1,Anomaly
/kaggle/input/datasets/abdulmananraja/real-life-violence-situations/new_violence/non_violence/238.jpg,0,Normal
/kaggle/input/datasets/abdulmananraja/real-life-violence-situations/new_violence/non_violence/4220.jpg,0,Normal
/kaggle/input/datasets/abdulmananraja/real-life-violence-situations/new_violence/non_violence/2210.jpg,0,Normal
/kaggle/input/datasets/abdulmananraja/real-life-violence-situations/new_violence/violence/1280.jpg,1,Anomaly
/kaggle/input/datasets/abdulmananraja/real-life-violence-situations/new_violence/non_violence/4915.jpg,0,Normal
/kaggle/input/datasets/abdulmananraja/real-life-violence-situations/new_violence/violence/747.jpg,1,Anomaly
/kaggle/input/datasets/abdulmananraja/real-life-violence-situations/new_violence/violence/761.jpg,1,Anomaly
/kaggle/input/datasets/abdulmananraja/real-life-violence-situations/new_violence/non_violence/3508.jpg,0,Normal
/kaggle/input/datasets/abdulmananraja/real-life-violence-situations/new_violence/violence/1780.jpg,1,Anomaly
/kaggle/input/datasets/abdulmananraja/real-life-violence-situations/new_violence/non_violence/2593.jpg,0,Normal
/kaggle/input/datasets/abdulmananraja/real-life-violence-situations/new_violence/violence/2166.jpg,1,Anomaly
/kaggle/input/datasets/abdulmananraja/real-life-violence-situations/new_violence/violence/298.jpg,1,Anomaly
/kaggle/input/datasets/abdulmananraja/real-life-violence-situations/new_violence/non_violence/4262.jpg,0,Normal
/kaggle/input/datasets/abdulmananraja/real-life-violence-situations/new_violence/violence/4326.jpg,1,Anomaly
/kaggle/input/datasets/abdulmananraja/real-life-violence-situations/new_violence/non_violence/833.jpg,0,Normal
/kaggle/input/datasets/abdulmananraja/real-life-violence-situations/new_violence/non_violence/763.jpg,0,Normal
/kaggle/input/datasets/abdulmananraja/real-life-violence-situations/new_violence/violence/3511.jpg,1,Anomaly
/kaggle/input/datasets/abdulmananraja/real-life-violence-situations/new_violence/non_violence/1561.jpg,0,Normal
/kaggle/input/datasets/abdulmananraja/real-life-violence-situations/new_violence/violence/1190.jpg,1,Anomaly
/kaggle/input/datasets/abdulmananraja/real-life-violence-situations/new_violence/non_violence/5229.jpg,0,Normal
/kaggle/input/datasets/abdulmananraja/real-life-violence-situations/new_violence/violence/3103.jpg,1,Anomaly
/kaggle/input/datasets/abdulmananraja/real-life-violence-situations/new_violence/violence/1359.jpg,1,Anomaly
/kaggle/input/datasets/abdulmananraja/real-life-violence-situations/new_violence/violence/3896.jpg,1,Anomaly
/kaggle/input/datasets/abdulmananraja/real-life-violence-situations/new_violence/violence/4972.jpg,1,Anomaly
/kaggle/input/datasets/abdulmananraja/real-life-violence-situations/new_violence/non_violence/2727.jpg,0,Normal
/kaggle/input/datasets/abdulmananraja/real-life-violence-situations/new_violence/violence/3119.jpg,1,Anomaly
/kaggle/input/datasets/abdulmananraja/real-life-violence-situations/new_violence/non_violence/362.jpg,0,Normal
/kaggle/input/datasets/abdulmananraja/real-life-violence-situations/new_violence/non_violence/2804.jpg,0,Normal
/kaggle/input/datasets/abdulmananraja/real-life-violence-situations/new_violence/non_violence/502.jpg,0,Normal
/kaggle/input/datasets/abdulmananraja/real-life-violence-situations/new_violence/violence/1483.jpg,1,Anomaly
/kaggle/input/datasets/abdulmananraja/real-life-violence-situations/new_violence/non_violence/2538.jpg,0,Normal
/kaggle/input/datasets/abdulmananraja/real-life-violence-situations/new_violence/non_violence/2694.jpg,0,Normal
/kaggle/input/datasets/abdulmananraja/real-life-violence-situations/new_violence/violence/3691.jpg,1,Anomaly
/kaggle/input/datasets/abdulmananraja/real-life-violence-situations/new_violence/non_violence/2470.jpg,0,Normal
/kaggle/input/datasets/abdulmananraja/real-life-violence-situations/new_violence/non_violence/1493.jpg,0,Normal
/kaggle/input/datasets/abdulmananraja/real-life-violence-situations/new_violence/violence/5818.jpg,1,Anomaly
/kaggle/input/datasets/abdulmananraja/real-life-violence-situations/new_violence/non_violence/735.jpg,0,Normal
/kaggle/input/datasets/abdulmananraja/real-life-violence-situations/new_violence/non_violence/888.jpg,0,Normal
/kaggle/input/datasets/abdulmananraja/real-life-violence-situations/new_violence/non_violence/2641.jpg,0,Normal
/kaggle/input/datasets/abdulmananraja/real-life-violence-situations/new_violence/non_violence/826.jpg,0,Normal
/kaggle/input/datasets/abdulmananraja/real-life-violence-situations/new_violence/violence/5176.jpg,1,Anomaly
/kaggle/input/datasets/abdulmananraja/real-life-violence-situations/new_violence/non_violence/2485.jpg,0,Normal
/kaggle/input/datasets/abdulmananraja/real-life-violence-situations/new_violence/non_violence/2359.jpg,0,Normal
/kaggle/input/datasets/abdulmananraja/real-life-violence-situations/new_violence/violence/4485.jpg,1,Anomaly
/kaggle/input/datasets/abdulmananraja/real-life-violence-situations/new_violence/non_violence/1584.jpg,0,Normal
/kaggle/input/datasets/abdulmananraja/real-life-violence-situations/new_violence/violence/3146.jpg,1,Anomaly
/kaggle/input/datasets/abdulmananraja/real-life-violence-situations/new_violence/violence/2576.jpg,1,Anomaly
/kaggle/input/datasets/abdulmananraja/real-life-violence-situations/new_violence/non_violence/12.jpg,0,Normal
/kaggle/input/datasets/abdulmananraja/real-life-violence-situations/new_violence/violence/3354.jpg,1,Anomaly
/kaggle/input/datasets/abdulmananraja/real-life-violence-situations/new_violence/non_violence/368.jpg,0,Normal
/kaggle/input/datasets/abdulmananraja/real-life-violence-situations/new_violence/non_violence/3979.jpg,0,Normal
/kaggle/input/datasets/abdulmananraja/real-life-violence-situations/new_violence/non_violence/950.jpg,0,Normal
/kaggle/input/datasets/abdulmananraja/real-life-violence-situations/new_violence/violence/2307.jpg,1,Anomaly
/kaggle/input/datasets/abdulmananraja/real-life-violence-situations/new_violence/violence/4209.jpg,1,Anomaly
/kaggle/input/datasets/abdulmananraja/real-life-violence-situations/new_violence/non_violence/278.jpg,0,Normal
/kaggle/input/datasets/abdulmananraja/real-life-violence-situations/new_violence/non_violence/2058.jpg,0,Normal
/kaggle/input/datasets/abdulmananraja/real-life-violence-situations/new_violence/non_violence/2496.jpg,0,Normal
/kaggle/input/datasets/abdulmananraja/real-life-violence-situations/new_violence/violence/5589.jpg,1,Anomaly
/kaggle/input/datasets/abdulmananraja/real-life-violence-situations/new_violence/non_violence/4477.jpg,0,Normal
/kaggle/input/datasets/abdulmananraja/real-life-violence-situations/new_violence/non_violence/2449.jpg,0,Normal
/kaggle/input/datasets/abdulmananraja/real-life-violence-situations/new_violence/violence/2526.jpg,1,Anomaly
/kaggle/input/datasets/abdulmananraja/real-life-violence-situations/new_violence/non_violence/5158.jpg,0,Normal
/kaggle/input/datasets/abdulmananraja/real-life-violence-situations/new_violence/non_violence/2363.jpg,0,Normal
/kaggle/input/datasets/abdulmananraja/real-life-violence-situations/new_violence/violence/776.jpg,1,Anomaly
/kaggle/input/datasets/abdulmananraja/real-life-violence-situations/new_violence/violence/1492.jpg,1,Anomaly
/kaggle/input/datasets/abdulmananraja/real-life-violence-situations/new_violence/non_violence/2616.jpg,0,Normal
/kaggle/input/datasets/abdulmananraja/real-life-violence-situations/new_violence/violence/2664.jpg,1,Anomaly
/kaggle/input/datasets/abdulmananraja/real-life-violence-situations/new_violence/non_violence/2948.jpg,0,Normal
/kaggle/input/datasets/abdulmananraja/real-life-violence-situations/new_violence/violence/5749.jpg,1,Anomaly
/kaggle/input/datasets/abdulmananraja/real-life-violence-situations/new_violence/non_violence/2176.jpg,0,Normal
/kaggle/input/datasets/abdulmananraja/real-life-violence-situations/new_violence/violence/578.jpg,1,Anomaly
/kaggle/input/datasets/abdulmananraja/real-life-violence-situations/new_violence/violence/1085.jpg,1,Anomaly
/kaggle/input/datasets/abdulmananraja/real-life-violence-situations/new_violence/violence/2099.jpg,1,Anomaly
/kaggle/input/datasets/abdulmananraja/real-life-violence-situations/new_violence/non_violence/4325.jpg,0,Normal
/kaggle/input/datasets/abdulmananraja/real-life-violence-situations/new_violence/non_violence/27.jpg,0,Normal
/kaggle/input/datasets/abdulmananraja/real-life-violence-situations/new_violence/non_violence/31.jpg,0,Normal
/kaggle/input/datasets/abdulmananraja/real-life-violence-situations/new_violence/violence/1395.jpg,1,Anomaly
/kaggle/input/datasets/abdulmananraja/real-life-violence-situations/new_violence/violence/4421.jpg,1,Anomaly
/kaggle/input/datasets/abdulmananraja/real-life-violence-situations/new_violence/non_violence/2720.jpg,0,Normal
/kaggle/input/datasets/abdulmananraja/real-life-violence-situations/new_violence/violence/1768.jpg,1,Anomaly
/kaggle/input/datasets/abdulmananraja/real-life-violence-situations/new_violence/violence/4055.jpg,1,Anomaly
/kaggle/input/datasets/abdulmananraja/real-life-violence-situations/new_violence/non_violence/4032.jpg,0,Normal
/kaggle/input/datasets/abdulmananraja/real-life-violence-situations/new_violence/non_violence/1164.jpg,0,Normal
/kaggle/input/datasets/abdulmananraja/real-life-violence-situations/new_violence/violence/2248.jpg,1,Anomaly
/kaggle/input/datasets/abdulmananraja/real-life-violence-situations/new_violence/violence/5396.jpg,1,Anomaly
/kaggle/input/datasets/abdulmananraja/real-life-violence-situations/new_violence/non_violence/2427.jpg,0,Normal
/kaggle/input/datasets/abdulmananraja/real-life-violence-situations/new_violence/non_violence/2691.jpg,0,Normal
/kaggle/input/datasets/abdulmananraja/real-life-violence-situations/new_violence/non_violence/4486.jpg,0,Normal
/kaggle/input/datasets/abdulmananraja/real-life-violence-situations/new_violence/non_violence/3476.jpg,0,Normal
/kaggle/input/datasets/abdulmananraja/real-life-violence-situations/new_violence/non_violence/1460.jpg,0,Normal
/kaggle/input/datasets/abdulmananraja/real-life-violence-situations/new_violence/non_violence/214.jpg,0,Normal
/kaggle/input/datasets/abdulmananraja/real-life-violence-situations/new_violence/violence/4435.jpg,1,Anomaly
/kaggle/input/datasets/abdulmananraja/real-life-violence-situations/new_violence/non_violence/4875.jpg,0,Normal
/kaggle/input/datasets/abdulmananraja/real-life-violence-situations/new_violence/non_violence/1293.jpg,0,Normal
/kaggle/input/datasets/abdulmananraja/real-life-violence-situations/new_violence/violence/3230.jpg,1,Anomaly
/kaggle/input/datasets/abdulmananraja/real-life-violence-situations/new_violence/violence/2541.jpg,1,Anomaly
/kaggle/input/datasets/abdulmananraja/real-life-violence-situations/new_violence/violence/2689.jpg,1,Anomaly
/kaggle/input/datasets/abdulmananraja/real-life-violence-situations/new_violence/non_violence/1062.jpg,0,Normal
/kaggle/input/datasets/abdulmananraja/real-life-violence-situations/new_violence/non_violence/2136.jpg,0,Normal
/kaggle/input/datasets/abdulmananraja/real-life-violence-situations/new_violence/violence/936.jpg,1,Anomaly
/kaggle/input/datasets/abdulmananraja/real-life-violence-situations/new_violence/non_violence/2699.jpg,0,Normal
/kaggle/input/datasets/abdulmananraja/real-life-violence-situations/new_violence/violence/3013.jpg,1,Anomaly
/kaggle/input/datasets/abdulmananraja/real-life-violence-situations/new_violence/violence/2656.jpg,1,Anomaly
/kaggle/input/datasets/abdulmananraja/real-life-violence-situations/new_violence/non_violence/2271.jpg,0,Normal
/kaggle/input/datasets/abdulmananraja/real-life-violence-situations/new_violence/violence/435.jpg,1,Anomaly
/kaggle/input/datasets/abdulmananraja/real-life-violence-situations/new_violence/violence/3537.jpg,1,Anomaly
/kaggle/input/datasets/abdulmananraja/real-life-violence-situations/new_violence/non_violence/1830.jpg,0,Normal
/kaggle/input/datasets/abdulmananraja/real-life-violence-situations/new_violence/non_violence/3235.jpg,0,Normal
/kaggle/input/datasets/abdulmananraja/real-life-violence-situations/new_violence/non_violence/3480.jpg,0,Normal
/kaggle/input/datasets/abdulmananraja/real-life-violence-situations/new_violence/non_violence/3540.jpg,0,Normal
/kaggle/input/datasets/abdulmananraja/real-life-violence-situations/new_violence/non_violence/2668.jpg,0,Normal
/kaggle/input/datasets/abdulmananraja/real-life-violence-situations/new_violence/violence/5788.jpg,1,Anomaly
/kaggle/input/datasets/abdulmananraja/real-life-violence-situations/new_violence/non_violence/194.jpg,0,Normal
/kaggle/input/datasets/abdulmananraja/real-life-violence-situations/new_violence/violence/947.jpg,1,Anomaly
/kaggle/input/datasets/abdulmananraja/real-life-violence-situations/new_violence/violence/783.jpg,1,Anomaly
/kaggle/input/datasets/abdulmananraja/real-life-violence-situations/new_violence/non_violence/3344.jpg,0,Normal
/kaggle/input/datasets/abdulmananraja/real-life-violence-situations/new_violence/non_violence/1462.jpg,0,Normal
/kaggle/input/datasets/abdulmananraja/real-life-violence-situations/new_violence/violence/5564.jpg,1,Anomaly
/kaggle/input/datasets/abdulmananraja/real-life-violence-situations/new_violence/non_violence/5093.jpg,0,Normal
/kaggle/input/datasets/abdulmananraja/real-life-violence-situations/new_violence/violence/2437.jpg,1,Anomaly
/kaggle/input/datasets/abdulmananraja/real-life-violence-situations/new_violence/violence/669.jpg,1,Anomaly
/kaggle/input/datasets/abdulmananraja/real-life-violence-situations/new_violence/violence/795.jpg,1,Anomaly
/kaggle/input/datasets/abdulmananraja/real-life-violence-situations/new_violence/non_violence/4497.jpg,0,Normal
/kaggle/input/datasets/abdulmananraja/real-life-violence-situations/new_violence/violence/1630.jpg,1,Anomaly
/kaggle/input/datasets/abdulmananraja/real-life-violence-situations/new_violence/violence/4642.jpg,1,Anomaly
/kaggle/input/datasets/abdulmananraja/real-life-violence-situations/new_violence/non_violence/1692.jpg,0,Normal
/kaggle/input/datasets/abdulmananraja/real-life-violence-situations/new_violence/non_violence/17.jpg,0,Normal
/kaggle/input/datasets/abdulmananraja/real-life-violence-situations/new_violence/violence/5335.jpg,1,Anomaly
/kaggle/input/datasets/abdulmananraja/real-life-violence-situations/new_violence/violence/3610.jpg,1,Anomaly
/kaggle/input/datasets/abdulmananraja/real-life-violence-situations/new_violence/non_violence/2328.jpg,0,Normal
/kaggle/input/datasets/abdulmananraja/real-life-violence-situations/new_violence/non_violence/2086.jpg,0,Normal
/kaggle/input/datasets/abdulmananraja/real-life-violence-situations/new_violence/violence/5563.jpg,1,Anomaly
/kaggle/input/datasets/abdulmananraja/real-life-violence-situations/new_violence/violence/2595.jpg,1,Anomaly
/kaggle/input/datasets/abdulmananraja/real-life-violence-situations/new_violence/non_violence/2208.jpg,0,Normal
/kaggle/input/datasets/abdulmananraja/real-life-violence-situations/new_violence/non_violence/2316.jpg,0,Normal
/kaggle/input/datasets/abdulmananraja/real-life-violence-situations/new_violence/non_violence/1735.jpg,0,Normal
/kaggle/input/datasets/abdulmananraja/real-life-violence-situations/new_violence/violence/1659.jpg,1,Anomaly
/kaggle/input/datasets/abdulmananraja/real-life-violence-situations/new_violence/non_violence/993.jpg,0,Normal
/kaggle/input/datasets/abdulmananraja/real-life-violence-situations/new_violence/non_violence/283.jpg,0,Normal
/kaggle/input/datasets/abdulmananraja/real-life-violence-situations/new_violence/non_violence/4202.jpg,0,Normal
/kaggle/input/datasets/abdulmananraja/real-life-violence-situations/new_violence/non_violence/1532.jpg,0,Normal
/kaggle/input/datasets/abdulmananraja/real-life-violence-situations/new_violence/non_violence/1836.jpg,0,Normal
/kaggle/input/datasets/abdulmananraja/real-life-violence-situations/new_violence/non_violence/367.jpg,0,Normal
/kaggle/input/datasets/abdulmananraja/real-life-violence-situations/new_violence/violence/2109.jpg,1,Anomaly
/kaggle/input/datasets/abdulmananraja/real-life-violence-situations/new_violence/non_violence/3423.jpg,0,Normal
/kaggle/input/datasets/abdulmananraja/real-life-violence-situations/new_violence/non_violence/4638.jpg,0,Normal
/kaggle/input/datasets/abdulmananraja/real-life-violence-situations/new_violence/violence/2347.jpg,1,Anomaly
/kaggle/input/datasets/abdulmananraja/real-life-violence-situations/new_violence/violence/3006.jpg,1,Anomaly
/kaggle/input/datasets/abdulmananraja/real-life-violence-situations/new_violence/violence/3269.jpg,1,Anomaly
/kaggle/input/datasets/abdulmananraja/real-life-violence-situations/new_violence/non_violence/234.jpg,0,Normal
/kaggle/input/datasets/abdulmananraja/real-life-violence-situations/new_violence/violence/5410.jpg,1,Anomaly
/kaggle/input/datasets/abdulmananraja/real-life-violence-situations/new_violence/non_violence/1985.jpg,0,Normal
/kaggle/input/datasets/abdulmananraja/real-life-violence-situations/new_violence/non_violence/1533.jpg,0,Normal
/kaggle/input/datasets/abdulmananraja/real-life-violence-situations/new_violence/violence/1068.jpg,1,Anomaly
/kaggle/input/datasets/abdulmananraja/real-life-violence-situations/new_violence/violence/5457.jpg,1,Anomaly
/kaggle/input/datasets/abdulmananraja/real-life-violence-situations/new_violence/violence/81.jpg,1,Anomaly
/kaggle/input/datasets/abdulmananraja/real-life-violence-situations/new_violence/non_violence/989.jpg,0,Normal
/kaggle/input/datasets/abdulmananraja/real-life-violence-situations/new_violence/violence/5810.jpg,1,Anomaly
/kaggle/input/datasets/abdulmananraja/real-life-violence-situations/new_violence/violence/3443.jpg,1,Anomaly
/kaggle/input/datasets/abdulmananraja/real-life-violence-situations/new_violence/violence/4067.jpg,1,Anomaly
/kaggle/input/datasets/abdulmananraja/real-life-violence-situations/new_violence/non_violence/2728.jpg,0,Normal
/kaggle/input/datasets/abdulmananraja/real-life-violence-situations/new_violence/non_violence/4112.jpg,0,Normal
/kaggle/input/datasets/abdulmananraja/real-life-violence-situations/new_violence/violence/4929.jpg,1,Anomaly
/kaggle/input/datasets/abdulmananraja/real-life-violence-situations/new_violence/non_violence/500.jpg,0,Normal
/kaggle/input/datasets/abdulmananraja/real-life-violence-situations/new_violence/violence/1424.jpg,1,Anomaly
/kaggle/input/datasets/abdulmananraja/real-life-violence-situations/new_violence/violence/793.jpg,1,Anomaly
/kaggle/input/datasets/abdulmananraja/real-life-violence-situations/new_violence/violence/4590.jpg,1,Anomaly
/kaggle/input/datasets/abdulmananraja/real-life-violence-situations/new_violence/non_violence/137.jpg,0,Normal
/kaggle/input/datasets/abdulmananraja/real-life-violence-situations/new_violence/violence/1494.jpg,1,Anomaly
/kaggle/input/datasets/abdulmananraja/real-life-violence-situations/new_violence/violence/4829.jpg,1,Anomaly
/kaggle/input/datasets/abdulmananraja/real-life-violence-situations/new_violence/violence/228.jpg,1,Anomaly
/kaggle/input/datasets/abdulmananraja/real-life-violence-situations/new_violence/violence/3187.jpg,1,Anomaly
/kaggle/input/datasets/abdulmananraja/real-life-violence-situations/new_violence/non_violence/3944.jpg,0,Normal
/kaggle/input/datasets/abdulmananraja/real-life-violence-situations/new_violence/non_violence/1693.jpg,0,Normal
/kaggle/input/datasets/abdulmananraja/real-life-violence-situations/new_violence/violence/2480.jpg,1,Anomaly
/kaggle/input/datasets/abdulmananraja/real-life-violence-situations/new_violence/non_violence/1667.jpg,0,Normal
/kaggle/input/datasets/abdulmananraja/real-life-violence-situations/new_violence/non_violence/49.jpg,0,Normal
/kaggle/input/datasets/abdulmananraja/real-life-violence-situations/new_violence/non_violence/422.jpg,0,Normal
/kaggle/input/datasets/abdulmananraja/real-life-violence-situations/new_violence/non_violence/987.jpg,0,Normal
/kaggle/input/datasets/abdulmananraja/real-life-violence-situations/new_violence/non_violence/407.jpg,0,Normal
/kaggle/input/datasets/abdulmananraja/real-life-violence-situations/new_violence/violence/5569.jpg,1,Anomaly
/kaggle/input/datasets/abdulmananraja/real-life-violence-situations/new_violence/violence/5363.jpg,1,Anomaly
/kaggle/input/datasets/abdulmananraja/real-life-violence-situations/new_violence/non_violence/3136.jpg,0,Normal
/kaggle/input/datasets/abdulmananraja/real-life-violence-situations/new_violence/violence/1380.jpg,1,Anomaly
/kaggle/input/datasets/abdulmananraja/real-life-violence-situations/new_violence/violence/4115.jpg,1,Anomaly
/kaggle/input/datasets/abdulmananraja/real-life-violence-situations/new_violence/violence/3933.jpg,1,Anomaly
/kaggle/input/datasets/abdulmananraja/real-life-violence-situations/new_violence/violence/2261.jpg,1,Anomaly
/kaggle/input/datasets/abdulmananraja/real-life-violence-situations/new_violence/non_violence/2131.jpg,0,Normal
/kaggle/input/datasets/abdulmananraja/real-life-violence-situations/new_violence/non_violence/2781.jpg,0,Normal
/kaggle/input/datasets/abdulmananraja/real-life-violence-situations/new_violence/non_violence/1177.jpg,0,Normal
/kaggle/input/datasets/abdulmananraja/real-life-violence-situations/new_violence/violence/4139.jpg,1,Anomaly
/kaggle/input/datasets/abdulmananraja/real-life-violence-situations/new_violence/non_violence/781.jpg,0,Normal
/kaggle/input/datasets/abdulmananraja/real-life-violence-situations/new_violence/violence/372.jpg,1,Anomaly
/kaggle/input/datasets/abdulmananraja/real-life-violence-situations/new_violence/non_violence/860.jpg,0,Normal
/kaggle/input/datasets/abdulmananraja/real-life-violence-situations/new_violence/violence/1622.jpg,1,Anomaly
/kaggle/input/datasets/abdulmananraja/real-life-violence-situations/new_violence/violence/4657.jpg,1,Anomaly
/kaggle/input/datasets/abdulmananraja/real-life-violence-situations/new_violence/violence/33.jpg,1,Anomaly
/kaggle/input/datasets/abdulmananraja/real-life-violence-situations/new_violence/non_violence/3530.jpg,0,Normal
/kaggle/input/datasets/abdulmananraja/real-life-violence-situations/new_violence/non_violence/1116.jpg,0,Normal
/kaggle/input/datasets/abdulmananraja/real-life-violence-situations/new_violence/violence/142.jpg,1,Anomaly
/kaggle/input/datasets/abdulmananraja/real-life-violence-situations/new_violence/non_violence/973.jpg,0,Normal
/kaggle/input/datasets/abdulmananraja/real-life-violence-situations/new_violence/violence/5296.jpg,1,Anomaly
/kaggle/input/datasets/abdulmananraja/real-life-violence-situations/new_violence/violence/1785.jpg,1,Anomaly
/kaggle/input/datasets/abdulmananraja/real-life-violence-situations/new_violence/non_violence/4504.jpg,0,Normal
/kaggle/input/datasets/abdulmananraja/real-life-violence-situations/new_violence/violence/2388.jpg,1,Anomaly
/kaggle/input/datasets/abdulmananraja/real-life-violence-situations/new_violence/non_violence/4376.jpg,0,Normal
/kaggle/input/datasets/abdulmananraja/real-life-violence-situations/new_violence/violence/2225.jpg,1,Anomaly
/kaggle/input/datasets/abdulmananraja/real-life-violence-situations/new_violence/non_violence/2733.jpg,0,Normal
/kaggle/input/datasets/abdulmananraja/real-life-violence-situations/new_violence/non_violence/4210.jpg,0,Normal
/kaggle/input/datasets/abdulmananraja/real-life-violence-situations/new_violence/violence/55.jpg,1,Anomaly
/kaggle/input/datasets/abdulmananraja/real-life-violence-situations/new_violence/non_violence/1428.jpg,0,Normal
/kaggle/input/datasets/abdulmananraja/real-life-violence-situations/new_violence/violence/5181.jpg,1,Anomaly
/kaggle/input/datasets/abdulmananraja/real-life-violence-situations/new_violence/violence/3738.jpg,1,Anomaly
/kaggle/input/datasets/abdulmananraja/real-life-violence-situations/new_violence/violence/2048.jpg,1,Anomaly
/kaggle/input/datasets/abdulmananraja/real-life-violence-situations/new_violence/non_violence/340.jpg,0,Normal
/kaggle/input/datasets/abdulmananraja/real-life-violence-situations/new_violence/violence/3559.jpg,1,Anomaly
/kaggle/input/datasets/abdulmananraja/real-life-violence-situations/new_violence/non_violence/276.jpg,0,Normal
/kaggle/input/datasets/abdulmananraja/real-life-violence-situations/new_violence/non_violence/5215.jpg,0,Normal
/kaggle/input/datasets/abdulmananraja/real-life-violence-situations/new_violence/violence/759.jpg,1,Anomaly
/kaggle/input/datasets/abdulmananraja/real-life-violence-situations/new_violence/non_violence/4081.jpg,0,Normal
/kaggle/input/datasets/abdulmananraja/real-life-violence-situations/new_violence/non_violence/101.jpg,0,Normal
/kaggle/input/datasets/abdulmananraja/real-life-violence-situations/new_violence/non_violence/4669.jpg,0,Normal
/kaggle/input/datasets/abdulmananraja/real-life-violence-situations/new_violence/non_violence/5038.jpg,0,Normal
/kaggle/input/datasets/abdulmananraja/real-life-violence-situations/new_violence/non_violence/3636.jpg,0,Normal
/kaggle/input/datasets/abdulmananraja/real-life-violence-situations/new_violence/non_violence/4120.jpg,0,Normal
/kaggle/input/datasets/abdulmananraja/real-life-violence-situations/new_violence/non_violence/2127.jpg,0,Normal
/kaggle/input/datasets/abdulmananraja/real-life-violence-situations/new_violence/non_violence/1454.jpg,0,Normal
/kaggle/input/datasets/abdulmananraja/real-life-violence-situations/new_violence/violence/1876.jpg,1,Anomaly
/kaggle/input/datasets/abdulmananraja/real-life-violence-situations/new_violence/violence/4496.jpg,1,Anomaly
/kaggle/input/datasets/abdulmananraja/real-life-violence-situations/new_violence/non_violence/1607.jpg,0,Normal
/kaggle/input/datasets/abdulmananraja/real-life-violence-situations/new_violence/violence/5412.jpg,1,Anomaly
/kaggle/input/datasets/abdulmananraja/real-life-violence-situations/new_violence/non_violence/655.jpg,0,Normal
/kaggle/input/datasets/abdulmananraja/real-life-violence-situations/new_violence/violence/572.jpg,1,Anomaly
/kaggle/input/datasets/abdulmananraja/real-life-violence-situations/new_violence/non_violence/2725.jpg,0,Normal
/kaggle/input/datasets/abdulmananraja/real-life-violence-situations/new_violence/violence/1665.jpg,1,Anomaly
/kaggle/input/datasets/abdulmananraja/real-life-violence-situations/new_violence/violence/3934.jpg,1,Anomaly
/kaggle/input/datasets/abdulmananraja/real-life-violence-situations/new_violence/non_violence/2450.jpg,0,Normal
/kaggle/input/datasets/abdulmananraja/real-life-violence-situations/new_violence/violence/2817.jpg,1,Anomaly
/kaggle/input/datasets/abdulmananraja/real-life-violence-situations/new_violence/violence/3321.jpg,1,Anomaly
/kaggle/input/datasets/abdulmananraja/real-life-violence-situations/new_violence/non_violence/3246.jpg,0,Normal
/kaggle/input/datasets/abdulmananraja/real-life-violence-situations/new_violence/non_violence/218.jpg,0,Normal
/kaggle/input/datasets/abdulmananraja/real-life-violence-situations/new_violence/non_violence/2761.jpg,0,Normal
/kaggle/input/datasets/abdulmananraja/real-life-violence-situations/new_violence/non_violence/3820.jpg,0,Normal
/kaggle/input/datasets/abdulmananraja/real-life-violence-situations/new_violence/violence/1632.jpg,1,Anomaly
/kaggle/input/datasets/abdulmananraja/real-life-violence-situations/new_violence/non_violence/2871.jpg,0,Normal
/kaggle/input/datasets/abdulmananraja/real-life-violence-situations/new_violence/non_violence/3149.jpg,0,Normal
/kaggle/input/datasets/abdulmananraja/real-life-violence-situations/new_violence/violence/4460.jpg,1,Anomaly
/kaggle/input/datasets/abdulmananraja/real-life-violence-situations/new_violence/non_violence/4572.jpg,0,Normal
/kaggle/input/datasets/abdulmananraja/real-life-violence-situations/new_violence/violence/183.jpg,1,Anomaly
/kaggle/input/datasets/abdulmananraja/real-life-violence-situations/new_violence/violence/640.jpg,1,Anomaly
/kaggle/input/datasets/abdulmananraja/real-life-violence-situations/new_violence/violence/1633.jpg,1,Anomaly
/kaggle/input/datasets/abdulmananraja/real-life-violence-situations/new_violence/non_violence/4090.jpg,0,Normal
/kaggle/input/datasets/abdulmananraja/real-life-violence-situations/new_violence/violence/2629.jpg,1,Anomaly
/kaggle/input/datasets/abdulmananraja/real-life-violence-situations/new_violence/non_violence/3714.jpg,0,Normal
/kaggle/input/datasets/abdulmananraja/real-life-violence-situations/new_violence/violence/445.jpg,1,Anomaly
/kaggle/input/datasets/abdulmananraja/real-life-violence-situations/new_violence/violence/4415.jpg,1,Anomaly
/kaggle/input/datasets/abdulmananraja/real-life-violence-situations/new_violence/non_violence/575.jpg,0,Normal
/kaggle/input/datasets/abdulmananraja/real-life-violence-situations/new_violence/non_violence/2981.jpg,0,Normal
/kaggle/input/datasets/abdulmananraja/real-life-violence-situations/new_violence/non_violence/621.jpg,0,Normal
/kaggle/input/datasets/abdulmananraja/real-life-violence-situations/new_violence/non_violence/2817.jpg,0,Normal
/kaggle/input/datasets/abdulmananraja/real-life-violence-situations/new_violence/violence/2984.jpg,1,Anomaly
/kaggle/input/datasets/abdulmananraja/real-life-violence-situations/new_violence/violence/3721.jpg,1,Anomaly
/kaggle/input/datasets/abdulmananraja/real-life-violence-situations/new_violence/non_violence/4483.jpg,0,Normal
/kaggle/input/datasets/abdulmananraja/real-life-violence-situations/new_violence/violence/1679.jpg,1,Anomaly
/kaggle/input/datasets/abdulmananraja/real-life-violence-situations/new_violence/non_violence/4152.jpg,0,Normal
/kaggle/input/datasets/abdulmananraja/real-life-violence-situations/new_violence/violence/1048.jpg,1,Anomaly
/kaggle/input/datasets/abdulmananraja/real-life-violence-situations/new_violence/non_violence/1300.jpg,0,Normal
/kaggle/input/datasets/abdulmananraja/real-life-violence-situations/new_violence/non_violence/4293.jpg,0,Normal
/kaggle/input/datasets/abdulmananraja/real-life-violence-situations/new_violence/non_violence/4941.jpg,0,Normal
/kaggle/input/datasets/abdulmananraja/real-life-violence-situations/new_violence/non_violence/1802.jpg,0,Normal
/kaggle/input/datasets/abdulmananraja/real-life-violence-situations/new_violence/non_violence/4817.jpg,0,Normal
/kaggle/input/datasets/abdulmananraja/real-life-violence-situations/new_violence/non_violence/1854.jpg,0,Normal
/kaggle/input/datasets/abdulmananraja/real-life-violence-situations/new_violence/violence/4379.jpg,1,Anomaly
/kaggle/input/datasets/abdulmananraja/real-life-violence-situations/new_violence/non_violence/3690.jpg,0,Normal
/kaggle/input/datasets/abdulmananraja/real-life-violence-situations/new_violence/violence/3992.jpg,1,Anomaly
/kaggle/input/datasets/abdulmananraja/real-life-violence-situations/new_violence/violence/2714.jpg,1,Anomaly
/kaggle/input/datasets/abdulmananraja/real-life-violence-situations/new_violence/violence/634.jpg,1,Anomaly
/kaggle/input/datasets/abdulmananraja/real-life-violence-situations/new_violence/violence/2469.jpg,1,Anomaly
/kaggle/input/datasets/abdulmananraja/real-life-violence-situations/new_violence/violence/165.jpg,1,Anomaly
/kaggle/input/datasets/abdulmananraja/real-life-violence-situations/new_violence/violence/5058.jpg,1,Anomaly
/kaggle/input/datasets/abdulmananraja/real-life-violence-situations/new_violence/non_violence/1845.jpg,0,Normal
/kaggle/input/datasets/abdulmananraja/real-life-violence-situations/new_violence/non_violence/4006.jpg,0,Normal
/kaggle/input/datasets/abdulmananraja/real-life-violence-situations/new_violence/non_violence/4587.jpg,0,Normal
/kaggle/input/datasets/abdulmananraja/real-life-violence-situations/new_violence/violence/2983.jpg,1,Anomaly
/kaggle/input/datasets/abdulmananraja/real-life-violence-situations/new_violence/violence/583.jpg,1,Anomaly
/kaggle/input/datasets/abdulmananraja/real-life-violence-situations/new_violence/violence/1506.jpg,1,Anomaly
/kaggle/input/datasets/abdulmananraja/real-life-violence-situations/new_violence/violence/4858.jpg,1,Anomaly
/kaggle/input/datasets/abdulmananraja/real-life-violence-situations/new_violence/non_violence/1326.jpg,0,Normal
/kaggle/input/datasets/abdulmananraja/real-life-violence-situations/new_violence/non_violence/1084.jpg,0,Normal
/kaggle/input/datasets/abdulmananraja/real-life-violence-situations/new_violence/non_violence/722.jpg,0,Normal
/kaggle/input/datasets/abdulmananraja/real-life-violence-situations/new_violence/violence/3700.jpg,1,Anomaly
/kaggle/input/datasets/abdulmananraja/real-life-violence-situations/new_violence/non_violence/2013.jpg,0,Normal
/kaggle/input/datasets/abdulmananraja/real-life-violence-situations/new_violence/non_violence/1312.jpg,0,Normal
/kaggle/input/datasets/abdulmananraja/real-life-violence-situations/new_violence/non_violence/2580.jpg,0,Normal
/kaggle/input/datasets/abdulmananraja/real-life-violence-situations/new_violence/non_violence/251.jpg,0,Normal
/kaggle/input/datasets/abdulmananraja/real-life-violence-situations/new_violence/non_violence/872.jpg,0,Normal
/kaggle/input/datasets/abdulmananraja/real-life-violence-situations/new_violence/non_violence/4337.jpg,0,Normal
/kaggle/input/datasets/abdulmananraja/real-life-violence-situations/new_violence/violence/5403.jpg,1,Anomaly
/kaggle/input/datasets/abdulmananraja/real-life-violence-situations/new_violence/violence/4001.jpg,1,Anomaly
/kaggle/input/datasets/abdulmananraja/real-life-violence-situations/new_violence/violence/2662.jpg,1,Anomaly
/kaggle/input/datasets/abdulmananraja/real-life-violence-situations/new_violence/violence/3116.jpg,1,Anomaly
/kaggle/input/datasets/abdulmananraja/real-life-violence-situations/new_violence/non_violence/4058.jpg,0,Normal
/kaggle/input/datasets/abdulmananraja/real-life-violence-situations/new_violence/non_violence/2486.jpg,0,Normal
/kaggle/input/datasets/abdulmananraja/real-life-violence-situations/new_violence/non_violence/3326.jpg,0,Normal
/kaggle/input/datasets/abdulmananraja/real-life-violence-situations/new_violence/non_violence/411.jpg,0,Normal
/kaggle/input/datasets/abdulmananraja/real-life-violence-situations/new_violence/non_violence/611.jpg,0,Normal
/kaggle/input/datasets/abdulmananraja/real-life-violence-situations/new_violence/violence/5500.jpg,1,Anomaly
/kaggle/input/datasets/abdulmananraja/real-life-violence-situations/new_violence/non_violence/4082.jpg,0,Normal
/kaggle/input/datasets/abdulmananraja/real-life-violence-situations/new_violence/non_violence/135.jpg,0,Normal
/kaggle/input/datasets/abdulmananraja/real-life-violence-situations/new_violence/non_violence/2647.jpg,0,Normal
/kaggle/input/datasets/abdulmananraja/real-life-violence-situations/new_violence/non_violence/443.jpg,0,Normal
/kaggle/input/datasets/abdulmananraja/real-life-violence-situations/new_violence/non_violence/1696.jpg,0,Normal
/kaggle/input/datasets/abdulmananraja/real-life-violence-situations/new_violence/non_violence/586.jpg,0,Normal
/kaggle/input/datasets/abdulmananraja/real-life-violence-situations/new_violence/violence/3084.jpg,1,Anomaly
/kaggle/input/datasets/abdulmananraja/real-life-violence-situations/new_violence/non_violence/2628.jpg,0,Normal
/kaggle/input/datasets/abdulmananraja/real-life-violence-situations/new_violence/violence/3916.jpg,1,Anomaly
/kaggle/input/datasets/abdulmananraja/real-life-violence-situations/new_violence/non_violence/4526.jpg,0,Normal
/kaggle/input/datasets/abdulmananraja/real-life-violence-situations/new_violence/violence/4630.jpg,1,Anomaly
/kaggle/input/datasets/abdulmananraja/real-life-violence-situations/new_violence/non_violence/607.jpg,0,Normal
/kaggle/input/datasets/abdulmananraja/real-life-violence-situations/new_violence/non_violence/2459.jpg,0,Normal
/kaggle/input/datasets/abdulmananraja/real-life-violence-situations/new_violence/violence/1220.jpg,1,Anomaly
/kaggle/input/datasets/abdulmananraja/real-life-violence-situations/new_violence/non_violence/3061.jpg,0,Normal
/kaggle/input/datasets/abdulmananraja/real-life-violence-situations/new_violence/violence/5508.jpg,1,Anomaly
/kaggle/input/datasets/abdulmananraja/real-life-violence-situations/new_violence/violence/5385.jpg,1,Anomaly
/kaggle/input/datasets/abdulmananraja/real-life-violence-situations/new_violence/violence/2524.jpg,1,Anomaly
/kaggle/input/datasets/abdulmananraja/real-life-violence-situations/new_violence/violence/2980.jpg,1,Anomaly
/kaggle/input/datasets/abdulmananraja/real-life-violence-situations/new_violence/non_violence/3421.jpg,0,Normal
/kaggle/input/datasets/abdulmananraja/real-life-violence-situations/new_violence/violence/1668.jpg,1,Anomaly
/kaggle/input/datasets/abdulmananraja/real-life-violence-situations/new_violence/violence/1493.jpg,1,Anomaly
/kaggle/input/datasets/abdulmananraja/real-life-violence-situations/new_violence/violence/2083.jpg,1,Anomaly
/kaggle/input/datasets/abdulmananraja/real-life-violence-situations/new_violence/violence/3201.jpg,1,Anomaly
/kaggle/input/datasets/abdulmananraja/real-life-violence-situations/new_violence/violence/4804.jpg,1,Anomaly
/kaggle/input/datasets/abdulmananraja/real-life-violence-situations/new_violence/non_violence/1952.jpg,0,Normal
/kaggle/input/datasets/abdulmananraja/real-life-violence-situations/new_violence/violence/5748.jpg,1,Anomaly
/kaggle/input/datasets/abdulmananraja/real-life-violence-situations/new_violence/violence/4991.jpg,1,Anomaly
/kaggle/input/datasets/abdulmananraja/real-life-violence-situations/new_violence/violence/3818.jpg,1,Anomaly
/kaggle/input/datasets/abdulmananraja/real-life-violence-situations/new_violence/non_violence/2026.jpg,0,Normal
/kaggle/input/datasets/abdulmananraja/real-life-violence-situations/new_violence/violence/702.jpg,1,Anomaly
/kaggle/input/datasets/abdulmananraja/real-life-violence-situations/new_violence/non_violence/90.jpg,0,Normal
/kaggle/input/datasets/abdulmananraja/real-life-violence-situations/new_violence/non_violence/1054.jpg,0,Normal
/kaggle/input/datasets/abdulmananraja/real-life-violence-situations/new_violence/non_violence/3371.jpg,0,Normal
/kaggle/input/datasets/abdulmananraja/real-life-violence-situations/new_violence/non_violence/902.jpg,0,Normal
/kaggle/input/datasets/abdulmananraja/real-life-violence-situations/new_violence/violence/777.jpg,1,Anomaly
/kaggle/input/datasets/abdulmananraja/real-life-violence-situations/new_violence/non_violence/966.jpg,0,Normal
/kaggle/input/datasets/abdulmananraja/real-life-violence-situations/new_violence/non_violence/3043.jpg,0,Normal
/kaggle/input/datasets/abdulmananraja/real-life-violence-situations/new_violence/non_violence/2856.jpg,0,Normal
/kaggle/input/datasets/abdulmananraja/real-life-violence-situations/new_violence/non_violence/4415.jpg,0,Normal
/kaggle/input/datasets/abdulmananraja/real-life-violence-situations/new_violence/violence/3352.jpg,1,Anomaly
/kaggle/input/datasets/abdulmananraja/real-life-violence-situations/new_violence/violence/2904.jpg,1,Anomaly
/kaggle/input/datasets/abdulmananraja/real-life-violence-situations/new_violence/non_violence/4.jpg,0,Normal
/kaggle/input/datasets/abdulmananraja/real-life-violence-situations/new_violence/non_violence/4327.jpg,0,Normal
/kaggle/input/datasets/abdulmananraja/real-life-violence-situations/new_violence/violence/3289.jpg,1,Anomaly
/kaggle/input/datasets/abdulmananraja/real-life-violence-situations/new_violence/violence/1524.jpg,1,Anomaly
/kaggle/input/datasets/abdulmananraja/real-life-violence-situations/new_violence/violence/3181.jpg,1,Anomaly
/kaggle/input/datasets/abdulmananraja/real-life-violence-situations/new_violence/violence/1896.jpg,1,Anomaly
/kaggle/input/datasets/abdulmananraja/real-life-violence-situations/new_violence/non_violence/1728.jpg,0,Normal
/kaggle/input/datasets/abdulmananraja/real-life-violence-situations/new_violence/non_violence/693.jpg,0,Normal
/kaggle/input/datasets/abdulmananraja/real-life-violence-situations/new_violence/non_violence/3186.jpg,0,Normal
/kaggle/input/datasets/abdulmananraja/real-life-violence-situations/new_violence/violence/415.jpg,1,Anomaly
/kaggle/input/datasets/abdulmananraja/real-life-violence-situations/new_violence/violence/2112.jpg,1,Anomaly
/kaggle/input/datasets/abdulmananraja/real-life-violence-situations/new_violence/non_violence/2295.jpg,0,Normal
/kaggle/input/datasets/abdulmananraja/real-life-violence-situations/new_violence/violence/4013.jpg,1,Anomaly
/kaggle/input/datasets/abdulmananraja/real-life-violence-situations/new_violence/non_violence/912.jpg,0,Normal
/kaggle/input/datasets/abdulmananraja/real-life-violence-situations/new_violence/violence/1847.jpg,1,Anomaly
/kaggle/input/datasets/abdulmananraja/real-life-violence-situations/new_violence/violence/3783.jpg,1,Anomaly
/kaggle/input/datasets/abdulmananraja/real-life-violence-situations/new_violence/non_violence/4732.jpg,0,Normal
/kaggle/input/datasets/abdulmananraja/real-life-violence-situations/new_violence/violence/1653.jpg,1,Anomaly
/kaggle/input/datasets/abdulmananraja/real-life-violence-situations/new_violence/non_violence/1996.jpg,0,Normal
/kaggle/input/datasets/abdulmananraja/real-life-violence-situations/new_violence/violence/3107.jpg,1,Anomaly
/kaggle/input/datasets/abdulmananraja/real-life-violence-situations/new_violence/non_violence/2288.jpg,0,Normal
/kaggle/input/datasets/abdulmananraja/real-life-violence-situations/new_violence/violence/3147.jpg,1,Anomaly
/kaggle/input/datasets/abdulmananraja/real-life-violence-situations/new_violence/violence/2125.jpg,1,Anomaly
/kaggle/input/datasets/abdulmananraja/real-life-violence-situations/new_violence/violence/1641.jpg,1,Anomaly
/kaggle/input/datasets/abdulmananraja/real-life-violence-situations/new_violence/violence/733.jpg,1,Anomaly
/kaggle/input/datasets/abdulmananraja/real-life-violence-situations/new_violence/violence/2384.jpg,1,Anomaly
/kaggle/input/datasets/abdulmananraja/real-life-violence-situations/new_violence/non_violence/322.jpg,0,Normal
/kaggle/input/datasets/abdulmananraja/real-life-violence-situations/new_violence/violence/5767.jpg,1,Anomaly
/kaggle/input/datasets/abdulmananraja/real-life-violence-situations/new_violence/violence/4309.jpg,1,Anomaly
/kaggle/input/datasets/abdulmananraja/real-life-violence-situations/new_violence/non_violence/1811.jpg,0,Normal
/kaggle/input/datasets/abdulmananraja/real-life-violence-situations/new_violence/violence/4849.jpg,1,Anomaly
/kaggle/input/datasets/abdulmananraja/real-life-violence-situations/new_violence/non_violence/481.jpg,0,Normal
/kaggle/input/datasets/abdulmananraja/real-life-violence-situations/new_violence/violence/5320.jpg,1,Anomaly
/kaggle/input/datasets/abdulmananraja/real-life-violence-situations/new_violence/non_violence/41.jpg,0,Normal
/kaggle/input/datasets/abdulmananraja/real-life-violence-situations/new_violence/non_violence/1219.jpg,0,Normal
/kaggle/input/datasets/abdulmananraja/real-life-violence-situations/new_violence/violence/3214.jpg,1,Anomaly
/kaggle/input/datasets/abdulmananraja/real-life-violence-situations/new_violence/violence/2634.jpg,1,Anomaly
/kaggle/input/datasets/abdulmananraja/real-life-violence-situations/new_violence/non_violence/297.jpg,0,Normal
/kaggle/input/datasets/abdulmananraja/real-life-violence-situations/new_violence/non_violence/1148.jpg,0,Normal
/kaggle/input/datasets/abdulmananraja/real-life-violence-situations/new_violence/violence/3065.jpg,1,Anomaly
/kaggle/input/datasets/abdulmananraja/real-life-violence-situations/new_violence/non_violence/1040.jpg,0,Normal
/kaggle/input/datasets/abdulmananraja/real-life-violence-situations/new_violence/non_violence/2560.jpg,0,Normal
/kaggle/input/datasets/abdulmananraja/real-life-violence-situations/new_violence/non_violence/2734.jpg,0,Normal
/kaggle/input/datasets/abdulmananraja/real-life-violence-situations/new_violence/violence/687.jpg,1,Anomaly
/kaggle/input/datasets/abdulmananraja/real-life-violence-situations/new_violence/non_violence/1398.jpg,0,Normal
/kaggle/input/datasets/abdulmananraja/real-life-violence-situations/new_violence/violence/4368.jpg,1,Anomaly
/kaggle/input/datasets/abdulmananraja/real-life-violence-situations/new_violence/violence/4409.jpg,1,Anomaly
/kaggle/input/datasets/abdulmananraja/real-life-violence-situations/new_violence/violence/4650.jpg,1,Anomaly
/kaggle/input/datasets/abdulmananraja/real-life-violence-situations/new_violence/non_violence/526.jpg,0,Normal
/kaggle/input/datasets/abdulmananraja/real-life-violence-situations/new_violence/non_violence/3912.jpg,0,Normal
/kaggle/input/datasets/abdulmananraja/real-life-violence-situations/new_violence/non_violence/3610.jpg,0,Normal
/kaggle/input/datasets/abdulmananraja/real-life-violence-situations/new_violence/non_violence/4248.jpg,0,Normal
/kaggle/input/datasets/abdulmananraja/real-life-violence-situations/new_violence/non_violence/3014.jpg,0,Normal
/kaggle/input/datasets/abdulmananraja/real-life-violence-situations/new_violence/violence/5018.jpg,1,Anomaly
/kaggle/input/datasets/abdulmananraja/real-life-violence-situations/new_violence/violence/4039.jpg,1,Anomaly
/kaggle/input/datasets/abdulmananraja/real-life-violence-situations/new_violence/violence/5154.jpg,1,Anomaly
/kaggle/input/datasets/abdulmananraja/real-life-violence-situations/new_violence/violence/4487.jpg,1,Anomaly
/kaggle/input/datasets/abdulmananraja/real-life-violence-situations/new_violence/violence/1863.jpg,1,Anomaly
/kaggle/input/datasets/abdulmananraja/real-life-violence-situations/new_violence/non_violence/628.jpg,0,Normal
/kaggle/input/datasets/abdulmananraja/real-life-violence-situations/new_violence/non_violence/2468.jpg,0,Normal
/kaggle/input/datasets/abdulmananraja/real-life-violence-situations/new_violence/non_violence/1284.jpg,0,Normal
/kaggle/input/datasets/abdulmananraja/real-life-violence-situations/new_violence/violence/77.jpg,1,Anomaly
/kaggle/input/datasets/abdulmananraja/real-life-violence-situations/new_violence/violence/19.jpg,1,Anomaly
/kaggle/input/datasets/abdulmananraja/real-life-violence-situations/new_violence/violence/3387.jpg,1,Anomaly
/kaggle/input/datasets/abdulmananraja/real-life-violence-situations/new_violence/violence/5465.jpg,1,Anomaly
/kaggle/input/datasets/abdulmananraja/real-life-violence-situations/new_violence/non_violence/4392.jpg,0,Normal
/kaggle/input/datasets/abdulmananraja/real-life-violence-situations/new_violence/violence/2356.jpg,1,Anomaly
/kaggle/input/datasets/abdulmananraja/real-life-violence-situations/new_violence/violence/4387.jpg,1,Anomaly
/kaggle/input/datasets/abdulmananraja/real-life-violence-situations/new_violence/violence/3069.jpg,1,Anomaly
/kaggle/input/datasets/abdulmananraja/real-life-violence-situations/new_violence/violence/188.jpg,1,Anomaly
/kaggle/input/datasets/abdulmananraja/real-life-violence-situations/new_violence/non_violence/3827.jpg,0,Normal
/kaggle/input/datasets/abdulmananraja/real-life-violence-situations/new_violence/non_violence/4219.jpg,0,Normal
/kaggle/input/datasets/abdulmananraja/real-life-violence-situations/new_violence/non_violence/957.jpg,0,Normal
/kaggle/input/datasets/abdulmananraja/real-life-violence-situations/new_violence/violence/2674.jpg,1,Anomaly
/kaggle/input/datasets/abdulmananraja/real-life-violence-situations/new_violence/violence/1986.jpg,1,Anomaly
/kaggle/input/datasets/abdulmananraja/real-life-violence-situations/new_violence/non_violence/5010.jpg,0,Normal
/kaggle/input/datasets/abdulmananraja/real-life-violence-situations/new_violence/violence/4779.jpg,1,Anomaly
/kaggle/input/datasets/abdulmananraja/real-life-violence-situations/new_violence/violence/620.jpg,1,Anomaly
/kaggle/input/datasets/abdulmananraja/real-life-violence-situations/new_violence/non_violence/2222.jpg,0,Normal
/kaggle/input/datasets/abdulmananraja/real-life-violence-situations/new_violence/non_violence/2236.jpg,0,Normal
/kaggle/input/datasets/abdulmananraja/real-life-violence-situations/new_violence/violence/951.jpg,1,Anomaly
/kaggle/input/datasets/abdulmananraja/real-life-violence-situations/new_violence/violence/4533.jpg,1,Anomaly
/kaggle/input/datasets/abdulmananraja/real-life-violence-situations/new_violence/violence/380.jpg,1,Anomaly
/kaggle/input/datasets/abdulmananraja/real-life-violence-situations/new_violence/violence/5836.jpg,1,Anomaly
/kaggle/input/datasets/abdulmananraja/real-life-violence-situations/new_violence/non_violence/1580.jpg,0,Normal
/kaggle/input/datasets/abdulmananraja/real-life-violence-situations/new_violence/violence/354.jpg,1,Anomaly
/kaggle/input/datasets/abdulmananraja/real-life-violence-situations/new_violence/non_violence/3611.jpg,0,Normal
/kaggle/input/datasets/abdulmananraja/real-life-violence-situations/new_violence/violence/2102.jpg,1,Anomaly
/kaggle/input/datasets/abdulmananraja/real-life-violence-situations/new_violence/violence/2879.jpg,1,Anomaly
/kaggle/input/datasets/abdulmananraja/real-life-violence-situations/new_violence/violence/2573.jpg,1,Anomaly
/kaggle/input/datasets/abdulmananraja/real-life-violence-situations/new_violence/non_violence/1520.jpg,0,Normal
/kaggle/input/datasets/abdulmananraja/real-life-violence-situations/new_violence/non_violence/3911.jpg,0,Normal
/kaggle/input/datasets/abdulmananraja/real-life-violence-situations/new_violence/non_violence/3706.jpg,0,Normal
/kaggle/input/datasets/abdulmananraja/real-life-violence-situations/new_violence/non_violence/1971.jpg,0,Normal
/kaggle/input/datasets/abdulmananraja/real-life-violence-situations/new_violence/non_violence/3958.jpg,0,Normal
/kaggle/input/datasets/abdulmananraja/real-life-violence-situations/new_violence/violence/3752.jpg,1,Anomaly
/kaggle/input/datasets/abdulmananraja/real-life-violence-situations/new_violence/non_violence/2158.jpg,0,Normal
/kaggle/input/datasets/abdulmananraja/real-life-violence-situations/new_violence/non_violence/1221.jpg,0,Normal
/kaggle/input/datasets/abdulmananraja/real-life-violence-situations/new_violence/violence/2751.jpg,1,Anomaly
/kaggle/input/datasets/abdulmananraja/real-life-violence-situations/new_violence/violence/5254.jpg,1,Anomaly
/kaggle/input/datasets/abdulmananraja/real-life-violence-situations/new_violence/non_violence/3641.jpg,0,Normal
/kaggle/input/datasets/abdulmananraja/real-life-violence-situations/new_violence/violence/5379.jpg,1,Anomaly
/kaggle/input/datasets/abdulmananraja/real-life-violence-situations/new_violence/violence/1992.jpg,1,Anomaly
/kaggle/input/datasets/abdulmananraja/real-life-violence-situations/new_violence/violence/3680.jpg,1,Anomaly
/kaggle/input/datasets/abdulmananraja/real-life-violence-situations/new_violence/violence/2155.jpg,1,Anomaly
/kaggle/input/datasets/abdulmananraja/real-life-violence-situations/new_violence/violence/502.jpg,1,Anomaly
/kaggle/input/datasets/abdulmananraja/real-life-violence-situations/new_violence/non_violence/4351.jpg,0,Normal
/kaggle/input/datasets/abdulmananraja/real-life-violence-situations/new_violence/non_violence/4836.jpg,0,Normal
/kaggle/input/datasets/abdulmananraja/real-life-violence-situations/new_violence/non_violence/672.jpg,0,Normal
/kaggle/input/datasets/abdulmananraja/real-life-violence-situations/new_violence/non_violence/4407.jpg,0,Normal
/kaggle/input/datasets/abdulmananraja/real-life-violence-situations/new_violence/violence/1386.jpg,1,Anomaly
/kaggle/input/datasets/abdulmananraja/real-life-violence-situations/new_violence/non_violence/463.jpg,0,Normal
/kaggle/input/datasets/abdulmananraja/real-life-violence-situations/new_violence/non_violence/4510.jpg,0,Normal
/kaggle/input/datasets/abdulmananraja/real-life-violence-situations/new_violence/non_violence/823.jpg,0,Normal
/kaggle/input/datasets/abdulmananraja/real-life-violence-situations/new_violence/violence/4653.jpg,1,Anomaly
/kaggle/input/datasets/abdulmananraja/real-life-violence-situations/new_violence/violence/536.jpg,1,Anomaly
/kaggle/input/datasets/abdulmananraja/real-life-violence-situations/new_violence/non_violence/389.jpg,0,Normal
/kaggle/input/datasets/abdulmananraja/real-life-violence-situations/new_violence/non_violence/733.jpg,0,Normal
/kaggle/input/datasets/abdulmananraja/real-life-violence-situations/new_violence/violence/1940.jpg,1,Anomaly
/kaggle/input/datasets/abdulmananraja/real-life-violence-situations/new_violence/violence/1414.jpg,1,Anomaly
/kaggle/input/datasets/abdulmananraja/real-life-violence-situations/new_violence/violence/5194.jpg,1,Anomaly
/kaggle/input/datasets/abdulmananraja/real-life-violence-situations/new_violence/non_violence/485.jpg,0,Normal
/kaggle/input/datasets/abdulmananraja/real-life-violence-situations/new_violence/violence/5244.jpg,1,Anomaly
/kaggle/input/datasets/abdulmananraja/real-life-violence-situations/new_violence/non_violence/4481.jpg,0,Normal
/kaggle/input/datasets/abdulmananraja/real-life-violence-situations/new_violence/violence/711.jpg,1,Anomaly
/kaggle/input/datasets/abdulmananraja/real-life-violence-situations/new_violence/violence/1472.jpg,1,Anomaly
/kaggle/input/datasets/abdulmananraja/real-life-violence-situations/new_violence/non_violence/3616.jpg,0,Normal
/kaggle/input/datasets/abdulmananraja/real-life-violence-situations/new_violence/non_violence/4374.jpg,0,Normal
/kaggle/input/datasets/abdulmananraja/real-life-violence-situations/new_violence/violence/2133.jpg,1,Anomaly
/kaggle/input/datasets/abdulmananraja/real-life-violence-situations/new_violence/violence/1373.jpg,1,Anomaly
/kaggle/input/datasets/abdulmananraja/real-life-violence-situations/new_violence/non_violence/4105.jpg,0,Normal
/kaggle/input/datasets/abdulmananraja/real-life-violence-situations/new_violence/non_violence/11.jpg,0,Normal
/kaggle/input/datasets/abdulmananraja/real-life-violence-situations/new_violence/violence/4260.jpg,1,Anomaly
/kaggle/input/datasets/abdulmananraja/real-life-violence-situations/new_violence/violence/1574.jpg,1,Anomaly
/kaggle/input/datasets/abdulmananraja/real-life-violence-situations/new_violence/non_violence/3783.jpg,0,Normal
/kaggle/input/datasets/abdulmananraja/real-life-violence-situations/new_violence/non_violence/4063.jpg,0,Normal
/kaggle/input/datasets/abdulmananraja/real-life-violence-situations/new_violence/non_violence/3365.jpg,0,Normal
/kaggle/input/datasets/abdulmananraja/real-life-violence-situations/new_violence/non_violence/3.jpg,0,Normal
/kaggle/input/datasets/abdulmananraja/real-life-violence-situations/new_violence/non_violence/3121.jpg,0,Normal
/kaggle/input/datasets/abdulmananraja/real-life-violence-situations/new_violence/non_violence/3809.jpg,0,Normal
/kaggle/input/datasets/abdulmananraja/real-life-violence-situations/new_violence/non_violence/3009.jpg,0,Normal
/kaggle/input/datasets/abdulmananraja/real-life-violence-situations/new_violence/violence/5157.jpg,1,Anomaly
/kaggle/input/datasets/abdulmananraja/real-life-violence-situations/new_violence/non_violence/1942.jpg,0,Normal
/kaggle/input/datasets/abdulmananraja/real-life-violence-situations/new_violence/non_violence/4318.jpg,0,Normal
/kaggle/input/datasets/abdulmananraja/real-life-violence-situations/new_violence/non_violence/2320.jpg,0,Normal
/kaggle/input/datasets/abdulmananraja/real-life-violence-situations/new_violence/violence/5147.jpg,1,Anomaly
/kaggle/input/datasets/abdulmananraja/real-life-violence-situations/new_violence/violence/361.jpg,1,Anomaly
/kaggle/input/datasets/abdulmananraja/real-life-violence-situations/new_violence/non_violence/2906.jpg,0,Normal
/kaggle/input/datasets/abdulmananraja/real-life-violence-situations/new_violence/violence/3714.jpg,1,Anomaly
/kaggle/input/datasets/abdulmananraja/real-life-violence-situations/new_violence/violence/106.jpg,1,Anomaly
/kaggle/input/datasets/abdulmananraja/real-life-violence-situations/new_violence/non_violence/2798.jpg,0,Normal
/kaggle/input/datasets/abdulmananraja/real-life-violence-situations/new_violence/non_violence/883.jpg,0,Normal
/kaggle/input/datasets/abdulmananraja/real-life-violence-situations/new_violence/non_violence/4595.jpg,0,Normal
/kaggle/input/datasets/abdulmananraja/real-life-violence-situations/new_violence/violence/1858.jpg,1,Anomaly
/kaggle/input/datasets/abdulmananraja/real-life-violence-situations/new_violence/non_violence/2057.jpg,0,Normal
/kaggle/input/datasets/abdulmananraja/real-life-violence-situations/new_violence/non_violence/4857.jpg,0,Normal
/kaggle/input/datasets/abdulmananraja/real-life-violence-situations/new_violence/violence/4016.jpg,1,Anomaly
/kaggle/input/datasets/abdulmananraja/real-life-violence-situations/new_violence/non_violence/1931.jpg,0,Normal
/kaggle/input/datasets/abdulmananraja/real-life-violence-situations/new_violence/non_violence/784.jpg,0,Normal
/kaggle/input/datasets/abdulmananraja/real-life-violence-situations/new_violence/non_violence/3275.jpg,0,Normal
/kaggle/input/datasets/abdulmananraja/real-life-violence-situations/new_violence/non_violence/565.jpg,0,Normal
/kaggle/input/datasets/abdulmananraja/real-life-violence-situations/new_violence/non_violence/2640.jpg,0,Normal
/kaggle/input/datasets/abdulmananraja/real-life-violence-situations/new_violence/violence/3460.jpg,1,Anomaly
/kaggle/input/datasets/abdulmananraja/real-life-violence-situations/new_violence/violence/898.jpg,1,Anomaly
/kaggle/input/datasets/abdulmananraja/real-life-violence-situations/new_violence/violence/5047.jpg,1,Anomaly
/kaggle/input/datasets/abdulmananraja/real-life-violence-situations/new_violence/violence/1222.jpg,1,Anomaly
/kaggle/input/datasets/abdulmananraja/real-life-violence-situations/new_violence/violence/2378.jpg,1,Anomaly
/kaggle/input/datasets/abdulmananraja/real-life-violence-situations/new_violence/violence/122.jpg,1,Anomaly
/kaggle/input/datasets/abdulmananraja/real-life-violence-situations/new_violence/non_violence/3161.jpg,0,Normal
/kaggle/input/datasets/abdulmananraja/real-life-violence-situations/new_violence/non_violence/717.jpg,0,Normal
/kaggle/input/datasets/abdulmananraja/real-life-violence-situations/new_violence/non_violence/2924.jpg,0,Normal
/kaggle/input/datasets/abdulmananraja/real-life-violence-situations/new_violence/violence/1548.jpg,1,Anomaly
/kaggle/input/datasets/abdulmananraja/real-life-violence-situations/new_violence/violence/1316.jpg,1,Anomaly
/kaggle/input/datasets/abdulmananraja/real-life-violence-situations/new_violence/non_violence/2907.jpg,0,Normal
/kaggle/input/datasets/abdulmananraja/real-life-violence-situations/new_violence/non_violence/2466.jpg,0,Normal
/kaggle/input/datasets/abdulmananraja/real-life-violence-situations/new_violence/non_violence/2445.jpg,0,Normal
/kaggle/input/datasets/abdulmananraja/real-life-violence-situations/new_violence/violence/132.jpg,1,Anomaly
/kaggle/input/datasets/abdulmananraja/real-life-violence-situations/new_violence/non_violence/183.jpg,0,Normal
/kaggle/input/datasets/abdulmananraja/real-life-violence-situations/new_violence/violence/118.jpg,1,Anomaly
/kaggle/input/datasets/abdulmananraja/real-life-violence-situations/new_violence/violence/3735.jpg,1,Anomaly
/kaggle/input/datasets/abdulmananraja/real-life-violence-situations/new_violence/violence/3425.jpg,1,Anomaly
/kaggle/input/datasets/abdulmananraja/real-life-violence-situations/new_violence/violence/919.jpg,1,Anomaly
/kaggle/input/datasets/abdulmananraja/real-life-violence-situations/new_violence/non_violence/5210.jpg,0,Normal
/kaggle/input/datasets/abdulmananraja/real-life-violence-situations/new_violence/non_violence/2947.jpg,0,Normal
/kaggle/input/datasets/abdulmananraja/real-life-violence-situations/new_violence/non_violence/2938.jpg,0,Normal
/kaggle/input/datasets/abdulmananraja/real-life-violence-situations/new_violence/violence/4210.jpg,1,Anomaly
/kaggle/input/datasets/abdulmananraja/real-life-violence-situations/new_violence/violence/2528.jpg,1,Anomaly
/kaggle/input/datasets/abdulmananraja/real-life-violence-situations/new_violence/non_violence/766.jpg,0,Normal
/kaggle/input/datasets/abdulmananraja/real-life-violence-situations/new_violence/violence/381.jpg,1,Anomaly
/kaggle/input/datasets/abdulmananraja/real-life-violence-situations/new_violence/violence/1282.jpg,1,Anomaly
/kaggle/input/datasets/abdulmananraja/real-life-violence-situations/new_violence/non_violence/1710.jpg,0,Normal
/kaggle/input/datasets/abdulmananraja/real-life-violence-situations/new_violence/non_violence/4418.jpg,0,Normal
/kaggle/input/datasets/abdulmananraja/real-life-violence-situations/new_violence/violence/5768.jpg,1,Anomaly
/kaggle/input/datasets/abdulmananraja/real-life-violence-situations/new_violence/non_violence/3219.jpg,0,Normal
/kaggle/input/datasets/abdulmananraja/real-life-violence-situations/new_violence/violence/1303.jpg,1,Anomaly
/kaggle/input/datasets/abdulmananraja/real-life-violence-situations/new_violence/violence/1944.jpg,1,Anomaly
/kaggle/input/datasets/abdulmananraja/real-life-violence-situations/new_violence/violence/1909.jpg,1,Anomaly
/kaggle/input/datasets/abdulmananraja/real-life-violence-situations/new_violence/violence/4729.jpg,1,Anomaly
/kaggle/input/datasets/abdulmananraja/real-life-violence-situations/new_violence/violence/4962.jpg,1,Anomaly
/kaggle/input/datasets/abdulmananraja/real-life-violence-situations/new_violence/violence/2749.jpg,1,Anomaly
/kaggle/input/datasets/abdulmananraja/real-life-violence-situations/new_violence/violence/4101.jpg,1,Anomaly
/kaggle/input/datasets/abdulmananraja/real-life-violence-situations/new_violence/non_violence/4072.jpg,0,Normal
/kaggle/input/datasets/abdulmananraja/real-life-violence-situations/new_violence/violence/1024.jpg,1,Anomaly
/kaggle/input/datasets/abdulmananraja/real-life-violence-situations/new_violence/violence/2481.jpg,1,Anomaly
/kaggle/input/datasets/abdulmananraja/real-life-violence-situations/new_violence/non_violence/3745.jpg,0,Normal
/kaggle/input/datasets/abdulmananraja/real-life-violence-situations/new_violence/violence/1230.jpg,1,Anomaly
/kaggle/input/datasets/abdulmananraja/real-life-violence-situations/new_violence/violence/5112.jpg,1,Anomaly
/kaggle/input/datasets/abdulmananraja/real-life-violence-situations/new_violence/violence/1834.jpg,1,Anomaly
/kaggle/input/datasets/abdulmananraja/real-life-violence-situations/new_violence/violence/5070.jpg,1,Anomaly
/kaggle/input/datasets/abdulmananraja/real-life-violence-situations/new_violence/violence/5350.jpg,1,Anomaly
/kaggle/input/datasets/abdulmananraja/real-life-violence-situations/new_violence/violence/85.jpg,1,Anomaly
/kaggle/input/datasets/abdulmananraja/real-life-violence-situations/new_violence/non_violence/4698.jpg,0,Normal
/kaggle/input/datasets/abdulmananraja/real-life-violence-situations/new_violence/non_violence/3204.jpg,0,Normal
/kaggle/input/datasets/abdulmananraja/real-life-violence-situations/new_violence/non_violence/3379.jpg,0,Normal
/kaggle/input/datasets/abdulmananraja/real-life-violence-situations/new_violence/non_violence/3727.jpg,0,Normal
/kaggle/input/datasets/abdulmananraja/real-life-violence-situations/new_violence/violence/4746.jpg,1,Anomaly
/kaggle/input/datasets/abdulmananraja/real-life-violence-situations/new_violence/violence/5484.jpg,1,Anomaly
/kaggle/input/datasets/abdulmananraja/real-life-violence-situations/new_violence/non_violence/3200.jpg,0,Normal
/kaggle/input/datasets/abdulmananraja/real-life-violence-situations/new_violence/non_violence/1661.jpg,0,Normal
/kaggle/input/datasets/abdulmananraja/real-life-violence-situations/new_violence/violence/1110.jpg,1,Anomaly
/kaggle/input/datasets/abdulmananraja/real-life-violence-situations/new_violence/violence/3176.jpg,1,Anomaly
/kaggle/input/datasets/abdulmananraja/real-life-violence-situations/new_violence/violence/285.jpg,1,Anomaly
/kaggle/input/datasets/abdulmananraja/real-life-violence-situations/new_violence/non_violence/3305.jpg,0,Normal
/kaggle/input/datasets/abdulmananraja/real-life-violence-situations/new_violence/non_violence/2684.jpg,0,Normal
/kaggle/input/datasets/abdulmananraja/real-life-violence-situations/new_violence/violence/4372.jpg,1,Anomaly
/kaggle/input/datasets/abdulmananraja/real-life-violence-situations/new_violence/non_violence/5097.jpg,0,Normal
/kaggle/input/datasets/abdulmananraja/real-life-violence-situations/new_violence/non_violence/3031.jpg,0,Normal
/kaggle/input/datasets/abdulmananraja/real-life-violence-situations/new_violence/violence/1734.jpg,1,Anomaly
/kaggle/input/datasets/abdulmananraja/real-life-violence-situations/new_violence/non_violence/4267.jpg,0,Normal
/kaggle/input/datasets/abdulmananraja/real-life-violence-situations/new_violence/non_violence/4616.jpg,0,Normal
/kaggle/input/datasets/abdulmananraja/real-life-violence-situations/new_violence/non_violence/1851.jpg,0,Normal
/kaggle/input/datasets/abdulmananraja/real-life-violence-situations/new_violence/non_violence/1650.jpg,0,Normal
/kaggle/input/datasets/abdulmananraja/real-life-violence-situations/new_violence/non_violence/624.jpg,0,Normal
/kaggle/input/datasets/abdulmananraja/real-life-violence-situations/new_violence/violence/1010.jpg,1,Anomaly
/kaggle/input/datasets/abdulmananraja/real-life-violence-situations/new_violence/non_violence/3313.jpg,0,Normal
/kaggle/input/datasets/abdulmananraja/real-life-violence-situations/new_violence/violence/3475.jpg,1,Anomaly
/kaggle/input/datasets/abdulmananraja/real-life-violence-situations/new_violence/violence/2648.jpg,1,Anomaly
/kaggle/input/datasets/abdulmananraja/real-life-violence-situations/new_violence/non_violence/4922.jpg,0,Normal
/kaggle/input/datasets/abdulmananraja/real-life-violence-situations/new_violence/violence/5059.jpg,1,Anomaly
/kaggle/input/datasets/abdulmananraja/real-life-violence-situations/new_violence/violence/4791.jpg,1,Anomaly
/kaggle/input/datasets/abdulmananraja/real-life-violence-situations/new_violence/violence/3331.jpg,1,Anomaly
/kaggle/input/datasets/abdulmananraja/real-life-violence-situations/new_violence/violence/3255.jpg,1,Anomaly
/kaggle/input/datasets/abdulmananraja/real-life-violence-situations/new_violence/violence/109.jpg,1,Anomaly
/kaggle/input/datasets/abdulmananraja/real-life-violence-situations/new_violence/violence/4241.jpg,1,Anomaly
/kaggle/input/datasets/abdulmananraja/real-life-violence-situations/new_violence/non_violence/5218.jpg,0,Normal
/kaggle/input/datasets/abdulmananraja/real-life-violence-situations/new_violence/violence/824.jpg,1,Anomaly
/kaggle/input/datasets/abdulmananraja/real-life-violence-situations/new_violence/non_violence/1143.jpg,0,Normal
/kaggle/input/datasets/abdulmananraja/real-life-violence-situations/new_violence/violence/4842.jpg,1,Anomaly
/kaggle/input/datasets/abdulmananraja/real-life-violence-situations/new_violence/violence/5605.jpg,1,Anomaly
/kaggle/input/datasets/abdulmananraja/real-life-violence-situations/new_violence/violence/3651.jpg,1,Anomaly
/kaggle/input/datasets/abdulmananraja/real-life-violence-situations/new_violence/violence/4412.jpg,1,Anomaly
/kaggle/input/datasets/abdulmananraja/real-life-violence-situations/new_violence/violence/1474.jpg,1,Anomaly
/kaggle/input/datasets/abdulmananraja/real-life-violence-situations/new_violence/non_violence/5197.jpg,0,Normal
/kaggle/input/datasets/abdulmananraja/real-life-violence-situations/new_violence/violence/924.jpg,1,Anomaly
/kaggle/input/datasets/abdulmananraja/real-life-violence-situations/new_violence/violence/385.jpg,1,Anomaly
/kaggle/input/datasets/abdulmananraja/real-life-violence-situations/new_violence/violence/2285.jpg,1,Anomaly
/kaggle/input/datasets/abdulmananraja/real-life-violence-situations/new_violence/violence/274.jpg,1,Anomaly
/kaggle/input/datasets/abdulmananraja/real-life-violence-situations/new_violence/non_violence/364.jpg,0,Normal
/kaggle/input/datasets/abdulmananraja/real-life-violence-situations/new_violence/violence/3745.jpg,1,Anomaly
/kaggle/input/datasets/abdulmananraja/real-life-violence-situations/new_violence/violence/1132.jpg,1,Anomaly
/kaggle/input/datasets/abdulmananraja/real-life-violence-situations/new_violence/violence/4775.jpg,1,Anomaly
/kaggle/input/datasets/abdulmananraja/real-life-violence-situations/new_violence/violence/4274.jpg,1,Anomaly
/kaggle/input/datasets/abdulmananraja/real-life-violence-situations/new_violence/non_violence/4546.jpg,0,Normal
/kaggle/input/datasets/abdulmananraja/real-life-violence-situations/new_violence/non_violence/4975.jpg,0,Normal
/kaggle/input/datasets/abdulmananraja/real-life-violence-situations/new_violence/non_violence/1765.jpg,0,Normal
/kaggle/input/datasets/abdulmananraja/real-life-violence-situations/new_violence/non_violence/2240.jpg,0,Normal
/kaggle/input/datasets/abdulmananraja/real-life-violence-situations/new_violence/violence/2852.jpg,1,Anomaly
/kaggle/input/datasets/abdulmananraja/real-life-violence-situations/new_violence/non_violence/1614.jpg,0,Normal
/kaggle/input/datasets/abdulmananraja/real-life-violence-situations/new_violence/violence/3369.jpg,1,Anomaly
/kaggle/input/datasets/abdulmananraja/real-life-violence-situations/new_violence/violence/3726.jpg,1,Anomaly
/kaggle/input/datasets/abdulmananraja/real-life-violence-situations/new_violence/violence/3316.jpg,1,Anomaly
/kaggle/input/datasets/abdulmananraja/real-life-violence-situations/new_violence/violence/5080.jpg,1,Anomaly
/kaggle/input/datasets/abdulmananraja/real-life-violence-situations/new_violence/violence/5124.jpg,1,Anomaly
/kaggle/input/datasets/abdulmananraja/real-life-violence-situations/new_violence/violence/1884.jpg,1,Anomaly
/kaggle/input/datasets/abdulmananraja/real-life-violence-situations/new_violence/violence/2801.jpg,1,Anomaly
/kaggle/input/datasets/abdulmananraja/real-life-violence-situations/new_violence/non_violence/3502.jpg,0,Normal
/kaggle/input/datasets/abdulmananraja/real-life-violence-situations/new_violence/violence/1050.jpg,1,Anomaly
/kaggle/input/datasets/abdulmananraja/real-life-violence-situations/new_violence/non_violence/3084.jpg,0,Normal
/kaggle/input/datasets/abdulmananraja/real-life-violence-situations/new_violence/non_violence/2635.jpg,0,Normal
/kaggle/input/datasets/abdulmananraja/real-life-violence-situations/new_violence/non_violence/2849.jpg,0,Normal
/kaggle/input/datasets/abdulmananraja/real-life-violence-situations/new_violence/non_violence/1960.jpg,0,Normal
/kaggle/input/datasets/abdulmananraja/real-life-violence-situations/new_violence/non_violence/4834.jpg,0,Normal
/kaggle/input/datasets/abdulmananraja/real-life-violence-situations/new_violence/violence/551.jpg,1,Anomaly
/kaggle/input/datasets/abdulmananraja/real-life-violence-situations/new_violence/violence/5724.jpg,1,Anomaly
/kaggle/input/datasets/abdulmananraja/real-life-violence-situations/new_violence/violence/923.jpg,1,Anomaly
/kaggle/input/datasets/abdulmananraja/real-life-violence-situations/new_violence/non_violence/2915.jpg,0,Normal
/kaggle/input/datasets/abdulmananraja/real-life-violence-situations/new_violence/violence/5066.jpg,1,Anomaly
/kaggle/input/datasets/abdulmananraja/real-life-violence-situations/new_violence/non_violence/413.jpg,0,Normal
/kaggle/input/datasets/abdulmananraja/real-life-violence-situations/new_violence/violence/2148.jpg,1,Anomaly
/kaggle/input/datasets/abdulmananraja/real-life-violence-situations/new_violence/violence/3542.jpg,1,Anomaly
/kaggle/input/datasets/abdulmananraja/real-life-violence-situations/new_violence/violence/1908.jpg,1,Anomaly
/kaggle/input/datasets/abdulmananraja/real-life-violence-situations/new_violence/non_violence/1245.jpg,0,Normal
/kaggle/input/datasets/abdulmananraja/real-life-violence-situations/new_violence/non_violence/1488.jpg,0,Normal
/kaggle/input/datasets/abdulmananraja/real-life-violence-situations/new_violence/violence/5111.jpg,1,Anomaly
/kaggle/input/datasets/abdulmananraja/real-life-violence-situations/new_violence/non_violence/4967.jpg,0,Normal
/kaggle/input/datasets/abdulmananraja/real-life-violence-situations/new_violence/violence/2849.jpg,1,Anomaly
/kaggle/input/datasets/abdulmananraja/real-life-violence-situations/new_violence/violence/1933.jpg,1,Anomaly
/kaggle/input/datasets/abdulmananraja/real-life-violence-situations/new_violence/violence/1867.jpg,1,Anomaly
/kaggle/input/datasets/abdulmananraja/real-life-violence-situations/new_violence/violence/1496.jpg,1,Anomaly
/kaggle/input/datasets/abdulmananraja/real-life-violence-situations/new_violence/non_violence/4215.jpg,0,Normal
/kaggle/input/datasets/abdulmananraja/real-life-violence-situations/new_violence/violence/3075.jpg,1,Anomaly
/kaggle/input/datasets/abdulmananraja/real-life-violence-situations/new_violence/non_violence/46.jpg,0,Normal
/kaggle/input/datasets/abdulmananraja/real-life-violence-situations/new_violence/violence/633.jpg,1,Anomaly
/kaggle/input/datasets/abdulmananraja/real-life-violence-situations/new_violence/non_violence/1842.jpg,0,Normal
/kaggle/input/datasets/abdulmananraja/real-life-violence-situations/new_violence/violence/4381.jpg,1,Anomaly
/kaggle/input/datasets/abdulmananraja/real-life-violence-situations/new_violence/non_violence/4402.jpg,0,Normal
/kaggle/input/datasets/abdulmananraja/real-life-violence-situations/new_violence/non_violence/5178.jpg,0,Normal
/kaggle/input/datasets/abdulmananraja/real-life-violence-situations/new_violence/violence/3179.jpg,1,Anomaly
/kaggle/input/datasets/abdulmananraja/real-life-violence-situations/new_violence/non_violence/1965.jpg,0,Normal
/kaggle/input/datasets/abdulmananraja/real-life-violence-situations/new_violence/non_violence/5071.jpg,0,Normal
/kaggle/input/datasets/abdulmananraja/real-life-violence-situations/new_violence/violence/5553.jpg,1,Anomaly
/kaggle/input/datasets/abdulmananraja/real-life-violence-situations/new_violence/non_violence/3167.jpg,0,Normal
/kaggle/input/datasets/abdulmananraja/real-life-violence-situations/new_violence/violence/3236.jpg,1,Anomaly
/kaggle/input/datasets/abdulmananraja/real-life-violence-situations/new_violence/non_violence/3511.jpg,0,Normal
/kaggle/input/datasets/abdulmananraja/real-life-violence-situations/new_violence/violence/2795.jpg,1,Anomaly
/kaggle/input/datasets/abdulmananraja/real-life-violence-situations/new_violence/violence/2392.jpg,1,Anomaly
/kaggle/input/datasets/abdulmananraja/real-life-violence-situations/new_violence/non_violence/3946.jpg,0,Normal
/kaggle/input/datasets/abdulmananraja/real-life-violence-situations/new_violence/non_violence/896.jpg,0,Normal
/kaggle/input/datasets/abdulmananraja/real-life-violence-situations/new_violence/violence/2152.jpg,1,Anomaly
/kaggle/input/datasets/abdulmananraja/real-life-violence-situations/new_violence/violence/3718.jpg,1,Anomaly
/kaggle/input/datasets/abdulmananraja/real-life-violence-situations/new_violence/violence/333.jpg,1,Anomaly
/kaggle/input/datasets/abdulmananraja/real-life-violence-situations/new_violence/non_violence/4557.jpg,0,Normal
/kaggle/input/datasets/abdulmananraja/real-life-violence-situations/new_violence/violence/535.jpg,1,Anomaly
/kaggle/input/datasets/abdulmananraja/real-life-violence-situations/new_violence/violence/4077.jpg,1,Anomaly
/kaggle/input/datasets/abdulmananraja/real-life-violence-situations/new_violence/non_violence/4886.jpg,0,Normal
/kaggle/input/datasets/abdulmananraja/real-life-violence-situations/new_violence/violence/2126.jpg,1,Anomaly
/kaggle/input/datasets/abdulmananraja/real-life-violence-situations/new_violence/non_violence/4140.jpg,0,Normal
/kaggle/input/datasets/abdulmananraja/real-life-violence-situations/new_violence/violence/1685.jpg,1,Anomaly
/kaggle/input/datasets/abdulmananraja/real-life-violence-situations/new_violence/violence/511.jpg,1,Anomaly
/kaggle/input/datasets/abdulmananraja/real-life-violence-situations/new_violence/violence/1512.jpg,1,Anomaly
/kaggle/input/datasets/abdulmananraja/real-life-violence-situations/new_violence/non_violence/1625.jpg,0,Normal
/kaggle/input/datasets/abdulmananraja/real-life-violence-situations/new_violence/violence/1920.jpg,1,Anomaly
/kaggle/input/datasets/abdulmananraja/real-life-violence-situations/new_violence/non_violence/3231.jpg,0,Normal
/kaggle/input/datasets/abdulmananraja/real-life-violence-situations/new_violence/violence/4229.jpg,1,Anomaly
/kaggle/input/datasets/abdulmananraja/real-life-violence-situations/new_violence/violence/5162.jpg,1,Anomaly
/kaggle/input/datasets/abdulmananraja/real-life-violence-situations/new_violence/non_violence/3047.jpg,0,Normal
/kaggle/input/datasets/abdulmananraja/real-life-violence-situations/new_violence/non_violence/3980.jpg,0,Normal
/kaggle/input/datasets/abdulmananraja/real-life-violence-situations/new_violence/violence/4854.jpg,1,Anomaly
/kaggle/input/datasets/abdulmananraja/real-life-violence-situations/new_violence/violence/3915.jpg,1,Anomaly
/kaggle/input/datasets/abdulmananraja/real-life-violence-situations/new_violence/violence/1067.jpg,1,Anomaly
/kaggle/input/datasets/abdulmananraja/real-life-violence-situations/new_violence/violence/4879.jpg,1,Anomaly
/kaggle/input/datasets/abdulmananraja/real-life-violence-situations/new_violence/non_violence/4842.jpg,0,Normal
/kaggle/input/datasets/abdulmananraja/real-life-violence-situations/new_violence/non_violence/1658.jpg,0,Normal
/kaggle/input/datasets/abdulmananraja/real-life-violence-situations/new_violence/non_violence/5126.jpg,0,Normal
/kaggle/input/datasets/abdulmananraja/real-life-violence-situations/new_violence/non_violence/4722.jpg,0,Normal
/kaggle/input/datasets/abdulmananraja/real-life-violence-situations/new_violence/non_violence/478.jpg,0,Normal
/kaggle/input/datasets/abdulmananraja/real-life-violence-situations/new_violence/violence/4900.jpg,1,Anomaly
/kaggle/input/datasets/abdulmananraja/real-life-violence-situations/new_violence/violence/1281.jpg,1,Anomaly
/kaggle/input/datasets/abdulmananraja/real-life-violence-situations/new_violence/violence/1760.jpg,1,Anomaly
/kaggle/input/datasets/abdulmananraja/real-life-violence-situations/new_violence/non_violence/3991.jpg,0,Normal
/kaggle/input/datasets/abdulmananraja/real-life-violence-situations/new_violence/violence/5439.jpg,1,Anomaly
/kaggle/input/datasets/abdulmananraja/real-life-violence-situations/new_violence/violence/3982.jpg,1,Anomaly
/kaggle/input/datasets/abdulmananraja/real-life-violence-situations/new_violence/violence/5774.jpg,1,Anomaly
/kaggle/input/datasets/abdulmananraja/real-life-violence-situations/new_violence/violence/5718.jpg,1,Anomaly
/kaggle/input/datasets/abdulmananraja/real-life-violence-situations/new_violence/non_violence/3469.jpg,0,Normal
/kaggle/input/datasets/abdulmananraja/real-life-violence-situations/new_violence/violence/5673.jpg,1,Anomaly
/kaggle/input/datasets/abdulmananraja/real-life-violence-situations/new_violence/violence/3030.jpg,1,Anomaly
/kaggle/input/datasets/abdulmananraja/real-life-violence-situations/new_violence/non_violence/3995.jpg,0,Normal
/kaggle/input/datasets/abdulmananraja/real-life-violence-situations/new_violence/non_violence/3427.jpg,0,Normal
/kaggle/input/datasets/abdulmananraja/real-life-violence-situations/new_violence/non_violence/2921.jpg,0,Normal
/kaggle/input/datasets/abdulmananraja/real-life-violence-situations/new_violence/violence/3677.jpg,1,Anomaly
/kaggle/input/datasets/abdulmananraja/real-life-violence-situations/new_violence/violence/5761.jpg,1,Anomaly
/kaggle/input/datasets/abdulmananraja/real-life-violence-situations/new_violence/violence/65.jpg,1,Anomaly
/kaggle/input/datasets/abdulmananraja/real-life-violence-situations/new_violence/non_violence/2066.jpg,0,Normal
/kaggle/input/datasets/abdulmananraja/real-life-violence-situations/new_violence/non_violence/3550.jpg,0,Normal
/kaggle/input/datasets/abdulmananraja/real-life-violence-situations/new_violence/non_violence/4060.jpg,0,Normal
/kaggle/input/datasets/abdulmananraja/real-life-violence-situations/new_violence/violence/3056.jpg,1,Anomaly
/kaggle/input/datasets/abdulmananraja/real-life-violence-situations/new_violence/violence/905.jpg,1,Anomaly
/kaggle/input/datasets/abdulmananraja/real-life-violence-situations/new_violence/violence/4551.jpg,1,Anomaly
/kaggle/input/datasets/abdulmananraja/real-life-violence-situations/new_violence/violence/4367.jpg,1,Anomaly
/kaggle/input/datasets/abdulmananraja/real-life-violence-situations/new_violence/violence/18.jpg,1,Anomaly
/kaggle/input/datasets/abdulmananraja/real-life-violence-situations/new_violence/violence/2585.jpg,1,Anomaly
/kaggle/input/datasets/abdulmananraja/real-life-violence-situations/new_violence/violence/1426.jpg,1,Anomaly
/kaggle/input/datasets/abdulmananraja/real-life-violence-situations/new_violence/violence/3429.jpg,1,Anomaly
/kaggle/input/datasets/abdulmananraja/real-life-violence-situations/new_violence/violence/2666.jpg,1,Anomaly
/kaggle/input/datasets/abdulmananraja/real-life-violence-situations/new_violence/non_violence/5212.jpg,0,Normal
/kaggle/input/datasets/abdulmananraja/real-life-violence-situations/new_violence/violence/493.jpg,1,Anomaly
/kaggle/input/datasets/abdulmananraja/real-life-violence-situations/new_violence/non_violence/2401.jpg,0,Normal
/kaggle/input/datasets/abdulmananraja/real-life-violence-situations/new_violence/non_violence/955.jpg,0,Normal
/kaggle/input/datasets/abdulmananraja/real-life-violence-situations/new_violence/non_violence/679.jpg,0,Normal
/kaggle/input/datasets/abdulmananraja/real-life-violence-situations/new_violence/violence/2837.jpg,1,Anomaly
/kaggle/input/datasets/abdulmananraja/real-life-violence-situations/new_violence/non_violence/4249.jpg,0,Normal
/kaggle/input/datasets/abdulmananraja/real-life-violence-situations/new_violence/non_violence/1913.jpg,0,Normal
/kaggle/input/datasets/abdulmananraja/real-life-violence-situations/new_violence/violence/2450.jpg,1,Anomaly
/kaggle/input/datasets/abdulmananraja/real-life-violence-situations/new_violence/non_violence/3255.jpg,0,Normal
/kaggle/input/datasets/abdulmananraja/real-life-violence-situations/new_violence/violence/5699.jpg,1,Anomaly
/kaggle/input/datasets/abdulmananraja/real-life-violence-situations/new_violence/non_violence/1935.jpg,0,Normal
/kaggle/input/datasets/abdulmananraja/real-life-violence-situations/new_violence/violence/5674.jpg,1,Anomaly
/kaggle/input/datasets/abdulmananraja/real-life-violence-situations/new_violence/non_violence/3838.jpg,0,Normal
/kaggle/input/datasets/abdulmananraja/real-life-violence-situations/new_violence/non_violence/4468.jpg,0,Normal
/kaggle/input/datasets/abdulmananraja/real-life-violence-situations/new_violence/violence/3969.jpg,1,Anomaly
/kaggle/input/datasets/abdulmananraja/real-life-violence-situations/new_violence/non_violence/4256.jpg,0,Normal
/kaggle/input/datasets/abdulmananraja/real-life-violence-situations/new_violence/non_violence/2218.jpg,0,Normal
/kaggle/input/datasets/abdulmananraja/real-life-violence-situations/new_violence/non_violence/92.jpg,0,Normal
/kaggle/input/datasets/abdulmananraja/real-life-violence-situations/new_violence/violence/3351.jpg,1,Anomaly
/kaggle/input/datasets/abdulmananraja/real-life-violence-situations/new_violence/violence/402.jpg,1,Anomaly
/kaggle/input/datasets/abdulmananraja/real-life-violence-situations/new_violence/violence/5782.jpg,1,Anomaly
/kaggle/input/datasets/abdulmananraja/real-life-violence-situations/new_violence/non_violence/536.jpg,0,Normal
/kaggle/input/datasets/abdulmananraja/real-life-violence-situations/new_violence/violence/1045.jpg,1,Anomaly
/kaggle/input/datasets/abdulmananraja/real-life-violence-situations/new_violence/non_violence/3978.jpg,0,Normal
/kaggle/input/datasets/abdulmananraja/real-life-violence-situations/new_violence/violence/4599.jpg,1,Anomaly
/kaggle/input/datasets/abdulmananraja/real-life-violence-situations/new_violence/non_violence/2159.jpg,0,Normal
/kaggle/input/datasets/abdulmananraja/real-life-violence-situations/new_violence/violence/3061.jpg,1,Anomaly
/kaggle/input/datasets/abdulmananraja/real-life-violence-situations/new_violence/non_violence/4574.jpg,0,Normal
/kaggle/input/datasets/abdulmananraja/real-life-violence-situations/new_violence/violence/3971.jpg,1,Anomaly
/kaggle/input/datasets/abdulmananraja/real-life-violence-situations/new_violence/non_violence/4272.jpg,0,Normal
/kaggle/input/datasets/abdulmananraja/real-life-violence-situations/new_violence/violence/5423.jpg,1,Anomaly
/kaggle/input/datasets/abdulmananraja/real-life-violence-situations/new_violence/non_violence/3072.jpg,0,Normal
/kaggle/input/datasets/abdulmananraja/real-life-violence-situations/new_violence/violence/1475.jpg,1,Anomaly
/kaggle/input/datasets/abdulmananraja/real-life-violence-situations/new_violence/non_violence/1383.jpg,0,Normal
/kaggle/input/datasets/abdulmananraja/real-life-violence-situations/new_violence/non_violence/2129.jpg,0,Normal
/kaggle/input/datasets/abdulmananraja/real-life-violence-situations/new_violence/non_violence/1702.jpg,0,Normal
/kaggle/input/datasets/abdulmananraja/real-life-violence-situations/new_violence/non_violence/3806.jpg,0,Normal
/kaggle/input/datasets/abdulmananraja/real-life-violence-situations/new_violence/non_violence/3487.jpg,0,Normal
/kaggle/input/datasets/abdulmananraja/real-life-violence-situations/new_violence/non_violence/1134.jpg,0,Normal
/kaggle/input/datasets/abdulmananraja/real-life-violence-situations/new_violence/non_violence/45.jpg,0,Normal
/kaggle/input/datasets/abdulmananraja/real-life-violence-situations/new_violence/non_violence/5195.jpg,0,Normal
/kaggle/input/datasets/abdulmananraja/real-life-violence-situations/new_violence/non_violence/780.jpg,0,Normal
/kaggle/input/datasets/abdulmananraja/real-life-violence-situations/new_violence/non_violence/2448.jpg,0,Normal
/kaggle/input/datasets/abdulmananraja/real-life-violence-situations/new_violence/violence/939.jpg,1,Anomaly
/kaggle/input/datasets/abdulmananraja/real-life-violence-situations/new_violence/violence/4458.jpg,1,Anomaly
/kaggle/input/datasets/abdulmananraja/real-life-violence-situations/new_violence/non_violence/5050.jpg,0,Normal
/kaggle/input/datasets/abdulmananraja/real-life-violence-situations/new_violence/violence/1327.jpg,1,Anomaly
/kaggle/input/datasets/abdulmananraja/real-life-violence-situations/new_violence/violence/5237.jpg,1,Anomaly
/kaggle/input/datasets/abdulmananraja/real-life-violence-situations/new_violence/violence/5657.jpg,1,Anomaly
/kaggle/input/datasets/abdulmananraja/real-life-violence-situations/new_violence/violence/3762.jpg,1,Anomaly
/kaggle/input/datasets/abdulmananraja/real-life-violence-situations/new_violence/violence/4646.jpg,1,Anomaly
/kaggle/input/datasets/abdulmananraja/real-life-violence-situations/new_violence/non_violence/3695.jpg,0,Normal
/kaggle/input/datasets/abdulmananraja/real-life-violence-situations/new_violence/violence/3002.jpg,1,Anomaly
/kaggle/input/datasets/abdulmananraja/real-life-violence-situations/new_violence/non_violence/4062.jpg,0,Normal
/kaggle/input/datasets/abdulmananraja/real-life-violence-situations/new_violence/violence/3105.jpg,1,Anomaly
/kaggle/input/datasets/abdulmananraja/real-life-violence-situations/new_violence/non_violence/2857.jpg,0,Normal
/kaggle/input/datasets/abdulmananraja/real-life-violence-situations/new_violence/non_violence/260.jpg,0,Normal
/kaggle/input/datasets/abdulmananraja/real-life-violence-situations/new_violence/violence/1551.jpg,1,Anomaly
/kaggle/input/datasets/abdulmananraja/real-life-violence-situations/new_violence/violence/4430.jpg,1,Anomaly
/kaggle/input/datasets/abdulmananraja/real-life-violence-situations/new_violence/non_violence/1067.jpg,0,Normal
/kaggle/input/datasets/abdulmananraja/real-life-violence-situations/new_violence/violence/4677.jpg,1,Anomaly
/kaggle/input/datasets/abdulmananraja/real-life-violence-situations/new_violence/non_violence/2422.jpg,0,Normal
/kaggle/input/datasets/abdulmananraja/real-life-violence-situations/new_violence/violence/3911.jpg,1,Anomaly
/kaggle/input/datasets/abdulmananraja/real-life-violence-situations/new_violence/violence/5676.jpg,1,Anomaly
/kaggle/input/datasets/abdulmananraja/real-life-violence-situations/new_violence/non_violence/2162.jpg,0,Normal
/kaggle/input/datasets/abdulmananraja/real-life-violence-situations/new_violence/violence/2084.jpg,1,Anomaly
/kaggle/input/datasets/abdulmananraja/real-life-violence-situations/new_violence/violence/3328.jpg,1,Anomaly
/kaggle/input/datasets/abdulmananraja/real-life-violence-situations/new_violence/non_violence/4223.jpg,0,Normal
/kaggle/input/datasets/abdulmananraja/real-life-violence-situations/new_violence/non_violence/3964.jpg,0,Normal
/kaggle/input/datasets/abdulmananraja/real-life-violence-situations/new_violence/violence/3774.jpg,1,Anomaly
/kaggle/input/datasets/abdulmananraja/real-life-violence-situations/new_violence/non_violence/3201.jpg,0,Normal
/kaggle/input/datasets/abdulmananraja/real-life-violence-situations/new_violence/violence/708.jpg,1,Anomaly
/kaggle/input/datasets/abdulmananraja/real-life-violence-situations/new_violence/non_violence/2759.jpg,0,Normal
/kaggle/input/datasets/abdulmananraja/real-life-violence-situations/new_violence/violence/1932.jpg,1,Anomaly
/kaggle/input/datasets/abdulmananraja/real-life-violence-situations/new_violence/violence/1079.jpg,1,Anomaly
/kaggle/input/datasets/abdulmananraja/real-life-violence-situations/new_violence/non_violence/438.jpg,0,Normal
/kaggle/input/datasets/abdulmananraja/real-life-violence-situations/new_violence/non_violence/3947.jpg,0,Normal
/kaggle/input/datasets/abdulmananraja/real-life-violence-situations/new_violence/non_violence/1956.jpg,0,Normal
/kaggle/input/datasets/abdulmananraja/real-life-violence-situations/new_violence/violence/5072.jpg,1,Anomaly
/kaggle/input/datasets/abdulmananraja/real-life-violence-situations/new_violence/violence/3607.jpg,1,Anomaly
/kaggle/input/datasets/abdulmananraja/real-life-violence-situations/new_violence/non_violence/3226.jpg,0,Normal
/kaggle/input/datasets/abdulmananraja/real-life-violence-situations/new_violence/non_violence/4639.jpg,0,Normal
/kaggle/input/datasets/abdulmananraja/real-life-violence-situations/new_violence/violence/276.jpg,1,Anomaly
/kaggle/input/datasets/abdulmananraja/real-life-violence-situations/new_violence/non_violence/281.jpg,0,Normal
/kaggle/input/datasets/abdulmananraja/real-life-violence-situations/new_violence/violence/1232.jpg,1,Anomaly
/kaggle/input/datasets/abdulmananraja/real-life-violence-situations/new_violence/non_violence/3858.jpg,0,Normal
/kaggle/input/datasets/abdulmananraja/real-life-violence-situations/new_violence/non_violence/840.jpg,0,Normal
/kaggle/input/datasets/abdulmananraja/real-life-violence-situations/new_violence/non_violence/1461.jpg,0,Normal
/kaggle/input/datasets/abdulmananraja/real-life-violence-situations/new_violence/violence/3754.jpg,1,Anomaly
/kaggle/input/datasets/abdulmananraja/real-life-violence-situations/new_violence/violence/4062.jpg,1,Anomaly
/kaggle/input/datasets/abdulmananraja/real-life-violence-situations/new_violence/non_violence/3510.jpg,0,Normal
/kaggle/input/datasets/abdulmananraja/real-life-violence-situations/new_violence/violence/1223.jpg,1,Anomaly
/kaggle/input/datasets/abdulmananraja/real-life-violence-situations/new_violence/violence/344.jpg,1,Anomaly
/kaggle/input/datasets/abdulmananraja/real-life-violence-situations/new_violence/violence/4635.jpg,1,Anomaly
/kaggle/input/datasets/abdulmananraja/real-life-violence-situations/new_violence/non_violence/482.jpg,0,Normal
/kaggle/input/datasets/abdulmananraja/real-life-violence-situations/new_violence/violence/5065.jpg,1,Anomaly
/kaggle/input/datasets/abdulmananraja/real-life-violence-situations/new_violence/non_violence/4845.jpg,0,Normal
/kaggle/input/datasets/abdulmananraja/real-life-violence-situations/new_violence/violence/1372.jpg,1,Anomaly
/kaggle/input/datasets/abdulmananraja/real-life-violence-situations/new_violence/non_violence/2682.jpg,0,Normal
/kaggle/input/datasets/abdulmananraja/real-life-violence-situations/new_violence/violence/641.jpg,1,Anomaly
/kaggle/input/datasets/abdulmananraja/real-life-violence-situations/new_violence/non_violence/3017.jpg,0,Normal
/kaggle/input/datasets/abdulmananraja/real-life-violence-situations/new_violence/non_violence/5191.jpg,0,Normal
/kaggle/input/datasets/abdulmananraja/real-life-violence-situations/new_violence/violence/2726.jpg,1,Anomaly
/kaggle/input/datasets/abdulmananraja/real-life-violence-situations/new_violence/non_violence/3959.jpg,0,Normal
/kaggle/input/datasets/abdulmananraja/real-life-violence-situations/new_violence/non_violence/4196.jpg,0,Normal
/kaggle/input/datasets/abdulmananraja/real-life-violence-situations/new_violence/non_violence/4036.jpg,0,Normal
/kaggle/input/datasets/abdulmananraja/real-life-violence-situations/new_violence/non_violence/4447.jpg,0,Normal
/kaggle/input/datasets/abdulmananraja/real-life-violence-situations/new_violence/non_violence/2344.jpg,0,Normal
/kaggle/input/datasets/abdulmananraja/real-life-violence-situations/new_violence/violence/249.jpg,1,Anomaly
/kaggle/input/datasets/abdulmananraja/real-life-violence-situations/new_violence/violence/992.jpg,1,Anomaly
/kaggle/input/datasets/abdulmananraja/real-life-violence-situations/new_violence/violence/4095.jpg,1,Anomaly
/kaggle/input/datasets/abdulmananraja/real-life-violence-situations/new_violence/violence/3307.jpg,1,Anomaly
/kaggle/input/datasets/abdulmananraja/real-life-violence-situations/new_violence/non_violence/3682.jpg,0,Normal
/kaggle/input/datasets/abdulmananraja/real-life-violence-situations/new_violence/violence/4878.jpg,1,Anomaly
/kaggle/input/datasets/abdulmananraja/real-life-violence-situations/new_violence/non_violence/696.jpg,0,Normal
/kaggle/input/datasets/abdulmananraja/real-life-violence-situations/new_violence/violence/4216.jpg,1,Anomaly
/kaggle/input/datasets/abdulmananraja/real-life-violence-situations/new_violence/violence/4843.jpg,1,Anomaly
/kaggle/input/datasets/abdulmananraja/real-life-violence-situations/new_violence/non_violence/4303.jpg,0,Normal
/kaggle/input/datasets/abdulmananraja/real-life-violence-situations/new_violence/non_violence/1767.jpg,0,Normal
/kaggle/input/datasets/abdulmananraja/real-life-violence-situations/new_violence/non_violence/4969.jpg,0,Normal
/kaggle/input/datasets/abdulmananraja/real-life-violence-situations/new_violence/non_violence/2349.jpg,0,Normal
/kaggle/input/datasets/abdulmananraja/real-life-violence-situations/new_violence/non_violence/532.jpg,0,Normal
/kaggle/input/datasets/abdulmananraja/real-life-violence-situations/new_violence/non_violence/2929.jpg,0,Normal
/kaggle/input/datasets/abdulmananraja/real-life-violence-situations/new_violence/non_violence/2693.jpg,0,Normal
/kaggle/input/datasets/abdulmananraja/real-life-violence-situations/new_violence/violence/4922.jpg,1,Anomaly
/kaggle/input/datasets/abdulmananraja/real-life-violence-situations/new_violence/non_violence/4960.jpg,0,Normal
/kaggle/input/datasets/abdulmananraja/real-life-violence-situations/new_violence/violence/2523.jpg,1,Anomaly
/kaggle/input/datasets/abdulmananraja/real-life-violence-situations/new_violence/non_violence/952.jpg,0,Normal
/kaggle/input/datasets/abdulmananraja/real-life-violence-situations/new_violence/violence/1892.jpg,1,Anomaly
/kaggle/input/datasets/abdulmananraja/real-life-violence-situations/new_violence/non_violence/3605.jpg,0,Normal
/kaggle/input/datasets/abdulmananraja/real-life-violence-situations/new_violence/violence/281.jpg,1,Anomaly
/kaggle/input/datasets/abdulmananraja/real-life-violence-situations/new_violence/violence/2486.jpg,1,Anomaly
/kaggle/input/datasets/abdulmananraja/real-life-violence-situations/new_violence/violence/3320.jpg,1,Anomaly
/kaggle/input/datasets/abdulmananraja/real-life-violence-situations/new_violence/violence/485.jpg,1,Anomaly
/kaggle/input/datasets/abdulmananraja/real-life-violence-situations/new_violence/violence/5116.jpg,1,Anomaly
/kaggle/input/datasets/abdulmananraja/real-life-violence-situations/new_violence/violence/5571.jpg,1,Anomaly
/kaggle/input/datasets/abdulmananraja/real-life-violence-situations/new_violence/non_violence/374.jpg,0,Normal
/kaggle/input/datasets/abdulmananraja/real-life-violence-situations/new_violence/non_violence/2068.jpg,0,Normal
/kaggle/input/datasets/abdulmananraja/real-life-violence-situations/new_violence/non_violence/4567.jpg,0,Normal
/kaggle/input/datasets/abdulmananraja/real-life-violence-situations/new_violence/non_violence/3479.jpg,0,Normal
/kaggle/input/datasets/abdulmananraja/real-life-violence-situations/new_violence/non_violence/4290.jpg,0,Normal
/kaggle/input/datasets/abdulmananraja/real-life-violence-situations/new_violence/non_violence/1380.jpg,0,Normal
/kaggle/input/datasets/abdulmananraja/real-life-violence-situations/new_violence/non_violence/4201.jpg,0,Normal
/kaggle/input/datasets/abdulmananraja/real-life-violence-situations/new_violence/violence/699.jpg,1,Anomaly
/kaggle/input/datasets/abdulmananraja/real-life-violence-situations/new_violence/violence/514.jpg,1,Anomaly
/kaggle/input/datasets/abdulmananraja/real-life-violence-situations/new_violence/non_violence/4699.jpg,0,Normal
/kaggle/input/datasets/abdulmananraja/real-life-violence-situations/new_violence/non_violence/3891.jpg,0,Normal
/kaggle/input/datasets/abdulmananraja/real-life-violence-situations/new_violence/non_violence/3587.jpg,0,Normal
/kaggle/input/datasets/abdulmananraja/real-life-violence-situations/new_violence/violence/2038.jpg,1,Anomaly
/kaggle/input/datasets/abdulmananraja/real-life-violence-situations/new_violence/violence/242.jpg,1,Anomaly
/kaggle/input/datasets/abdulmananraja/real-life-violence-situations/new_violence/non_violence/1850.jpg,0,Normal
/kaggle/input/datasets/abdulmananraja/real-life-violence-situations/new_violence/violence/3852.jpg,1,Anomaly
/kaggle/input/datasets/abdulmananraja/real-life-violence-situations/new_violence/violence/1804.jpg,1,Anomaly
/kaggle/input/datasets/abdulmananraja/real-life-violence-situations/new_violence/non_violence/2054.jpg,0,Normal
/kaggle/input/datasets/abdulmananraja/real-life-violence-situations/new_violence/non_violence/634.jpg,0,Normal
/kaggle/input/datasets/abdulmananraja/real-life-violence-situations/new_violence/non_violence/3002.jpg,0,Normal
/kaggle/input/datasets/abdulmananraja/real-life-violence-situations/new_violence/non_violence/2718.jpg,0,Normal
/kaggle/input/datasets/abdulmananraja/real-life-violence-situations/new_violence/violence/3834.jpg,1,Anomaly
/kaggle/input/datasets/abdulmananraja/real-life-violence-situations/new_violence/non_violence/2234.jpg,0,Normal
/kaggle/input/datasets/abdulmananraja/real-life-violence-situations/new_violence/violence/3253.jpg,1,Anomaly
/kaggle/input/datasets/abdulmananraja/real-life-violence-situations/new_violence/non_violence/1721.jpg,0,Normal
/kaggle/input/datasets/abdulmananraja/real-life-violence-situations/new_violence/violence/4492.jpg,1,Anomaly
/kaggle/input/datasets/abdulmananraja/real-life-violence-situations/new_violence/non_violence/4724.jpg,0,Normal
/kaggle/input/datasets/abdulmananraja/real-life-violence-situations/new_violence/non_violence/1011.jpg,0,Normal
/kaggle/input/datasets/abdulmananraja/real-life-violence-situations/new_violence/non_violence/2194.jpg,0,Normal
/kaggle/input/datasets/abdulmananraja/real-life-violence-situations/new_violence/violence/4098.jpg,1,Anomaly
/kaggle/input/datasets/abdulmananraja/real-life-violence-situations/new_violence/violence/4170.jpg,1,Anomaly
/kaggle/input/datasets/abdulmananraja/real-life-violence-situations/new_violence/non_violence/2822.jpg,0,Normal
/kaggle/input/datasets/abdulmananraja/real-life-violence-situations/new_violence/non_violence/3717.jpg,0,Normal
/kaggle/input/datasets/abdulmananraja/real-life-violence-situations/new_violence/violence/2173.jpg,1,Anomaly
/kaggle/input/datasets/abdulmananraja/real-life-violence-situations/new_violence/non_violence/5157.jpg,0,Normal
/kaggle/input/datasets/abdulmananraja/real-life-violence-situations/new_violence/non_violence/2913.jpg,0,Normal
/kaggle/input/datasets/abdulmananraja/real-life-violence-situations/new_violence/non_violence/665.jpg,0,Normal
/kaggle/input/datasets/abdulmananraja/real-life-violence-situations/new_violence/non_violence/2226.jpg,0,Normal
/kaggle/input/datasets/abdulmananraja/real-life-violence-situations/new_violence/violence/1306.jpg,1,Anomaly
/kaggle/input/datasets/abdulmananraja/real-life-violence-situations/new_violence/non_violence/4786.jpg,0,Normal
/kaggle/input/datasets/abdulmananraja/real-life-violence-situations/new_violence/violence/1255.jpg,1,Anomaly
/kaggle/input/datasets/abdulmananraja/real-life-violence-situations/new_violence/violence/5696.jpg,1,Anomaly
/kaggle/input/datasets/abdulmananraja/real-life-violence-situations/new_violence/violence/1413.jpg,1,Anomaly
/kaggle/input/datasets/abdulmananraja/real-life-violence-situations/new_violence/violence/581.jpg,1,Anomaly
/kaggle/input/datasets/abdulmananraja/real-life-violence-situations/new_violence/violence/3605.jpg,1,Anomaly
/kaggle/input/datasets/abdulmananraja/real-life-violence-situations/new_violence/non_violence/4440.jpg,0,Normal
/kaggle/input/datasets/abdulmananraja/real-life-violence-situations/new_violence/non_violence/4390.jpg,0,Normal
/kaggle/input/datasets/abdulmananraja/real-life-violence-situations/new_violence/violence/3415.jpg,1,Anomaly
/kaggle/input/datasets/abdulmananraja/real-life-violence-situations/new_violence/non_violence/791.jpg,0,Normal
/kaggle/input/datasets/abdulmananraja/real-life-violence-situations/new_violence/violence/3349.jpg,1,Anomaly
/kaggle/input/datasets/abdulmananraja/real-life-violence-situations/new_violence/non_violence/4225.jpg,0,Normal
/kaggle/input/datasets/abdulmananraja/real-life-violence-situations/new_violence/violence/2869.jpg,1,Anomaly
/kaggle/input/datasets/abdulmananraja/real-life-violence-situations/new_violence/non_violence/3521.jpg,0,Normal
/kaggle/input/datasets/abdulmananraja/real-life-violence-situations/new_violence/violence/4968.jpg,1,Anomaly
/kaggle/input/datasets/abdulmananraja/real-life-violence-situations/new_violence/violence/4532.jpg,1,Anomaly
/kaggle/input/datasets/abdulmananraja/real-life-violence-situations/new_violence/violence/1549.jpg,1,Anomaly
/kaggle/input/datasets/abdulmananraja/real-life-violence-situations/new_violence/violence/5495.jpg,1,Anomaly
/kaggle/input/datasets/abdulmananraja/real-life-violence-situations/new_violence/non_violence/3340.jpg,0,Normal
/kaggle/input/datasets/abdulmananraja/real-life-violence-situations/new_violence/violence/948.jpg,1,Anomaly
/kaggle/input/datasets/abdulmananraja/real-life-violence-situations/new_violence/non_violence/3144.jpg,0,Normal
/kaggle/input/datasets/abdulmananraja/real-life-violence-situations/new_violence/non_violence/372.jpg,0,Normal
/kaggle/input/datasets/abdulmananraja/real-life-violence-situations/new_violence/violence/2622.jpg,1,Anomaly
/kaggle/input/datasets/abdulmananraja/real-life-violence-situations/new_violence/non_violence/1805.jpg,0,Normal
/kaggle/input/datasets/abdulmananraja/real-life-violence-situations/new_violence/non_violence/5048.jpg,0,Normal
/kaggle/input/datasets/abdulmananraja/real-life-violence-situations/new_violence/non_violence/3693.jpg,0,Normal
/kaggle/input/datasets/abdulmananraja/real-life-violence-situations/new_violence/non_violence/3185.jpg,0,Normal
/kaggle/input/datasets/abdulmananraja/real-life-violence-situations/new_violence/non_violence/2650.jpg,0,Normal
/kaggle/input/datasets/abdulmananraja/real-life-violence-situations/new_violence/non_violence/2166.jpg,0,Normal
/kaggle/input/datasets/abdulmananraja/real-life-violence-situations/new_violence/violence/3899.jpg,1,Anomaly
/kaggle/input/datasets/abdulmananraja/real-life-violence-situations/new_violence/non_violence/3969.jpg,0,Normal
/kaggle/input/datasets/abdulmananraja/real-life-violence-situations/new_violence/non_violence/1609.jpg,0,Normal
/kaggle/input/datasets/abdulmananraja/real-life-violence-situations/new_violence/non_violence/4156.jpg,0,Normal
/kaggle/input/datasets/abdulmananraja/real-life-violence-situations/new_violence/violence/2521.jpg,1,Anomaly
/kaggle/input/datasets/abdulmananraja/real-life-violence-situations/new_violence/non_violence/1875.jpg,0,Normal
/kaggle/input/datasets/abdulmananraja/real-life-violence-situations/new_violence/violence/108.jpg,1,Anomaly
/kaggle/input/datasets/abdulmananraja/real-life-violence-situations/new_violence/violence/3205.jpg,1,Anomaly
/kaggle/input/datasets/abdulmananraja/real-life-violence-situations/new_violence/violence/5242.jpg,1,Anomaly
/kaggle/input/datasets/abdulmananraja/real-life-violence-situations/new_violence/non_violence/4828.jpg,0,Normal
/kaggle/input/datasets/abdulmananraja/real-life-violence-situations/new_violence/violence/1163.jpg,1,Anomaly
/kaggle/input/datasets/abdulmananraja/real-life-violence-situations/new_violence/violence/4307.jpg,1,Anomaly
/kaggle/input/datasets/abdulmananraja/real-life-violence-situations/new_violence/non_violence/1129.jpg,0,Normal
/kaggle/input/datasets/abdulmananraja/real-life-violence-situations/new_violence/non_violence/1499.jpg,0,Normal
/kaggle/input/datasets/abdulmananraja/real-life-violence-situations/new_violence/violence/4257.jpg,1,Anomaly
/kaggle/input/datasets/abdulmananraja/real-life-violence-situations/new_violence/non_violence/4640.jpg,0,Normal
/kaggle/input/datasets/abdulmananraja/real-life-violence-situations/new_violence/non_violence/1829.jpg,0,Normal
/kaggle/input/datasets/abdulmananraja/real-life-violence-situations/new_violence/non_violence/4998.jpg,0,Normal
/kaggle/input/datasets/abdulmananraja/real-life-violence-situations/new_violence/violence/4247.jpg,1,Anomaly
/kaggle/input/datasets/abdulmananraja/real-life-violence-situations/new_violence/non_violence/2404.jpg,0,Normal
/kaggle/input/datasets/abdulmananraja/real-life-violence-situations/new_violence/non_violence/2960.jpg,0,Normal
/kaggle/input/datasets/abdulmananraja/real-life-violence-situations/new_violence/violence/5424.jpg,1,Anomaly
/kaggle/input/datasets/abdulmananraja/real-life-violence-situations/new_violence/non_violence/1119.jpg,0,Normal
/kaggle/input/datasets/abdulmananraja/real-life-violence-situations/new_violence/violence/1885.jpg,1,Anomaly
/kaggle/input/datasets/abdulmananraja/real-life-violence-situations/new_violence/non_violence/5201.jpg,0,Normal
/kaggle/input/datasets/abdulmananraja/real-life-violence-situations/new_violence/non_violence/5224.jpg,0,Normal
/kaggle/input/datasets/abdulmananraja/real-life-violence-situations/new_violence/non_violence/3505.jpg,0,Normal
/kaggle/input/datasets/abdulmananraja/real-life-violence-situations/new_violence/non_violence/1126.jpg,0,Normal
/kaggle/input/datasets/abdulmananraja/real-life-violence-situations/new_violence/non_violence/433.jpg,0,Normal
/kaggle/input/datasets/abdulmananraja/real-life-violence-situations/new_violence/violence/1814.jpg,1,Anomaly
/kaggle/input/datasets/abdulmananraja/real-life-violence-situations/new_violence/violence/4676.jpg,1,Anomaly
/kaggle/input/datasets/abdulmananraja/real-life-violence-situations/new_violence/non_violence/2914.jpg,0,Normal
/kaggle/input/datasets/abdulmananraja/real-life-violence-situations/new_violence/non_violence/1424.jpg,0,Normal
/kaggle/input/datasets/abdulmananraja/real-life-violence-situations/new_violence/violence/3513.jpg,1,Anomaly
/kaggle/input/datasets/abdulmananraja/real-life-violence-situations/new_violence/violence/1193.jpg,1,Anomaly
/kaggle/input/datasets/abdulmananraja/real-life-violence-situations/new_violence/non_violence/852.jpg,0,Normal
/kaggle/input/datasets/abdulmananraja/real-life-violence-situations/new_violence/violence/538.jpg,1,Anomaly
/kaggle/input/datasets/abdulmananraja/real-life-violence-situations/new_violence/non_violence/786.jpg,0,Normal
/kaggle/input/datasets/abdulmananraja/real-life-violence-situations/new_violence/violence/209.jpg,1,Anomaly
/kaggle/input/datasets/abdulmananraja/real-life-violence-situations/new_violence/non_violence/1655.jpg,0,Normal
/kaggle/input/datasets/abdulmananraja/real-life-violence-situations/new_violence/violence/533.jpg,1,Anomaly
/kaggle/input/datasets/abdulmananraja/real-life-violence-situations/new_violence/violence/2828.jpg,1,Anomaly
/kaggle/input/datasets/abdulmananraja/real-life-violence-situations/new_violence/non_violence/545.jpg,0,Normal
/kaggle/input/datasets/abdulmananraja/real-life-violence-situations/new_violence/non_violence/343.jpg,0,Normal
/kaggle/input/datasets/abdulmananraja/real-life-violence-situations/new_violence/non_violence/5141.jpg,0,Normal
/kaggle/input/datasets/abdulmananraja/real-life-violence-situations/new_violence/non_violence/504.jpg,0,Normal
/kaggle/input/datasets/abdulmananraja/real-life-violence-situations/new_violence/violence/3395.jpg,1,Anomaly
/kaggle/input/datasets/abdulmananraja/real-life-violence-situations/new_violence/violence/4971.jpg,1,Anomaly
/kaggle/input/datasets/abdulmananraja/real-life-violence-situations/new_violence/violence/5625.jpg,1,Anomaly
/kaggle/input/datasets/abdulmananraja/real-life-violence-situations/new_violence/non_violence/3866.jpg,0,Normal
/kaggle/input/datasets/abdulmananraja/real-life-violence-situations/new_violence/non_violence/2963.jpg,0,Normal
/kaggle/input/datasets/abdulmananraja/real-life-violence-situations/new_violence/violence/1996.jpg,1,Anomaly
/kaggle/input/datasets/abdulmananraja/real-life-violence-situations/new_violence/non_violence/3498.jpg,0,Normal
/kaggle/input/datasets/abdulmananraja/real-life-violence-situations/new_violence/violence/4981.jpg,1,Anomaly
/kaggle/input/datasets/abdulmananraja/real-life-violence-situations/new_violence/non_violence/549.jpg,0,Normal
/kaggle/input/datasets/abdulmananraja/real-life-violence-situations/new_violence/violence/5543.jpg,1,Anomaly
/kaggle/input/datasets/abdulmananraja/real-life-violence-situations/new_violence/violence/432.jpg,1,Anomaly
/kaggle/input/datasets/abdulmananraja/real-life-violence-situations/new_violence/violence/781.jpg,1,Anomaly
/kaggle/input/datasets/abdulmananraja/real-life-violence-situations/new_violence/non_violence/2565.jpg,0,Normal
/kaggle/input/datasets/abdulmananraja/real-life-violence-situations/new_violence/violence/2909.jpg,1,Anomaly
/kaggle/input/datasets/abdulmananraja/real-life-violence-situations/new_violence/violence/3615.jpg,1,Anomaly
/kaggle/input/datasets/abdulmananraja/real-life-violence-situations/new_violence/violence/5785.jpg,1,Anomaly
/kaggle/input/datasets/abdulmananraja/real-life-violence-situations/new_violence/non_violence/2239.jpg,0,Normal
/kaggle/input/datasets/abdulmananraja/real-life-violence-situations/new_violence/non_violence/4747.jpg,0,Normal
/kaggle/input/datasets/abdulmananraja/real-life-violence-situations/new_violence/violence/4388.jpg,1,Anomaly
/kaggle/input/datasets/abdulmananraja/real-life-violence-situations/new_violence/non_violence/2624.jpg,0,Normal
/kaggle/input/datasets/abdulmananraja/real-life-violence-situations/new_violence/non_violence/4061.jpg,0,Normal
/kaggle/input/datasets/abdulmananraja/real-life-violence-situations/new_violence/non_violence/3272.jpg,0,Normal
/kaggle/input/datasets/abdulmananraja/real-life-violence-situations/new_violence/violence/3271.jpg,1,Anomaly
/kaggle/input/datasets/abdulmananraja/real-life-violence-situations/new_violence/violence/4355.jpg,1,Anomaly
/kaggle/input/datasets/abdulmananraja/real-life-violence-situations/new_violence/violence/3560.jpg,1,Anomaly
/kaggle/input/datasets/abdulmananraja/real-life-violence-situations/new_violence/non_violence/2306.jpg,0,Normal
/kaggle/input/datasets/abdulmananraja/real-life-violence-situations/new_violence/violence/2410.jpg,1,Anomaly
/kaggle/input/datasets/abdulmananraja/real-life-violence-situations/new_violence/non_violence/75.jpg,0,Normal
/kaggle/input/datasets/abdulmananraja/real-life-violence-situations/new_violence/violence/4570.jpg,1,Anomaly
/kaggle/input/datasets/abdulmananraja/real-life-violence-situations/new_violence/violence/1002.jpg,1,Anomaly
/kaggle/input/datasets/abdulmananraja/real-life-violence-situations/new_violence/non_violence/3434.jpg,0,Normal
/kaggle/input/datasets/abdulmananraja/real-life-violence-situations/new_violence/violence/3878.jpg,1,Anomaly
/kaggle/input/datasets/abdulmananraja/real-life-violence-situations/new_violence/non_violence/2111.jpg,0,Normal
/kaggle/input/datasets/abdulmananraja/real-life-violence-situations/new_violence/non_violence/2351.jpg,0,Normal
/kaggle/input/datasets/abdulmananraja/real-life-violence-situations/new_violence/non_violence/262.jpg,0,Normal
/kaggle/input/datasets/abdulmananraja/real-life-violence-situations/new_violence/violence/1041.jpg,1,Anomaly
/kaggle/input/datasets/abdulmananraja/real-life-violence-situations/new_violence/non_violence/4378.jpg,0,Normal
/kaggle/input/datasets/abdulmananraja/real-life-violence-situations/new_violence/non_violence/1442.jpg,0,Normal
/kaggle/input/datasets/abdulmananraja/real-life-violence-situations/new_violence/non_violence/4531.jpg,0,Normal
/kaggle/input/datasets/abdulmananraja/real-life-violence-situations/new_violence/violence/1675.jpg,1,Anomaly
/kaggle/input/datasets/abdulmananraja/real-life-violence-situations/new_violence/violence/4983.jpg,1,Anomaly
/kaggle/input/datasets/abdulmananraja/real-life-violence-situations/new_violence/violence/4844.jpg,1,Anomaly
/kaggle/input/datasets/abdulmananraja/real-life-violence-situations/new_violence/violence/2444.jpg,1,Anomaly
/kaggle/input/datasets/abdulmananraja/real-life-violence-situations/new_violence/violence/1680.jpg,1,Anomaly
/kaggle/input/datasets/abdulmananraja/real-life-violence-situations/new_violence/non_violence/390.jpg,0,Normal
/kaggle/input/datasets/abdulmananraja/real-life-violence-situations/new_violence/non_violence/2151.jpg,0,Normal
/kaggle/input/datasets/abdulmananraja/real-life-violence-situations/new_violence/violence/2354.jpg,1,Anomaly
/kaggle/input/datasets/abdulmananraja/real-life-violence-situations/new_violence/non_violence/4283.jpg,0,Normal
/kaggle/input/datasets/abdulmananraja/real-life-violence-situations/new_violence/non_violence/1704.jpg,0,Normal
/kaggle/input/datasets/abdulmananraja/real-life-violence-situations/new_violence/non_violence/4113.jpg,0,Normal
/kaggle/input/datasets/abdulmananraja/real-life-violence-situations/new_violence/violence/3472.jpg,1,Anomaly
/kaggle/input/datasets/abdulmananraja/real-life-violence-situations/new_violence/violence/3645.jpg,1,Anomaly
/kaggle/input/datasets/abdulmananraja/real-life-violence-situations/new_violence/non_violence/1624.jpg,0,Normal
/kaggle/input/datasets/abdulmananraja/real-life-violence-situations/new_violence/non_violence/2284.jpg,0,Normal
/kaggle/input/datasets/abdulmananraja/real-life-violence-situations/new_violence/non_violence/4540.jpg,0,Normal
/kaggle/input/datasets/abdulmananraja/real-life-violence-situations/new_violence/violence/2883.jpg,1,Anomaly
/kaggle/input/datasets/abdulmananraja/real-life-violence-situations/new_violence/non_violence/1883.jpg,0,Normal
/kaggle/input/datasets/abdulmananraja/real-life-violence-situations/new_violence/non_violence/3318.jpg,0,Normal
/kaggle/input/datasets/abdulmananraja/real-life-violence-situations/new_violence/violence/5236.jpg,1,Anomaly
/kaggle/input/datasets/abdulmananraja/real-life-violence-situations/new_violence/non_violence/5119.jpg,0,Normal
/kaggle/input/datasets/abdulmananraja/real-life-violence-situations/new_violence/non_violence/882.jpg,0,Normal
/kaggle/input/datasets/abdulmananraja/real-life-violence-situations/new_violence/violence/5321.jpg,1,Anomaly
/kaggle/input/datasets/abdulmananraja/real-life-violence-situations/new_violence/violence/2367.jpg,1,Anomaly
/kaggle/input/datasets/abdulmananraja/real-life-violence-situations/new_violence/violence/1617.jpg,1,Anomaly
/kaggle/input/datasets/abdulmananraja/real-life-violence-situations/new_violence/non_violence/1109.jpg,0,Normal
/kaggle/input/datasets/abdulmananraja/real-life-violence-situations/new_violence/non_violence/703.jpg,0,Normal
/kaggle/input/datasets/abdulmananraja/real-life-violence-situations/new_violence/violence/254.jpg,1,Anomaly
/kaggle/input/datasets/abdulmananraja/real-life-violence-situations/new_violence/violence/2206.jpg,1,Anomaly
/kaggle/input/datasets/abdulmananraja/real-life-violence-situations/new_violence/non_violence/4581.jpg,0,Normal
/kaggle/input/datasets/abdulmananraja/real-life-violence-situations/new_violence/non_violence/4217.jpg,0,Normal
/kaggle/input/datasets/abdulmananraja/real-life-violence-situations/new_violence/non_violence/3095.jpg,0,Normal
/kaggle/input/datasets/abdulmananraja/real-life-violence-situations/new_violence/non_violence/2435.jpg,0,Normal
/kaggle/input/datasets/abdulmananraja/real-life-violence-situations/new_violence/non_violence/1093.jpg,0,Normal
/kaggle/input/datasets/abdulmananraja/real-life-violence-situations/new_violence/non_violence/4571.jpg,0,Normal
/kaggle/input/datasets/abdulmananraja/real-life-violence-situations/new_violence/non_violence/3754.jpg,0,Normal
/kaggle/input/datasets/abdulmananraja/real-life-violence-situations/new_violence/non_violence/2933.jpg,0,Normal
/kaggle/input/datasets/abdulmananraja/real-life-violence-situations/new_violence/violence/3364.jpg,1,Anomaly
/kaggle/input/datasets/abdulmananraja/real-life-violence-situations/new_violence/non_violence/2890.jpg,0,Normal
/kaggle/input/datasets/abdulmananraja/real-life-violence-situations/new_violence/violence/3143.jpg,1,Anomaly
/kaggle/input/datasets/abdulmananraja/real-life-violence-situations/new_violence/violence/4934.jpg,1,Anomaly
/kaggle/input/datasets/abdulmananraja/real-life-violence-situations/new_violence/violence/2605.jpg,1,Anomaly
/kaggle/input/datasets/abdulmananraja/real-life-violence-situations/new_violence/violence/2091.jpg,1,Anomaly
/kaggle/input/datasets/abdulmananraja/real-life-violence-situations/new_violence/violence/1715.jpg,1,Anomaly
/kaggle/input/datasets/abdulmananraja/real-life-violence-situations/new_violence/violence/590.jpg,1,Anomaly
/kaggle/input/datasets/abdulmananraja/real-life-violence-situations/new_violence/violence/4621.jpg,1,Anomaly
/kaggle/input/datasets/abdulmananraja/real-life-violence-situations/new_violence/non_violence/3468.jpg,0,Normal
/kaggle/input/datasets/abdulmananraja/real-life-violence-situations/new_violence/non_violence/465.jpg,0,Normal
/kaggle/input/datasets/abdulmananraja/real-life-violence-situations/new_violence/non_violence/1092.jpg,0,Normal
/kaggle/input/datasets/abdulmananraja/real-life-violence-situations/new_violence/non_violence/2078.jpg,0,Normal
/kaggle/input/datasets/abdulmananraja/real-life-violence-situations/new_violence/violence/1030.jpg,1,Anomaly
/kaggle/input/datasets/abdulmananraja/real-life-violence-situations/new_violence/non_violence/4743.jpg,0,Normal
/kaggle/input/datasets/abdulmananraja/real-life-violence-situations/new_violence/violence/910.jpg,1,Anomaly
/kaggle/input/datasets/abdulmananraja/real-life-violence-situations/new_violence/non_violence/3349.jpg,0,Normal
/kaggle/input/datasets/abdulmananraja/real-life-violence-situations/new_violence/violence/3564.jpg,1,Anomaly
/kaggle/input/datasets/abdulmananraja/real-life-violence-situations/new_violence/violence/4760.jpg,1,Anomaly
/kaggle/input/datasets/abdulmananraja/real-life-violence-situations/new_violence/non_violence/3765.jpg,0,Normal
/kaggle/input/datasets/abdulmananraja/real-life-violence-situations/new_violence/violence/3519.jpg,1,Anomaly
/kaggle/input/datasets/abdulmananraja/real-life-violence-situations/new_violence/non_violence/4753.jpg,0,Normal
/kaggle/input/datasets/abdulmananraja/real-life-violence-situations/new_violence/violence/598.jpg,1,Anomaly
/kaggle/input/datasets/abdulmananraja/real-life-violence-situations/new_violence/non_violence/415.jpg,0,Normal
/kaggle/input/datasets/abdulmananraja/real-life-violence-situations/new_violence/violence/460.jpg,1,Anomaly
/kaggle/input/datasets/abdulmananraja/real-life-violence-situations/new_violence/non_violence/1633.jpg,0,Normal
/kaggle/input/datasets/abdulmananraja/real-life-violence-situations/new_violence/violence/4466.jpg,1,Anomaly
/kaggle/input/datasets/abdulmananraja/real-life-violence-situations/new_violence/violence/5671.jpg,1,Anomaly
/kaggle/input/datasets/abdulmananraja/real-life-violence-situations/new_violence/non_violence/3761.jpg,0,Normal
/kaggle/input/datasets/abdulmananraja/real-life-violence-situations/new_violence/non_violence/1053.jpg,0,Normal
/kaggle/input/datasets/abdulmananraja/real-life-violence-situations/new_violence/violence/1370.jpg,1,Anomaly
/kaggle/input/datasets/abdulmananraja/real-life-violence-situations/new_violence/violence/2995.jpg,1,Anomaly
/kaggle/input/datasets/abdulmananraja/real-life-violence-situations/new_violence/non_violence/3675.jpg,0,Normal
/kaggle/input/datasets/abdulmananraja/real-life-violence-situations/new_violence/non_violence/4637.jpg,0,Normal
/kaggle/input/datasets/abdulmananraja/real-life-violence-situations/new_violence/non_violence/4563.jpg,0,Normal
/kaggle/input/datasets/abdulmananraja/real-life-violence-situations/new_violence/violence/1399.jpg,1,Anomaly
/kaggle/input/datasets/abdulmananraja/real-life-violence-situations/new_violence/violence/3932.jpg,1,Anomaly
/kaggle/input/datasets/abdulmananraja/real-life-violence-situations/new_violence/violence/1727.jpg,1,Anomaly
/kaggle/input/datasets/abdulmananraja/real-life-violence-situations/new_violence/non_violence/4777.jpg,0,Normal
/kaggle/input/datasets/abdulmananraja/real-life-violence-situations/new_violence/non_violence/645.jpg,0,Normal
/kaggle/input/datasets/abdulmananraja/real-life-violence-situations/new_violence/violence/1145.jpg,1,Anomaly
/kaggle/input/datasets/abdulmananraja/real-life-violence-situations/new_violence/non_violence/386.jpg,0,Normal
/kaggle/input/datasets/abdulmananraja/real-life-violence-situations/new_violence/violence/857.jpg,1,Anomaly
/kaggle/input/datasets/abdulmananraja/real-life-violence-situations/new_violence/violence/3533.jpg,1,Anomaly
/kaggle/input/datasets/abdulmananraja/real-life-violence-situations/new_violence/non_violence/4401.jpg,0,Normal
/kaggle/input/datasets/abdulmananraja/real-life-violence-situations/new_violence/non_violence/2452.jpg,0,Normal
/kaggle/input/datasets/abdulmananraja/real-life-violence-situations/new_violence/violence/4059.jpg,1,Anomaly
/kaggle/input/datasets/abdulmananraja/real-life-violence-situations/new_violence/non_violence/2367.jpg,0,Normal
/kaggle/input/datasets/abdulmananraja/real-life-violence-situations/new_violence/violence/2496.jpg,1,Anomaly
/kaggle/input/datasets/abdulmananraja/real-life-violence-situations/new_violence/non_violence/1572.jpg,0,Normal
/kaggle/input/datasets/abdulmananraja/real-life-violence-situations/new_violence/non_violence/625.jpg,0,Normal
/kaggle/input/datasets/abdulmananraja/real-life-violence-situations/new_violence/violence/3132.jpg,1,Anomaly
/kaggle/input/datasets/abdulmananraja/real-life-violence-situations/new_violence/non_violence/5139.jpg,0,Normal
/kaggle/input/datasets/abdulmananraja/real-life-violence-situations/new_violence/violence/4112.jpg,1,Anomaly
/kaggle/input/datasets/abdulmananraja/real-life-violence-situations/new_violence/violence/4107.jpg,1,Anomaly
/kaggle/input/datasets/abdulmananraja/real-life-violence-situations/new_violence/non_violence/4871.jpg,0,Normal
/kaggle/input/datasets/abdulmananraja/real-life-violence-situations/new_violence/violence/3807.jpg,1,Anomaly
/kaggle/input/datasets/abdulmananraja/real-life-violence-situations/new_violence/violence/2575.jpg,1,Anomaly
/kaggle/input/datasets/abdulmananraja/real-life-violence-situations/new_violence/non_violence/3145.jpg,0,Normal
/kaggle/input/datasets/abdulmananraja/real-life-violence-situations/new_violence/violence/5280.jpg,1,Anomaly
/kaggle/input/datasets/abdulmananraja/real-life-violence-situations/new_violence/non_violence/1516.jpg,0,Normal
/kaggle/input/datasets/abdulmananraja/real-life-violence-situations/new_violence/non_violence/1031.jpg,0,Normal
/kaggle/input/datasets/abdulmananraja/real-life-violence-situations/new_violence/violence/3490.jpg,1,Anomaly
/kaggle/input/datasets/abdulmananraja/real-life-violence-situations/new_violence/non_violence/3697.jpg,0,Normal
/kaggle/input/datasets/abdulmananraja/real-life-violence-situations/new_violence/non_violence/3215.jpg,0,Normal
/kaggle/input/datasets/abdulmananraja/real-life-violence-situations/new_violence/violence/3671.jpg,1,Anomaly
/kaggle/input/datasets/abdulmananraja/real-life-violence-situations/new_violence/violence/4718.jpg,1,Anomaly
/kaggle/input/datasets/abdulmananraja/real-life-violence-situations/new_violence/non_violence/3454.jpg,0,Normal
/kaggle/input/datasets/abdulmananraja/real-life-violence-situations/new_violence/non_violence/4565.jpg,0,Normal
/kaggle/input/datasets/abdulmananraja/real-life-violence-situations/new_violence/violence/3124.jpg,1,Anomaly
/kaggle/input/datasets/abdulmananraja/real-life-violence-situations/new_violence/violence/3196.jpg,1,Anomaly
/kaggle/input/datasets/abdulmananraja/real-life-violence-situations/new_violence/violence/2197.jpg,1,Anomaly
/kaggle/input/datasets/abdulmananraja/real-life-violence-situations/new_violence/non_violence/1045.jpg,0,Normal
/kaggle/input/datasets/abdulmananraja/real-life-violence-situations/new_violence/violence/4000.jpg,1,Anomaly
/kaggle/input/datasets/abdulmananraja/real-life-violence-situations/new_violence/non_violence/534.jpg,0,Normal
/kaggle/input/datasets/abdulmananraja/real-life-violence-situations/new_violence/non_violence/3818.jpg,0,Normal
/kaggle/input/datasets/abdulmananraja/real-life-violence-situations/new_violence/violence/2651.jpg,1,Anomaly
/kaggle/input/datasets/abdulmananraja/real-life-violence-situations/new_violence/violence/1800.jpg,1,Anomaly
/kaggle/input/datasets/abdulmananraja/real-life-violence-situations/new_violence/violence/1783.jpg,1,Anomaly
/kaggle/input/datasets/abdulmananraja/real-life-violence-situations/new_violence/violence/4669.jpg,1,Anomaly
/kaggle/input/datasets/abdulmananraja/real-life-violence-situations/new_violence/non_violence/1021.jpg,0,Normal
/kaggle/input/datasets/abdulmananraja/real-life-violence-situations/new_violence/violence/2688.jpg,1,Anomaly
/kaggle/input/datasets/abdulmananraja/real-life-violence-situations/new_violence/non_violence/3455.jpg,0,Normal
/kaggle/input/datasets/abdulmananraja/real-life-violence-situations/new_violence/non_violence/1446.jpg,0,Normal
/kaggle/input/datasets/abdulmananraja/real-life-violence-situations/new_violence/non_violence/1145.jpg,0,Normal
/kaggle/input/datasets/abdulmananraja/real-life-violence-situations/new_violence/violence/3523.jpg,1,Anomaly
/kaggle/input/datasets/abdulmananraja/real-life-violence-situations/new_violence/non_violence/4717.jpg,0,Normal
/kaggle/input/datasets/abdulmananraja/real-life-violence-situations/new_violence/violence/4700.jpg,1,Anomaly
/kaggle/input/datasets/abdulmananraja/real-life-violence-situations/new_violence/violence/3274.jpg,1,Anomaly
/kaggle/input/datasets/abdulmananraja/real-life-violence-situations/new_violence/violence/4263.jpg,1,Anomaly
/kaggle/input/datasets/abdulmananraja/real-life-violence-situations/new_violence/violence/3569.jpg,1,Anomaly
/kaggle/input/datasets/abdulmananraja/real-life-violence-situations/new_violence/non_violence/748.jpg,0,Normal
/kaggle/input/datasets/abdulmananraja/real-life-violence-situations/new_violence/non_violence/4414.jpg,0,Normal
/kaggle/input/datasets/abdulmananraja/real-life-violence-situations/new_violence/violence/4776.jpg,1,Anomaly
/kaggle/input/datasets/abdulmananraja/real-life-violence-situations/new_violence/violence/741.jpg,1,Anomaly
/kaggle/input/datasets/abdulmananraja/real-life-violence-situations/new_violence/violence/5311.jpg,1,Anomaly
/kaggle/input/datasets/abdulmananraja/real-life-violence-situations/new_violence/non_violence/606.jpg,0,Normal
/kaggle/input/datasets/abdulmananraja/real-life-violence-situations/new_violence/non_violence/2301.jpg,0,Normal
/kaggle/input/datasets/abdulmananraja/real-life-violence-situations/new_violence/non_violence/582.jpg,0,Normal
/kaggle/input/datasets/abdulmananraja/real-life-violence-situations/new_violence/non_violence/1015.jpg,0,Normal
/kaggle/input/datasets/abdulmananraja/real-life-violence-situations/new_violence/violence/4279.jpg,1,Anomaly
/kaggle/input/datasets/abdulmananraja/real-life-violence-situations/new_violence/non_violence/296.jpg,0,Normal
/kaggle/input/datasets/abdulmananraja/real-life-violence-situations/new_violence/non_violence/4209.jpg,0,Normal
/kaggle/input/datasets/abdulmananraja/real-life-violence-situations/new_violence/non_violence/5205.jpg,0,Normal
/kaggle/input/datasets/abdulmananraja/real-life-violence-situations/new_violence/non_violence/1879.jpg,0,Normal
/kaggle/input/datasets/abdulmananraja/real-life-violence-situations/new_violence/violence/2683.jpg,1,Anomaly
/kaggle/input/datasets/abdulmananraja/real-life-violence-situations/new_violence/violence/4268.jpg,1,Anomaly
/kaggle/input/datasets/abdulmananraja/real-life-violence-situations/new_violence/violence/2843.jpg,1,Anomaly
/kaggle/input/datasets/abdulmananraja/real-life-violence-situations/new_violence/non_violence/3068.jpg,0,Normal
/kaggle/input/datasets/abdulmananraja/real-life-violence-situations/new_violence/violence/179.jpg,1,Anomaly
/kaggle/input/datasets/abdulmananraja/real-life-violence-situations/new_violence/violence/1218.jpg,1,Anomaly
/kaggle/input/datasets/abdulmananraja/real-life-violence-situations/new_violence/violence/496.jpg,1,Anomaly
/kaggle/input/datasets/abdulmananraja/real-life-violence-situations/new_violence/violence/260.jpg,1,Anomaly
/kaggle/input/datasets/abdulmananraja/real-life-violence-situations/new_violence/violence/5521.jpg,1,Anomaly
/kaggle/input/datasets/abdulmananraja/real-life-violence-situations/new_violence/non_violence/560.jpg,0,Normal
/kaggle/input/datasets/abdulmananraja/real-life-violence-situations/new_violence/non_violence/4396.jpg,0,Normal
/kaggle/input/datasets/abdulmananraja/real-life-violence-situations/new_violence/non_violence/3066.jpg,0,Normal
/kaggle/input/datasets/abdulmananraja/real-life-violence-situations/new_violence/violence/4226.jpg,1,Anomaly
/kaggle/input/datasets/abdulmananraja/real-life-violence-situations/new_violence/non_violence/3554.jpg,0,Normal
/kaggle/input/datasets/abdulmananraja/real-life-violence-situations/new_violence/violence/3638.jpg,1,Anomaly
/kaggle/input/datasets/abdulmananraja/real-life-violence-situations/new_violence/violence/2100.jpg,1,Anomaly
/kaggle/input/datasets/abdulmananraja/real-life-violence-situations/new_violence/non_violence/1138.jpg,0,Normal
/kaggle/input/datasets/abdulmananraja/real-life-violence-situations/new_violence/violence/4951.jpg,1,Anomaly
/kaggle/input/datasets/abdulmananraja/real-life-violence-situations/new_violence/violence/2404.jpg,1,Anomaly
/kaggle/input/datasets/abdulmananraja/real-life-violence-situations/new_violence/non_violence/2537.jpg,0,Normal
/kaggle/input/datasets/abdulmananraja/real-life-violence-situations/new_violence/non_violence/3067.jpg,0,Normal
/kaggle/input/datasets/abdulmananraja/real-life-violence-situations/new_violence/violence/4027.jpg,1,Anomaly
/kaggle/input/datasets/abdulmananraja/real-life-violence-situations/new_violence/non_violence/2507.jpg,0,Normal
/kaggle/input/datasets/abdulmananraja/real-life-violence-situations/new_violence/violence/909.jpg,1,Anomaly
/kaggle/input/datasets/abdulmananraja/real-life-violence-situations/new_violence/non_violence/1846.jpg,0,Normal
/kaggle/input/datasets/abdulmananraja/real-life-violence-situations/new_violence/non_violence/459.jpg,0,Normal
/kaggle/input/datasets/abdulmananraja/real-life-violence-situations/new_violence/non_violence/3628.jpg,0,Normal
/kaggle/input/datasets/abdulmananraja/real-life-violence-situations/new_violence/violence/3998.jpg,1,Anomaly
/kaggle/input/datasets/abdulmananraja/real-life-violence-situations/new_violence/non_violence/4970.jpg,0,Normal
/kaggle/input/datasets/abdulmananraja/real-life-violence-situations/new_violence/non_violence/4552.jpg,0,Normal
/kaggle/input/datasets/abdulmananraja/real-life-violence-situations/new_violence/non_violence/4984.jpg,0,Normal
/kaggle/input/datasets/abdulmananraja/real-life-violence-situations/new_violence/non_violence/3133.jpg,0,Normal
/kaggle/input/datasets/abdulmananraja/real-life-violence-situations/new_violence/violence/3203.jpg,1,Anomaly
/kaggle/input/datasets/abdulmananraja/real-life-violence-situations/new_violence/violence/2169.jpg,1,Anomaly
/kaggle/input/datasets/abdulmananraja/real-life-violence-situations/new_violence/non_violence/678.jpg,0,Normal
/kaggle/input/datasets/abdulmananraja/real-life-violence-situations/new_violence/non_violence/4931.jpg,0,Normal
/kaggle/input/datasets/abdulmananraja/real-life-violence-situations/new_violence/violence/3454.jpg,1,Anomaly
/kaggle/input/datasets/abdulmananraja/real-life-violence-situations/new_violence/violence/156.jpg,1,Anomaly
/kaggle/input/datasets/abdulmananraja/real-life-violence-situations/new_violence/violence/205.jpg,1,Anomaly
/kaggle/input/datasets/abdulmananraja/real-life-violence-situations/new_violence/non_violence/3553.jpg,0,Normal
/kaggle/input/datasets/abdulmananraja/real-life-violence-situations/new_violence/non_violence/1760.jpg,0,Normal
/kaggle/input/datasets/abdulmananraja/real-life-violence-situations/new_violence/non_violence/1508.jpg,0,Normal
/kaggle/input/datasets/abdulmananraja/real-life-violence-situations/new_violence/non_violence/5029.jpg,0,Normal
/kaggle/input/datasets/abdulmananraja/real-life-violence-situations/new_violence/violence/4737.jpg,1,Anomaly
/kaggle/input/datasets/abdulmananraja/real-life-violence-situations/new_violence/non_violence/1866.jpg,0,Normal
/kaggle/input/datasets/abdulmananraja/real-life-violence-situations/new_violence/violence/3817.jpg,1,Anomaly
/kaggle/input/datasets/abdulmananraja/real-life-violence-situations/new_violence/non_violence/174.jpg,0,Normal
/kaggle/input/datasets/abdulmananraja/real-life-violence-situations/new_violence/violence/3001.jpg,1,Anomaly
/kaggle/input/datasets/abdulmananraja/real-life-violence-situations/new_violence/violence/3299.jpg,1,Anomaly
/kaggle/input/datasets/abdulmananraja/real-life-violence-situations/new_violence/violence/3019.jpg,1,Anomaly
/kaggle/input/datasets/abdulmananraja/real-life-violence-situations/new_violence/violence/425.jpg,1,Anomaly
/kaggle/input/datasets/abdulmananraja/real-life-violence-situations/new_violence/non_violence/5052.jpg,0,Normal
/kaggle/input/datasets/abdulmananraja/real-life-violence-situations/new_violence/non_violence/976.jpg,0,Normal
/kaggle/input/datasets/abdulmananraja/real-life-violence-situations/new_violence/violence/3342.jpg,1,Anomaly
/kaggle/input/datasets/abdulmananraja/real-life-violence-situations/new_violence/violence/4568.jpg,1,Anomaly
/kaggle/input/datasets/abdulmananraja/real-life-violence-situations/new_violence/non_violence/2931.jpg,0,Normal
/kaggle/input/datasets/abdulmananraja/real-life-violence-situations/new_violence/non_violence/1785.jpg,0,Normal
/kaggle/input/datasets/abdulmananraja/real-life-violence-situations/new_violence/non_violence/2533.jpg,0,Normal
/kaggle/input/datasets/abdulmananraja/real-life-violence-situations/new_violence/non_violence/4726.jpg,0,Normal
/kaggle/input/datasets/abdulmananraja/real-life-violence-situations/new_violence/violence/4987.jpg,1,Anomaly
/kaggle/input/datasets/abdulmananraja/real-life-violence-situations/new_violence/violence/4569.jpg,1,Anomaly
/kaggle/input/datasets/abdulmananraja/real-life-violence-situations/new_violence/violence/4391.jpg,1,Anomaly
/kaggle/input/datasets/abdulmananraja/real-life-violence-situations/new_violence/non_violence/1885.jpg,0,Normal
/kaggle/input/datasets/abdulmananraja/real-life-violence-situations/new_violence/violence/676.jpg,1,Anomaly
/kaggle/input/datasets/abdulmananraja/real-life-violence-situations/new_violence/violence/1476.jpg,1,Anomaly
/kaggle/input/datasets/abdulmananraja/real-life-violence-situations/new_violence/non_violence/4613.jpg,0,Normal
/kaggle/input/datasets/abdulmananraja/real-life-violence-situations/new_violence/non_violence/2988.jpg,0,Normal
/kaggle/input/datasets/abdulmananraja/real-life-violence-situations/new_violence/violence/4321.jpg,1,Anomaly
/kaggle/input/datasets/abdulmananraja/real-life-violence-situations/new_violence/violence/1279.jpg,1,Anomaly
/kaggle/input/datasets/abdulmananraja/real-life-violence-situations/new_violence/violence/4429.jpg,1,Anomaly
/kaggle/input/datasets/abdulmananraja/real-life-violence-situations/new_violence/non_violence/1531.jpg,0,Normal
/kaggle/input/datasets/abdulmananraja/real-life-violence-situations/new_violence/violence/4855.jpg,1,Anomaly
/kaggle/input/datasets/abdulmananraja/real-life-violence-situations/new_violence/violence/1698.jpg,1,Anomaly
/kaggle/input/datasets/abdulmananraja/real-life-violence-situations/new_violence/non_violence/239.jpg,0,Normal
/kaggle/input/datasets/abdulmananraja/real-life-violence-situations/new_violence/violence/3572.jpg,1,Anomaly
/kaggle/input/datasets/abdulmananraja/real-life-violence-situations/new_violence/violence/5440.jpg,1,Anomaly
/kaggle/input/datasets/abdulmananraja/real-life-violence-situations/new_violence/violence/4376.jpg,1,Anomaly
/kaggle/input/datasets/abdulmananraja/real-life-violence-situations/new_violence/violence/5472.jpg,1,Anomaly
/kaggle/input/datasets/abdulmananraja/real-life-violence-situations/new_violence/violence/3284.jpg,1,Anomaly
/kaggle/input/datasets/abdulmananraja/real-life-violence-situations/new_violence/non_violence/764.jpg,0,Normal
/kaggle/input/datasets/abdulmananraja/real-life-violence-situations/new_violence/violence/5802.jpg,1,Anomaly
/kaggle/input/datasets/abdulmananraja/real-life-violence-situations/new_violence/non_violence/1261.jpg,0,Normal
/kaggle/input/datasets/abdulmananraja/real-life-violence-situations/new_violence/non_violence/1283.jpg,0,Normal
/kaggle/input/datasets/abdulmananraja/real-life-violence-situations/new_violence/violence/1980.jpg,1,Anomaly
/kaggle/input/datasets/abdulmananraja/real-life-violence-situations/new_violence/violence/2720.jpg,1,Anomaly
/kaggle/input/datasets/abdulmananraja/real-life-violence-situations/new_violence/violence/1344.jpg,1,Anomaly
/kaggle/input/datasets/abdulmananraja/real-life-violence-situations/new_violence/violence/4047.jpg,1,Anomaly
/kaggle/input/datasets/abdulmananraja/real-life-violence-situations/new_violence/non_violence/825.jpg,0,Normal
/kaggle/input/datasets/abdulmananraja/real-life-violence-situations/new_violence/violence/2402.jpg,1,Anomaly
/kaggle/input/datasets/abdulmananraja/real-life-violence-situations/new_violence/violence/2472.jpg,1,Anomaly
/kaggle/input/datasets/abdulmananraja/real-life-violence-situations/new_violence/non_violence/1206.jpg,0,Normal
/kaggle/input/datasets/abdulmananraja/real-life-violence-situations/new_violence/violence/1597.jpg,1,Anomaly
/kaggle/input/datasets/abdulmananraja/real-life-violence-situations/new_violence/non_violence/1025.jpg,0,Normal
/kaggle/input/datasets/abdulmananraja/real-life-violence-situations/new_violence/violence/722.jpg,1,Anomaly
/kaggle/input/datasets/abdulmananraja/real-life-violence-situations/new_violence/non_violence/1941.jpg,0,Normal
/kaggle/input/datasets/abdulmananraja/real-life-violence-situations/new_violence/non_violence/1772.jpg,0,Normal
/kaggle/input/datasets/abdulmananraja/real-life-violence-situations/new_violence/violence/618.jpg,1,Anomaly
/kaggle/input/datasets/abdulmananraja/real-life-violence-situations/new_violence/violence/404.jpg,1,Anomaly
/kaggle/input/datasets/abdulmananraja/real-life-violence-situations/new_violence/non_violence/1769.jpg,0,Normal
/kaggle/input/datasets/abdulmananraja/real-life-violence-situations/new_violence/violence/3456.jpg,1,Anomaly
/kaggle/input/datasets/abdulmananraja/real-life-violence-situations/new_violence/non_violence/2945.jpg,0,Normal
/kaggle/input/datasets/abdulmananraja/real-life-violence-situations/new_violence/non_violence/4800.jpg,0,Normal
/kaggle/input/datasets/abdulmananraja/real-life-violence-situations/new_violence/violence/3250.jpg,1,Anomaly
/kaggle/input/datasets/abdulmananraja/real-life-violence-situations/new_violence/non_violence/47.jpg,0,Normal
/kaggle/input/datasets/abdulmananraja/real-life-violence-situations/new_violence/non_violence/3351.jpg,0,Normal
/kaggle/input/datasets/abdulmananraja/real-life-violence-situations/new_violence/violence/5443.jpg,1,Anomaly
/kaggle/input/datasets/abdulmananraja/real-life-violence-situations/new_violence/non_violence/2991.jpg,0,Normal
/kaggle/input/datasets/abdulmananraja/real-life-violence-situations/new_violence/non_violence/3573.jpg,0,Normal
/kaggle/input/datasets/abdulmananraja/real-life-violence-situations/new_violence/violence/3781.jpg,1,Anomaly
/kaggle/input/datasets/abdulmananraja/real-life-violence-situations/new_violence/non_violence/974.jpg,0,Normal
/kaggle/input/datasets/abdulmananraja/real-life-violence-situations/new_violence/non_violence/2493.jpg,0,Normal
/kaggle/input/datasets/abdulmananraja/real-life-violence-situations/new_violence/non_violence/4460.jpg,0,Normal
/kaggle/input/datasets/abdulmananraja/real-life-violence-situations/new_violence/violence/4614.jpg,1,Anomaly
/kaggle/input/datasets/abdulmananraja/real-life-violence-situations/new_violence/violence/794.jpg,1,Anomaly
/kaggle/input/datasets/abdulmananraja/real-life-violence-situations/new_violence/non_violence/1452.jpg,0,Normal
/kaggle/input/datasets/abdulmananraja/real-life-violence-situations/new_violence/violence/4359.jpg,1,Anomaly
/kaggle/input/datasets/abdulmananraja/real-life-violence-situations/new_violence/violence/4029.jpg,1,Anomaly
/kaggle/input/datasets/abdulmananraja/real-life-violence-situations/new_violence/non_violence/5084.jpg,0,Normal
/kaggle/input/datasets/abdulmananraja/real-life-violence-situations/new_violence/non_violence/1808.jpg,0,Normal
/kaggle/input/datasets/abdulmananraja/real-life-violence-situations/new_violence/violence/807.jpg,1,Anomaly
/kaggle/input/datasets/abdulmananraja/real-life-violence-situations/new_violence/violence/5685.jpg,1,Anomaly
/kaggle/input/datasets/abdulmananraja/real-life-violence-situations/new_violence/non_violence/725.jpg,0,Normal
/kaggle/input/datasets/abdulmananraja/real-life-violence-situations/new_violence/non_violence/2927.jpg,0,Normal
/kaggle/input/datasets/abdulmananraja/real-life-violence-situations/new_violence/non_violence/2458.jpg,0,Normal
/kaggle/input/datasets/abdulmananraja/real-life-violence-situations/new_violence/non_violence/2277.jpg,0,Normal
/kaggle/input/datasets/abdulmananraja/real-life-violence-situations/new_violence/non_violence/4963.jpg,0,Normal
/kaggle/input/datasets/abdulmananraja/real-life-violence-situations/new_violence/non_violence/2397.jpg,0,Normal
/kaggle/input/datasets/abdulmananraja/real-life-violence-situations/new_violence/non_violence/2986.jpg,0,Normal
/kaggle/input/datasets/abdulmananraja/real-life-violence-situations/new_violence/non_violence/761.jpg,0,Normal
/kaggle/input/datasets/abdulmananraja/real-life-violence-situations/new_violence/non_violence/3474.jpg,0,Normal
/kaggle/input/datasets/abdulmananraja/real-life-violence-situations/new_violence/violence/1065.jpg,1,Anomaly
/kaggle/input/datasets/abdulmananraja/real-life-violence-situations/new_violence/violence/104.jpg,1,Anomaly
/kaggle/input/datasets/abdulmananraja/real-life-violence-situations/new_violence/non_violence/2498.jpg,0,Normal
/kaggle/input/datasets/abdulmananraja/real-life-violence-situations/new_violence/violence/3048.jpg,1,Anomaly
/kaggle/input/datasets/abdulmananraja/real-life-violence-situations/new_violence/violence/4276.jpg,1,Anomaly
/kaggle/input/datasets/abdulmananraja/real-life-violence-situations/new_violence/non_violence/3552.jpg,0,Normal
/kaggle/input/datasets/abdulmananraja/real-life-violence-situations/new_violence/non_violence/4148.jpg,0,Normal
/kaggle/input/datasets/abdulmananraja/real-life-violence-situations/new_violence/non_violence/4170.jpg,0,Normal
/kaggle/input/datasets/abdulmananraja/real-life-violence-situations/new_violence/non_violence/1366.jpg,0,Normal
/kaggle/input/datasets/abdulmananraja/real-life-violence-situations/new_violence/violence/2677.jpg,1,Anomaly
/kaggle/input/datasets/abdulmananraja/real-life-violence-situations/new_violence/non_violence/2827.jpg,0,Normal
/kaggle/input/datasets/abdulmananraja/real-life-violence-situations/new_violence/violence/2791.jpg,1,Anomaly
/kaggle/input/datasets/abdulmananraja/real-life-violence-situations/new_violence/violence/4645.jpg,1,Anomaly
/kaggle/input/datasets/abdulmananraja/real-life-violence-situations/new_violence/violence/4989.jpg,1,Anomaly
/kaggle/input/datasets/abdulmananraja/real-life-violence-situations/new_violence/non_violence/1953.jpg,0,Normal
/kaggle/input/datasets/abdulmananraja/real-life-violence-situations/new_violence/non_violence/2802.jpg,0,Normal
/kaggle/input/datasets/abdulmananraja/real-life-violence-situations/new_violence/violence/3991.jpg,1,Anomaly
/kaggle/input/datasets/abdulmananraja/real-life-violence-situations/new_violence/violence/1273.jpg,1,Anomaly
/kaggle/input/datasets/abdulmananraja/real-life-violence-situations/new_violence/non_violence/563.jpg,0,Normal
/kaggle/input/datasets/abdulmananraja/real-life-violence-situations/new_violence/violence/4081.jpg,1,Anomaly
/kaggle/input/datasets/abdulmananraja/real-life-violence-situations/new_violence/non_violence/358.jpg,0,Normal
/kaggle/input/datasets/abdulmananraja/real-life-violence-situations/new_violence/non_violence/4715.jpg,0,Normal
/kaggle/input/datasets/abdulmananraja/real-life-violence-situations/new_violence/non_violence/2454.jpg,0,Normal
/kaggle/input/datasets/abdulmananraja/real-life-violence-situations/new_violence/non_violence/3566.jpg,0,Normal
/kaggle/input/datasets/abdulmananraja/real-life-violence-situations/new_violence/non_violence/2540.jpg,0,Normal
/kaggle/input/datasets/abdulmananraja/real-life-violence-situations/new_violence/non_violence/1694.jpg,0,Normal
/kaggle/input/datasets/abdulmananraja/real-life-violence-situations/new_violence/non_violence/1058.jpg,0,Normal
/kaggle/input/datasets/abdulmananraja/real-life-violence-situations/new_violence/violence/1527.jpg,1,Anomaly
/kaggle/input/datasets/abdulmananraja/real-life-violence-situations/new_violence/non_violence/1529.jpg,0,Normal
/kaggle/input/datasets/abdulmananraja/real-life-violence-situations/new_violence/non_violence/3837.jpg,0,Normal
/kaggle/input/datasets/abdulmananraja/real-life-violence-situations/new_violence/violence/3962.jpg,1,Anomaly
/kaggle/input/datasets/abdulmananraja/real-life-violence-situations/new_violence/non_violence/330.jpg,0,Normal
/kaggle/input/datasets/abdulmananraja/real-life-violence-situations/new_violence/violence/4612.jpg,1,Anomaly
/kaggle/input/datasets/abdulmananraja/real-life-violence-situations/new_violence/non_violence/3044.jpg,0,Normal
/kaggle/input/datasets/abdulmananraja/real-life-violence-situations/new_violence/violence/3378.jpg,1,Anomaly
/kaggle/input/datasets/abdulmananraja/real-life-violence-situations/new_violence/non_violence/3845.jpg,0,Normal
/kaggle/input/datasets/abdulmananraja/real-life-violence-situations/new_violence/violence/2460.jpg,1,Anomaly
/kaggle/input/datasets/abdulmananraja/real-life-violence-situations/new_violence/violence/3043.jpg,1,Anomaly
/kaggle/input/datasets/abdulmananraja/real-life-violence-situations/new_violence/non_violence/2221.jpg,0,Normal
/kaggle/input/datasets/abdulmananraja/real-life-violence-situations/new_violence/violence/3447.jpg,1,Anomaly
/kaggle/input/datasets/abdulmananraja/real-life-violence-situations/new_violence/violence/2755.jpg,1,Anomaly
/kaggle/input/datasets/abdulmananraja/real-life-violence-situations/new_violence/violence/5362.jpg,1,Anomaly
/kaggle/input/datasets/abdulmananraja/real-life-violence-situations/new_violence/non_violence/1342.jpg,0,Normal
/kaggle/input/datasets/abdulmananraja/real-life-violence-situations/new_violence/violence/5151.jpg,1,Anomaly
/kaggle/input/datasets/abdulmananraja/real-life-violence-situations/new_violence/non_violence/3517.jpg,0,Normal
/kaggle/input/datasets/abdulmananraja/real-life-violence-situations/new_violence/non_violence/5143.jpg,0,Normal
/kaggle/input/datasets/abdulmananraja/real-life-violence-situations/new_violence/non_violence/1514.jpg,0,Normal
/kaggle/input/datasets/abdulmananraja/real-life-violence-situations/new_violence/violence/1529.jpg,1,Anomaly
/kaggle/input/datasets/abdulmananraja/real-life-violence-situations/new_violence/violence/4721.jpg,1,Anomaly
/kaggle/input/datasets/abdulmananraja/real-life-violence-situations/new_violence/violence/3346.jpg,1,Anomaly
/kaggle/input/datasets/abdulmananraja/real-life-violence-situations/new_violence/violence/5288.jpg,1,Anomaly
/kaggle/input/datasets/abdulmananraja/real-life-violence-situations/new_violence/non_violence/1361.jpg,0,Normal
/kaggle/input/datasets/abdulmananraja/real-life-violence-situations/new_violence/violence/4896.jpg,1,Anomaly
/kaggle/input/datasets/abdulmananraja/real-life-violence-situations/new_violence/violence/1831.jpg,1,Anomaly
/kaggle/input/datasets/abdulmananraja/real-life-violence-situations/new_violence/non_violence/745.jpg,0,Normal
/kaggle/input/datasets/abdulmananraja/real-life-violence-situations/new_violence/non_violence/2542.jpg,0,Normal
/kaggle/input/datasets/abdulmananraja/real-life-violence-situations/new_violence/violence/1239.jpg,1,Anomaly
/kaggle/input/datasets/abdulmananraja/real-life-violence-situations/new_violence/non_violence/1873.jpg,0,Normal
/kaggle/input/datasets/abdulmananraja/real-life-violence-situations/new_violence/violence/819.jpg,1,Anomaly
/kaggle/input/datasets/abdulmananraja/real-life-violence-situations/new_violence/violence/5754.jpg,1,Anomaly
/kaggle/input/datasets/abdulmananraja/real-life-violence-situations/new_violence/non_violence/1665.jpg,0,Normal
/kaggle/input/datasets/abdulmananraja/real-life-violence-situations/new_violence/violence/4325.jpg,1,Anomaly
/kaggle/input/datasets/abdulmananraja/real-life-violence-situations/new_violence/violence/5076.jpg,1,Anomaly
/kaggle/input/datasets/abdulmananraja/real-life-violence-situations/new_violence/violence/2682.jpg,1,Anomaly
/kaggle/input/datasets/abdulmananraja/real-life-violence-situations/new_violence/non_violence/517.jpg,0,Normal
/kaggle/input/datasets/abdulmananraja/real-life-violence-situations/new_violence/non_violence/2950.jpg,0,Normal
/kaggle/input/datasets/abdulmananraja/real-life-violence-situations/new_violence/violence/423.jpg,1,Anomaly
/kaggle/input/datasets/abdulmananraja/real-life-violence-situations/new_violence/non_violence/3780.jpg,0,Normal
/kaggle/input/datasets/abdulmananraja/real-life-violence-situations/new_violence/non_violence/1525.jpg,0,Normal
/kaggle/input/datasets/abdulmananraja/real-life-violence-situations/new_violence/violence/760.jpg,1,Anomaly
/kaggle/input/datasets/abdulmananraja/real-life-violence-situations/new_violence/non_violence/4319.jpg,0,Normal
/kaggle/input/datasets/abdulmananraja/real-life-violence-situations/new_violence/non_violence/4976.jpg,0,Normal
/kaggle/input/datasets/abdulmananraja/real-life-violence-situations/new_violence/violence/4549.jpg,1,Anomaly
/kaggle/input/datasets/abdulmananraja/real-life-violence-situations/new_violence/non_violence/4633.jpg,0,Normal
/kaggle/input/datasets/abdulmananraja/real-life-violence-situations/new_violence/violence/1171.jpg,1,Anomaly
/kaggle/input/datasets/abdulmananraja/real-life-violence-situations/new_violence/violence/2273.jpg,1,Anomaly
/kaggle/input/datasets/abdulmananraja/real-life-violence-situations/new_violence/non_violence/1621.jpg,0,Normal
/kaggle/input/datasets/abdulmananraja/real-life-violence-situations/new_violence/violence/3585.jpg,1,Anomaly
/kaggle/input/datasets/abdulmananraja/real-life-violence-situations/new_violence/non_violence/4925.jpg,0,Normal
/kaggle/input/datasets/abdulmananraja/real-life-violence-situations/new_violence/non_violence/2233.jpg,0,Normal
/kaggle/input/datasets/abdulmananraja/real-life-violence-situations/new_violence/violence/5260.jpg,1,Anomaly
/kaggle/input/datasets/abdulmananraja/real-life-violence-situations/new_violence/non_violence/1220.jpg,0,Normal
/kaggle/input/datasets/abdulmananraja/real-life-violence-situations/new_violence/violence/1764.jpg,1,Anomaly
/kaggle/input/datasets/abdulmananraja/real-life-violence-situations/new_violence/non_violence/158.jpg,0,Normal
/kaggle/input/datasets/abdulmananraja/real-life-violence-situations/new_violence/non_violence/729.jpg,0,Normal
/kaggle/input/datasets/abdulmananraja/real-life-violence-situations/new_violence/non_violence/1144.jpg,0,Normal
/kaggle/input/datasets/abdulmananraja/real-life-violence-situations/new_violence/violence/2495.jpg,1,Anomaly
/kaggle/input/datasets/abdulmananraja/real-life-violence-situations/new_violence/non_violence/615.jpg,0,Normal
/kaggle/input/datasets/abdulmananraja/real-life-violence-situations/new_violence/non_violence/2919.jpg,0,Normal
/kaggle/input/datasets/abdulmananraja/real-life-violence-situations/new_violence/non_violence/97.jpg,0,Normal
/kaggle/input/datasets/abdulmananraja/real-life-violence-situations/new_violence/non_violence/4261.jpg,0,Normal
/kaggle/input/datasets/abdulmananraja/real-life-violence-situations/new_violence/non_violence/2244.jpg,0,Normal
/kaggle/input/datasets/abdulmananraja/real-life-violence-situations/new_violence/violence/3252.jpg,1,Anomaly
/kaggle/input/datasets/abdulmananraja/real-life-violence-situations/new_violence/non_violence/2826.jpg,0,Normal
/kaggle/input/datasets/abdulmananraja/real-life-violence-situations/new_violence/violence/2295.jpg,1,Anomaly
/kaggle/input/datasets/abdulmananraja/real-life-violence-situations/new_violence/violence/383.jpg,1,Anomaly
/kaggle/input/datasets/abdulmananraja/real-life-violence-situations/new_violence/non_violence/2354.jpg,0,Normal
/kaggle/input/datasets/abdulmananraja/real-life-violence-situations/new_violence/violence/2505.jpg,1,Anomaly
/kaggle/input/datasets/abdulmananraja/real-life-violence-situations/new_violence/non_violence/664.jpg,0,Normal
/kaggle/input/datasets/abdulmananraja/real-life-violence-situations/new_violence/non_violence/554.jpg,0,Normal
/kaggle/input/datasets/abdulmananraja/real-life-violence-situations/new_violence/non_violence/1576.jpg,0,Normal
/kaggle/input/datasets/abdulmananraja/real-life-violence-situations/new_violence/violence/4155.jpg,1,Anomaly
/kaggle/input/datasets/abdulmananraja/real-life-violence-situations/new_violence/non_violence/3560.jpg,0,Normal
/kaggle/input/datasets/abdulmananraja/real-life-violence-situations/new_violence/non_violence/1429.jpg,0,Normal
/kaggle/input/datasets/abdulmananraja/real-life-violence-situations/new_violence/violence/534.jpg,1,Anomaly
/kaggle/input/datasets/abdulmananraja/real-life-violence-situations/new_violence/violence/854.jpg,1,Anomaly
/kaggle/input/datasets/abdulmananraja/real-life-violence-situations/new_violence/violence/492.jpg,1,Anomaly
/kaggle/input/datasets/abdulmananraja/real-life-violence-situations/new_violence/violence/532.jpg,1,Anomaly
/kaggle/input/datasets/abdulmananraja/real-life-violence-situations/new_violence/violence/5190.jpg,1,Anomaly
/kaggle/input/datasets/abdulmananraja/real-life-violence-situations/new_violence/violence/2966.jpg,1,Anomaly
/kaggle/input/datasets/abdulmananraja/real-life-violence-situations/new_violence/violence/2226.jpg,1,Anomaly
/kaggle/input/datasets/abdulmananraja/real-life-violence-situations/new_violence/non_violence/3207.jpg,0,Normal
/kaggle/input/datasets/abdulmananraja/real-life-violence-situations/new_violence/non_violence/5188.jpg,0,Normal
/kaggle/input/datasets/abdulmananraja/real-life-violence-situations/new_violence/non_violence/2494.jpg,0,Normal
/kaggle/input/datasets/abdulmananraja/real-life-violence-situations/new_violence/non_violence/3937.jpg,0,Normal
/kaggle/input/datasets/abdulmananraja/real-life-violence-situations/new_violence/non_violence/892.jpg,0,Normal
/kaggle/input/datasets/abdulmananraja/real-life-violence-situations/new_violence/violence/3902.jpg,1,Anomaly
/kaggle/input/datasets/abdulmananraja/real-life-violence-situations/new_violence/violence/2439.jpg,1,Anomaly
/kaggle/input/datasets/abdulmananraja/real-life-violence-situations/new_violence/non_violence/3967.jpg,0,Normal
/kaggle/input/datasets/abdulmananraja/real-life-violence-situations/new_violence/non_violence/1172.jpg,0,Normal
/kaggle/input/datasets/abdulmananraja/real-life-violence-situations/new_violence/violence/2636.jpg,1,Anomaly
/kaggle/input/datasets/abdulmananraja/real-life-violence-situations/new_violence/non_violence/4265.jpg,0,Normal
/kaggle/input/datasets/abdulmananraja/real-life-violence-situations/new_violence/non_violence/862.jpg,0,Normal
/kaggle/input/datasets/abdulmananraja/real-life-violence-situations/new_violence/non_violence/2171.jpg,0,Normal
/kaggle/input/datasets/abdulmananraja/real-life-violence-situations/new_violence/non_violence/4007.jpg,0,Normal
/kaggle/input/datasets/abdulmananraja/real-life-violence-situations/new_violence/violence/2949.jpg,1,Anomaly
/kaggle/input/datasets/abdulmananraja/real-life-violence-situations/new_violence/non_violence/1669.jpg,0,Normal
/kaggle/input/datasets/abdulmananraja/real-life-violence-situations/new_violence/non_violence/557.jpg,0,Normal
/kaggle/input/datasets/abdulmananraja/real-life-violence-situations/new_violence/violence/1916.jpg,1,Anomaly
/kaggle/input/datasets/abdulmananraja/real-life-violence-situations/new_violence/non_violence/4807.jpg,0,Normal
/kaggle/input/datasets/abdulmananraja/real-life-violence-situations/new_violence/violence/2567.jpg,1,Anomaly
/kaggle/input/datasets/abdulmananraja/real-life-violence-situations/new_violence/non_violence/2801.jpg,0,Normal
/kaggle/input/datasets/abdulmananraja/real-life-violence-situations/new_violence/non_violence/373.jpg,0,Normal
/kaggle/input/datasets/abdulmananraja/real-life-violence-situations/new_violence/non_violence/4294.jpg,0,Normal
/kaggle/input/datasets/abdulmananraja/real-life-violence-situations/new_violence/non_violence/2191.jpg,0,Normal
/kaggle/input/datasets/abdulmananraja/real-life-violence-situations/new_violence/violence/3815.jpg,1,Anomaly
/kaggle/input/datasets/abdulmananraja/real-life-violence-situations/new_violence/non_violence/1998.jpg,0,Normal
/kaggle/input/datasets/abdulmananraja/real-life-violence-situations/new_violence/violence/2895.jpg,1,Anomaly
/kaggle/input/datasets/abdulmananraja/real-life-violence-situations/new_violence/violence/3719.jpg,1,Anomaly
/kaggle/input/datasets/abdulmananraja/real-life-violence-situations/new_violence/violence/3575.jpg,1,Anomaly
/kaggle/input/datasets/abdulmananraja/real-life-violence-situations/new_violence/non_violence/5220.jpg,0,Normal
/kaggle/input/datasets/abdulmananraja/real-life-violence-situations/new_violence/non_violence/4893.jpg,0,Normal
/kaggle/input/datasets/abdulmananraja/real-life-violence-situations/new_violence/non_violence/1298.jpg,0,Normal
/kaggle/input/datasets/abdulmananraja/real-life-violence-situations/new_violence/non_violence/261.jpg,0,Normal
/kaggle/input/datasets/abdulmananraja/real-life-violence-situations/new_violence/violence/3162.jpg,1,Anomaly
/kaggle/input/datasets/abdulmananraja/real-life-violence-situations/new_violence/violence/2336.jpg,1,Anomaly
/kaggle/input/datasets/abdulmananraja/real-life-violence-situations/new_violence/violence/2041.jpg,1,Anomaly
/kaggle/input/datasets/abdulmananraja/real-life-violence-situations/new_violence/violence/22.jpg,1,Anomaly
/kaggle/input/datasets/abdulmananraja/real-life-violence-situations/new_violence/non_violence/3104.jpg,0,Normal
/kaggle/input/datasets/abdulmananraja/real-life-violence-situations/new_violence/violence/996.jpg,1,Anomaly
/kaggle/input/datasets/abdulmananraja/real-life-violence-situations/new_violence/violence/5255.jpg,1,Anomaly
/kaggle/input/datasets/abdulmananraja/real-life-violence-situations/new_violence/violence/4573.jpg,1,Anomaly
/kaggle/input/datasets/abdulmananraja/real-life-violence-situations/new_violence/non_violence/2034.jpg,0,Normal
/kaggle/input/datasets/abdulmananraja/real-life-violence-situations/new_violence/violence/840.jpg,1,Anomaly
/kaggle/input/datasets/abdulmananraja/real-life-violence-situations/new_violence/violence/1219.jpg,1,Anomaly
/kaggle/input/datasets/abdulmananraja/real-life-violence-situations/new_violence/non_violence/567.jpg,0,Normal
/kaggle/input/datasets/abdulmananraja/real-life-violence-situations/new_violence/violence/3534.jpg,1,Anomaly
/kaggle/input/datasets/abdulmananraja/real-life-violence-situations/new_violence/non_violence/4727.jpg,0,Normal
/kaggle/input/datasets/abdulmananraja/real-life-violence-situations/new_violence/non_violence/2391.jpg,0,Normal
/kaggle/input/datasets/abdulmananraja/real-life-violence-situations/new_violence/non_violence/1223.jpg,0,Normal
/kaggle/input/datasets/abdulmananraja/real-life-violence-situations/new_violence/violence/3145.jpg,1,Anomaly
/kaggle/input/datasets/abdulmananraja/real-life-violence-situations/new_violence/violence/1657.jpg,1,Anomaly
/kaggle/input/datasets/abdulmananraja/real-life-violence-situations/new_violence/non_violence/1818.jpg,0,Normal
/kaggle/input/datasets/abdulmananraja/real-life-violence-situations/new_violence/non_violence/4849.jpg,0,Normal
/kaggle/input/datasets/abdulmananraja/real-life-violence-situations/new_violence/non_violence/5086.jpg,0,Normal
/kaggle/input/datasets/abdulmananraja/real-life-violence-situations/new_violence/non_violence/4404.jpg,0,Normal
/kaggle/input/datasets/abdulmananraja/real-life-violence-situations/new_violence/violence/850.jpg,1,Anomaly
/kaggle/input/datasets/abdulmananraja/real-life-violence-situations/new_violence/non_violence/1246.jpg,0,Normal
/kaggle/input/datasets/abdulmananraja/real-life-violence-situations/new_violence/violence/4488.jpg,1,Anomaly
/kaggle/input/datasets/abdulmananraja/real-life-violence-situations/new_violence/non_violence/3461.jpg,0,Normal
/kaggle/input/datasets/abdulmananraja/real-life-violence-situations/new_violence/non_violence/540.jpg,0,Normal
/kaggle/input/datasets/abdulmananraja/real-life-violence-situations/new_violence/violence/2355.jpg,1,Anomaly
/kaggle/input/datasets/abdulmananraja/real-life-violence-situations/new_violence/violence/75.jpg,1,Anomaly
/kaggle/input/datasets/abdulmananraja/real-life-violence-situations/new_violence/violence/3965.jpg,1,Anomaly
/kaggle/input/datasets/abdulmananraja/real-life-violence-situations/new_violence/non_violence/1888.jpg,0,Normal
/kaggle/input/datasets/abdulmananraja/real-life-violence-situations/new_violence/violence/2884.jpg,1,Anomaly
/kaggle/input/datasets/abdulmananraja/real-life-violence-situations/new_violence/violence/3649.jpg,1,Anomaly
/kaggle/input/datasets/abdulmananraja/real-life-violence-situations/new_violence/non_violence/1301.jpg,0,Normal
/kaggle/input/datasets/abdulmananraja/real-life-violence-situations/new_violence/violence/5279.jpg,1,Anomaly
/kaggle/input/datasets/abdulmananraja/real-life-violence-situations/new_violence/non_violence/4382.jpg,0,Normal
/kaggle/input/datasets/abdulmananraja/real-life-violence-situations/new_violence/violence/4109.jpg,1,Anomaly
/kaggle/input/datasets/abdulmananraja/real-life-violence-situations/new_violence/violence/2906.jpg,1,Anomaly
/kaggle/input/datasets/abdulmananraja/real-life-violence-situations/new_violence/non_violence/905.jpg,0,Normal
/kaggle/input/datasets/abdulmananraja/real-life-violence-situations/new_violence/violence/4735.jpg,1,Anomaly
/kaggle/input/datasets/abdulmananraja/real-life-violence-situations/new_violence/violence/2168.jpg,1,Anomaly
/kaggle/input/datasets/abdulmananraja/real-life-violence-situations/new_violence/violence/4620.jpg,1,Anomaly
/kaggle/input/datasets/abdulmananraja/real-life-violence-situations/new_violence/non_violence/3080.jpg,0,Normal
/kaggle/input/datasets/abdulmananraja/real-life-violence-situations/new_violence/non_violence/739.jpg,0,Normal
/kaggle/input/datasets/abdulmananraja/real-life-violence-situations/new_violence/non_violence/3309.jpg,0,Normal
/kaggle/input/datasets/abdulmananraja/real-life-violence-situations/new_violence/violence/1233.jpg,1,Anomaly
/kaggle/input/datasets/abdulmananraja/real-life-violence-situations/new_violence/non_violence/3069.jpg,0,Normal
/kaggle/input/datasets/abdulmananraja/real-life-violence-situations/new_violence/violence/3591.jpg,1,Anomaly
/kaggle/input/datasets/abdulmananraja/real-life-violence-situations/new_violence/non_violence/3314.jpg,0,Normal
/kaggle/input/datasets/abdulmananraja/real-life-violence-situations/new_violence/violence/3512.jpg,1,Anomaly
/kaggle/input/datasets/abdulmananraja/real-life-violence-situations/new_violence/non_violence/210.jpg,0,Normal
/kaggle/input/datasets/abdulmananraja/real-life-violence-situations/new_violence/violence/4963.jpg,1,Anomaly
/kaggle/input/datasets/abdulmananraja/real-life-violence-situations/new_violence/non_violence/424.jpg,0,Normal
/kaggle/input/datasets/abdulmananraja/real-life-violence-situations/new_violence/violence/5827.jpg,1,Anomaly
/kaggle/input/datasets/abdulmananraja/real-life-violence-situations/new_violence/violence/49.jpg,1,Anomaly
/kaggle/input/datasets/abdulmananraja/real-life-violence-situations/new_violence/non_violence/1826.jpg,0,Normal
/kaggle/input/datasets/abdulmananraja/real-life-violence-situations/new_violence/violence/4351.jpg,1,Anomaly
/kaggle/input/datasets/abdulmananraja/real-life-violence-situations/new_violence/violence/3368.jpg,1,Anomaly
/kaggle/input/datasets/abdulmananraja/real-life-violence-situations/new_violence/violence/2518.jpg,1,Anomaly
/kaggle/input/datasets/abdulmananraja/real-life-violence-situations/new_violence/non_violence/1364.jpg,0,Normal
/kaggle/input/datasets/abdulmananraja/real-life-violence-situations/new_violence/non_violence/4646.jpg,0,Normal
/kaggle/input/datasets/abdulmananraja/real-life-violence-situations/new_violence/non_violence/4939.jpg,0,Normal
/kaggle/input/datasets/abdulmananraja/real-life-violence-situations/new_violence/non_violence/2762.jpg,0,Normal
/kaggle/input/datasets/abdulmananraja/real-life-violence-situations/new_violence/violence/1490.jpg,1,Anomaly
/kaggle/input/datasets/abdulmananraja/real-life-violence-situations/new_violence/non_violence/254.jpg,0,Normal
/kaggle/input/datasets/abdulmananraja/real-life-violence-situations/new_violence/non_violence/4022.jpg,0,Normal
/kaggle/input/datasets/abdulmananraja/real-life-violence-situations/new_violence/non_violence/2595.jpg,0,Normal
/kaggle/input/datasets/abdulmananraja/real-life-violence-situations/new_violence/non_violence/3586.jpg,0,Normal
/kaggle/input/datasets/abdulmananraja/real-life-violence-situations/new_violence/non_violence/3655.jpg,0,Normal
/kaggle/input/datasets/abdulmananraja/real-life-violence-situations/new_violence/non_violence/1900.jpg,0,Normal
/kaggle/input/datasets/abdulmananraja/real-life-violence-situations/new_violence/non_violence/3812.jpg,0,Normal
/kaggle/input/datasets/abdulmananraja/real-life-violence-situations/new_violence/non_violence/4852.jpg,0,Normal
/kaggle/input/datasets/abdulmananraja/real-life-violence-situations/new_violence/violence/5091.jpg,1,Anomaly
/kaggle/input/datasets/abdulmananraja/real-life-violence-situations/new_violence/non_violence/4129.jpg,0,Normal
/kaggle/input/datasets/abdulmananraja/real-life-violence-situations/new_violence/violence/3851.jpg,1,Anomaly
/kaggle/input/datasets/abdulmananraja/real-life-violence-situations/new_violence/non_violence/3399.jpg,0,Normal
/kaggle/input/datasets/abdulmananraja/real-life-violence-situations/new_violence/violence/4053.jpg,1,Anomaly
/kaggle/input/datasets/abdulmananraja/real-life-violence-situations/new_violence/violence/1510.jpg,1,Anomaly
/kaggle/input/datasets/abdulmananraja/real-life-violence-situations/new_violence/non_violence/4734.jpg,0,Normal
/kaggle/input/datasets/abdulmananraja/real-life-violence-situations/new_violence/violence/5835.jpg,1,Anomaly
/kaggle/input/datasets/abdulmananraja/real-life-violence-situations/new_violence/non_violence/1441.jpg,0,Normal
/kaggle/input/datasets/abdulmananraja/real-life-violence-situations/new_violence/non_violence/4126.jpg,0,Normal
/kaggle/input/datasets/abdulmananraja/real-life-violence-situations/new_violence/non_violence/3935.jpg,0,Normal
/kaggle/input/datasets/abdulmananraja/real-life-violence-situations/new_violence/non_violence/3299.jpg,0,Normal
/kaggle/input/datasets/abdulmananraja/real-life-violence-situations/new_violence/non_violence/4409.jpg,0,Normal
/kaggle/input/datasets/abdulmananraja/real-life-violence-situations/new_violence/violence/4473.jpg,1,Anomaly
/kaggle/input/datasets/abdulmananraja/real-life-violence-situations/new_violence/non_violence/903.jpg,0,Normal
/kaggle/input/datasets/abdulmananraja/real-life-violence-situations/new_violence/non_violence/2792.jpg,0,Normal
/kaggle/input/datasets/abdulmananraja/real-life-violence-situations/new_violence/violence/472.jpg,1,Anomaly
/kaggle/input/datasets/abdulmananraja/real-life-violence-situations/new_violence/violence/2706.jpg,1,Anomaly
/kaggle/input/datasets/abdulmananraja/real-life-violence-situations/new_violence/non_violence/1038.jpg,0,Normal
/kaggle/input/datasets/abdulmananraja/real-life-violence-situations/new_violence/non_violence/2558.jpg,0,Normal
/kaggle/input/datasets/abdulmananraja/real-life-violence-situations/new_violence/violence/4720.jpg,1,Anomaly
/kaggle/input/datasets/abdulmananraja/real-life-violence-situations/new_violence/non_violence/2155.jpg,0,Normal
/kaggle/input/datasets/abdulmananraja/real-life-violence-situations/new_violence/violence/308.jpg,1,Anomaly
/kaggle/input/datasets/abdulmananraja/real-life-violence-situations/new_violence/violence/2153.jpg,1,Anomaly
/kaggle/input/datasets/abdulmananraja/real-life-violence-situations/new_violence/violence/1704.jpg,1,Anomaly
/kaggle/input/datasets/abdulmananraja/real-life-violence-situations/new_violence/non_violence/3491.jpg,0,Normal
/kaggle/input/datasets/abdulmananraja/real-life-violence-situations/new_violence/violence/2914.jpg,1,Anomaly
/kaggle/input/datasets/abdulmananraja/real-life-violence-situations/new_violence/non_violence/1853.jpg,0,Normal
/kaggle/input/datasets/abdulmananraja/real-life-violence-situations/new_violence/violence/4797.jpg,1,Anomaly
/kaggle/input/datasets/abdulmananraja/real-life-violence-situations/new_violence/violence/4506.jpg,1,Anomaly
/kaggle/input/datasets/abdulmananraja/real-life-violence-situations/new_violence/violence/4040.jpg,1,Anomaly
/kaggle/input/datasets/abdulmananraja/real-life-violence-situations/new_violence/non_violence/5194.jpg,0,Normal
/kaggle/input/datasets/abdulmananraja/real-life-violence-situations/new_violence/non_violence/1511.jpg,0,Normal
/kaggle/input/datasets/abdulmananraja/real-life-violence-situations/new_violence/violence/4711.jpg,1,Anomaly
/kaggle/input/datasets/abdulmananraja/real-life-violence-situations/new_violence/non_violence/4896.jpg,0,Normal
/kaggle/input/datasets/abdulmananraja/real-life-violence-situations/new_violence/violence/2809.jpg,1,Anomaly
/kaggle/input/datasets/abdulmananraja/real-life-violence-situations/new_violence/violence/2737.jpg,1,Anomaly
/kaggle/input/datasets/abdulmananraja/real-life-violence-situations/new_violence/non_violence/2082.jpg,0,Normal
/kaggle/input/datasets/abdulmananraja/real-life-violence-situations/new_violence/violence/1812.jpg,1,Anomaly
/kaggle/input/datasets/abdulmananraja/real-life-violence-situations/new_violence/violence/2727.jpg,1,Anomaly
/kaggle/input/datasets/abdulmananraja/real-life-violence-situations/new_violence/non_violence/1333.jpg,0,Normal
/kaggle/input/datasets/abdulmananraja/real-life-violence-situations/new_violence/non_violence/2120.jpg,0,Normal
/kaggle/input/datasets/abdulmananraja/real-life-violence-situations/new_violence/violence/3800.jpg,1,Anomaly
/kaggle/input/datasets/abdulmananraja/real-life-violence-situations/new_violence/violence/1988.jpg,1,Anomaly
/kaggle/input/datasets/abdulmananraja/real-life-violence-situations/new_violence/violence/1999.jpg,1,Anomaly
/kaggle/input/datasets/abdulmananraja/real-life-violence-situations/new_violence/non_violence/4011.jpg,0,Normal
/kaggle/input/datasets/abdulmananraja/real-life-violence-situations/new_violence/violence/2586.jpg,1,Anomaly
/kaggle/input/datasets/abdulmananraja/real-life-violence-situations/new_violence/violence/5104.jpg,1,Anomaly
/kaggle/input/datasets/abdulmananraja/real-life-violence-situations/new_violence/non_violence/767.jpg,0,Normal
/kaggle/input/datasets/abdulmananraja/real-life-violence-situations/new_violence/violence/1016.jpg,1,Anomaly
/kaggle/input/datasets/abdulmananraja/real-life-violence-situations/new_violence/non_violence/2850.jpg,0,Normal
/kaggle/input/datasets/abdulmananraja/real-life-violence-situations/new_violence/non_violence/968.jpg,0,Normal
/kaggle/input/datasets/abdulmananraja/real-life-violence-situations/new_violence/violence/2584.jpg,1,Anomaly
/kaggle/input/datasets/abdulmananraja/real-life-violence-situations/new_violence/non_violence/6.jpg,0,Normal
/kaggle/input/datasets/abdulmananraja/real-life-violence-situations/new_violence/non_violence/2569.jpg,0,Normal
/kaggle/input/datasets/abdulmananraja/real-life-violence-situations/new_violence/violence/4211.jpg,1,Anomaly
/kaggle/input/datasets/abdulmananraja/real-life-violence-situations/new_violence/violence/5038.jpg,1,Anomaly
/kaggle/input/datasets/abdulmananraja/real-life-violence-situations/new_violence/violence/4594.jpg,1,Anomaly
/kaggle/input/datasets/abdulmananraja/real-life-violence-situations/new_violence/violence/1745.jpg,1,Anomaly
/kaggle/input/datasets/abdulmananraja/real-life-violence-situations/new_violence/non_violence/4356.jpg,0,Normal
/kaggle/input/datasets/abdulmananraja/real-life-violence-situations/new_violence/non_violence/4438.jpg,0,Normal
/kaggle/input/datasets/abdulmananraja/real-life-violence-situations/new_violence/non_violence/3393.jpg,0,Normal
/kaggle/input/datasets/abdulmananraja/real-life-violence-situations/new_violence/violence/5098.jpg,1,Anomaly
/kaggle/input/datasets/abdulmananraja/real-life-violence-situations/new_violence/violence/5555.jpg,1,Anomaly
/kaggle/input/datasets/abdulmananraja/real-life-violence-situations/new_violence/non_violence/2909.jpg,0,Normal
/kaggle/input/datasets/abdulmananraja/real-life-violence-situations/new_violence/violence/5100.jpg,1,Anomaly
/kaggle/input/datasets/abdulmananraja/real-life-violence-situations/new_violence/non_violence/2047.jpg,0,Normal
/kaggle/input/datasets/abdulmananraja/real-life-violence-situations/new_violence/non_violence/3904.jpg,0,Normal
/kaggle/input/datasets/abdulmananraja/real-life-violence-situations/new_violence/non_violence/878.jpg,0,Normal
/kaggle/input/datasets/abdulmananraja/real-life-violence-situations/new_violence/violence/593.jpg,1,Anomaly
/kaggle/input/datasets/abdulmananraja/real-life-violence-situations/new_violence/violence/3748.jpg,1,Anomaly
/kaggle/input/datasets/abdulmananraja/real-life-violence-situations/new_violence/violence/1101.jpg,1,Anomaly
/kaggle/input/datasets/abdulmananraja/real-life-violence-situations/new_violence/non_violence/3651.jpg,0,Normal
/kaggle/input/datasets/abdulmananraja/real-life-violence-situations/new_violence/non_violence/1042.jpg,0,Normal
/kaggle/input/datasets/abdulmananraja/real-life-violence-situations/new_violence/non_violence/3867.jpg,0,Normal
/kaggle/input/datasets/abdulmananraja/real-life-violence-situations/new_violence/non_violence/2393.jpg,0,Normal
/kaggle/input/datasets/abdulmananraja/real-life-violence-situations/new_violence/violence/5001.jpg,1,Anomaly
/kaggle/input/datasets/abdulmananraja/real-life-violence-situations/new_violence/violence/5780.jpg,1,Anomaly
/kaggle/input/datasets/abdulmananraja/real-life-violence-situations/new_violence/non_violence/5107.jpg,0,Normal
/kaggle/input/datasets/abdulmananraja/real-life-violence-situations/new_violence/non_violence/999.jpg,0,Normal
/kaggle/input/datasets/abdulmananraja/real-life-violence-situations/new_violence/violence/4243.jpg,1,Anomaly
/kaggle/input/datasets/abdulmananraja/real-life-violence-situations/new_violence/violence/5253.jpg,1,Anomaly
/kaggle/input/datasets/abdulmananraja/real-life-violence-situations/new_violence/violence/97.jpg,1,Anomaly
/kaggle/input/datasets/abdulmananraja/real-life-violence-situations/new_violence/violence/5054.jpg,1,Anomaly
/kaggle/input/datasets/abdulmananraja/real-life-violence-situations/new_violence/non_violence/1939.jpg,0,Normal
/kaggle/input/datasets/abdulmananraja/real-life-violence-situations/new_violence/violence/2241.jpg,1,Anomaly
/kaggle/input/datasets/abdulmananraja/real-life-violence-situations/new_violence/violence/1981.jpg,1,Anomaly
/kaggle/input/datasets/abdulmananraja/real-life-violence-situations/new_violence/non_violence/2899.jpg,0,Normal
/kaggle/input/datasets/abdulmananraja/real-life-violence-situations/new_violence/violence/2479.jpg,1,Anomaly
/kaggle/input/datasets/abdulmananraja/real-life-violence-situations/new_violence/violence/31.jpg,1,Anomaly
/kaggle/input/datasets/abdulmananraja/real-life-violence-situations/new_violence/non_violence/1751.jpg,0,Normal
/kaggle/input/datasets/abdulmananraja/real-life-violence-situations/new_violence/non_violence/431.jpg,0,Normal
/kaggle/input/datasets/abdulmananraja/real-life-violence-situations/new_violence/non_violence/4731.jpg,0,Normal
/kaggle/input/datasets/abdulmananraja/real-life-violence-situations/new_violence/violence/5081.jpg,1,Anomaly
/kaggle/input/datasets/abdulmananraja/real-life-violence-situations/new_violence/violence/1912.jpg,1,Anomaly
/kaggle/input/datasets/abdulmananraja/real-life-violence-situations/new_violence/non_violence/3499.jpg,0,Normal
/kaggle/input/datasets/abdulmananraja/real-life-violence-situations/new_violence/non_violence/762.jpg,0,Normal
/kaggle/input/datasets/abdulmananraja/real-life-violence-situations/new_violence/non_violence/1872.jpg,0,Normal
/kaggle/input/datasets/abdulmananraja/real-life-violence-situations/new_violence/violence/1073.jpg,1,Anomaly
/kaggle/input/datasets/abdulmananraja/real-life-violence-situations/new_violence/non_violence/2599.jpg,0,Normal
/kaggle/input/datasets/abdulmananraja/real-life-violence-situations/new_violence/non_violence/4556.jpg,0,Normal
/kaggle/input/datasets/abdulmananraja/real-life-violence-situations/new_violence/non_violence/3234.jpg,0,Normal
/kaggle/input/datasets/abdulmananraja/real-life-violence-situations/new_violence/violence/3096.jpg,1,Anomaly
/kaggle/input/datasets/abdulmananraja/real-life-violence-situations/new_violence/violence/1029.jpg,1,Anomaly
/kaggle/input/datasets/abdulmananraja/real-life-violence-situations/new_violence/violence/4930.jpg,1,Anomaly
/kaggle/input/datasets/abdulmananraja/real-life-violence-situations/new_violence/violence/1806.jpg,1,Anomaly
/kaggle/input/datasets/abdulmananraja/real-life-violence-situations/new_violence/violence/3375.jpg,1,Anomaly
/kaggle/input/datasets/abdulmananraja/real-life-violence-situations/new_violence/violence/678.jpg,1,Anomaly
/kaggle/input/datasets/abdulmananraja/real-life-violence-situations/new_violence/violence/734.jpg,1,Anomaly
/kaggle/input/datasets/abdulmananraja/real-life-violence-situations/new_violence/non_violence/51.jpg,0,Normal
/kaggle/input/datasets/abdulmananraja/real-life-violence-situations/new_violence/violence/5353.jpg,1,Anomaly
/kaggle/input/datasets/abdulmananraja/real-life-violence-situations/new_violence/violence/3942.jpg,1,Anomaly
/kaggle/input/datasets/abdulmananraja/real-life-violence-situations/new_violence/non_violence/4761.jpg,0,Normal
/kaggle/input/datasets/abdulmananraja/real-life-violence-situations/new_violence/violence/200.jpg,1,Anomaly
/kaggle/input/datasets/abdulmananraja/real-life-violence-situations/new_violence/non_violence/5104.jpg,0,Normal
/kaggle/input/datasets/abdulmananraja/real-life-violence-situations/new_violence/non_violence/3013.jpg,0,Normal
/kaggle/input/datasets/abdulmananraja/real-life-violence-situations/new_violence/non_violence/2350.jpg,0,Normal
/kaggle/input/datasets/abdulmananraja/real-life-violence-situations/new_violence/violence/335.jpg,1,Anomaly
/kaggle/input/datasets/abdulmananraja/real-life-violence-situations/new_violence/violence/5234.jpg,1,Anomaly
/kaggle/input/datasets/abdulmananraja/real-life-violence-situations/new_violence/violence/3386.jpg,1,Anomaly
/kaggle/input/datasets/abdulmananraja/real-life-violence-situations/new_violence/violence/2580.jpg,1,Anomaly
/kaggle/input/datasets/abdulmananraja/real-life-violence-situations/new_violence/violence/3548.jpg,1,Anomaly
/kaggle/input/datasets/abdulmananraja/real-life-violence-situations/new_violence/violence/264.jpg,1,Anomaly
/kaggle/input/datasets/abdulmananraja/real-life-violence-situations/new_violence/violence/3582.jpg,1,Anomaly
/kaggle/input/datasets/abdulmananraja/real-life-violence-situations/new_violence/violence/4073.jpg,1,Anomaly
/kaggle/input/datasets/abdulmananraja/real-life-violence-situations/new_violence/non_violence/4559.jpg,0,Normal
/kaggle/input/datasets/abdulmananraja/real-life-violence-situations/new_violence/non_violence/2196.jpg,0,Normal
/kaggle/input/datasets/abdulmananraja/real-life-violence-situations/new_violence/violence/771.jpg,1,Anomaly
/kaggle/input/datasets/abdulmananraja/real-life-violence-situations/new_violence/non_violence/366.jpg,0,Normal
/kaggle/input/datasets/abdulmananraja/real-life-violence-situations/new_violence/violence/2089.jpg,1,Anomaly
/kaggle/input/datasets/abdulmananraja/real-life-violence-situations/new_violence/violence/1142.jpg,1,Anomaly
/kaggle/input/datasets/abdulmananraja/real-life-violence-situations/new_violence/non_violence/4452.jpg,0,Normal
/kaggle/input/datasets/abdulmananraja/real-life-violence-situations/new_violence/non_violence/2911.jpg,0,Normal
/kaggle/input/datasets/abdulmananraja/real-life-violence-situations/new_violence/violence/1115.jpg,1,Anomaly
/kaggle/input/datasets/abdulmananraja/real-life-violence-situations/new_violence/non_violence/355.jpg,0,Normal
/kaggle/input/datasets/abdulmananraja/real-life-violence-situations/new_violence/non_violence/2463.jpg,0,Normal
/kaggle/input/datasets/abdulmananraja/real-life-violence-situations/new_violence/non_violence/2291.jpg,0,Normal
/kaggle/input/datasets/abdulmananraja/real-life-violence-situations/new_violence/violence/4472.jpg,1,Anomaly
/kaggle/input/datasets/abdulmananraja/real-life-violence-situations/new_violence/violence/2851.jpg,1,Anomaly
/kaggle/input/datasets/abdulmananraja/real-life-violence-situations/new_violence/violence/5608.jpg,1,Anomaly
/kaggle/input/datasets/abdulmananraja/real-life-violence-situations/new_violence/violence/3158.jpg,1,Anomaly
/kaggle/input/datasets/abdulmananraja/real-life-violence-situations/new_violence/violence/2870.jpg,1,Anomaly
/kaggle/input/datasets/abdulmananraja/real-life-violence-situations/new_violence/violence/3794.jpg,1,Anomaly
/kaggle/input/datasets/abdulmananraja/real-life-violence-situations/new_violence/non_violence/2939.jpg,0,Normal
/kaggle/input/datasets/abdulmananraja/real-life-violence-situations/new_violence/violence/60.jpg,1,Anomaly
/kaggle/input/datasets/abdulmananraja/real-life-violence-situations/new_violence/violence/4411.jpg,1,Anomaly
/kaggle/input/datasets/abdulmananraja/real-life-violence-situations/new_violence/non_violence/2646.jpg,0,Normal
/kaggle/input/datasets/abdulmananraja/real-life-violence-situations/new_violence/violence/2650.jpg,1,Anomaly
/kaggle/input/datasets/abdulmananraja/real-life-violence-situations/new_violence/non_violence/1586.jpg,0,Normal
/kaggle/input/datasets/abdulmananraja/real-life-violence-situations/new_violence/violence/5737.jpg,1,Anomaly
/kaggle/input/datasets/abdulmananraja/real-life-violence-situations/new_violence/violence/379.jpg,1,Anomaly
/kaggle/input/datasets/abdulmananraja/real-life-violence-situations/new_violence/violence/355.jpg,1,Anomaly
/kaggle/input/datasets/abdulmananraja/real-life-violence-situations/new_violence/non_violence/2491.jpg,0,Normal
/kaggle/input/datasets/abdulmananraja/real-life-violence-situations/new_violence/non_violence/288.jpg,0,Normal
/kaggle/input/datasets/abdulmananraja/real-life-violence-situations/new_violence/violence/2873.jpg,1,Anomaly
/kaggle/input/datasets/abdulmananraja/real-life-violence-situations/new_violence/violence/981.jpg,1,Anomaly
/kaggle/input/datasets/abdulmananraja/real-life-violence-situations/new_violence/violence/2144.jpg,1,Anomaly
/kaggle/input/datasets/abdulmananraja/real-life-violence-situations/new_violence/non_violence/4718.jpg,0,Normal
/kaggle/input/datasets/abdulmananraja/real-life-violence-situations/new_violence/non_violence/2276.jpg,0,Normal
/kaggle/input/datasets/abdulmananraja/real-life-violence-situations/new_violence/violence/3041.jpg,1,Anomaly
/kaggle/input/datasets/abdulmananraja/real-life-violence-situations/new_violence/violence/1003.jpg,1,Anomaly
/kaggle/input/datasets/abdulmananraja/real-life-violence-situations/new_violence/violence/3769.jpg,1,Anomaly
/kaggle/input/datasets/abdulmananraja/real-life-violence-situations/new_violence/non_violence/2025.jpg,0,Normal
/kaggle/input/datasets/abdulmananraja/real-life-violence-situations/new_violence/violence/4089.jpg,1,Anomaly
/kaggle/input/datasets/abdulmananraja/real-life-violence-situations/new_violence/violence/3033.jpg,1,Anomaly
/kaggle/input/datasets/abdulmananraja/real-life-violence-situations/new_violence/violence/5815.jpg,1,Anomaly
/kaggle/input/datasets/abdulmananraja/real-life-violence-situations/new_violence/non_violence/2081.jpg,0,Normal
/kaggle/input/datasets/abdulmananraja/real-life-violence-situations/new_violence/non_violence/522.jpg,0,Normal
/kaggle/input/datasets/abdulmananraja/real-life-violence-situations/new_violence/non_violence/3403.jpg,0,Normal
/kaggle/input/datasets/abdulmananraja/real-life-violence-situations/new_violence/non_violence/2141.jpg,0,Normal
/kaggle/input/datasets/abdulmananraja/real-life-violence-situations/new_violence/violence/3079.jpg,1,Anomaly
/kaggle/input/datasets/abdulmananraja/real-life-violence-situations/new_violence/violence/914.jpg,1,Anomaly
/kaggle/input/datasets/abdulmananraja/real-life-violence-situations/new_violence/violence/72.jpg,1,Anomaly
/kaggle/input/datasets/abdulmananraja/real-life-violence-situations/new_violence/non_violence/4644.jpg,0,Normal
/kaggle/input/datasets/abdulmananraja/real-life-violence-situations/new_violence/violence/2548.jpg,1,Anomaly
/kaggle/input/datasets/abdulmananraja/real-life-violence-situations/new_violence/violence/477.jpg,1,Anomaly
/kaggle/input/datasets/abdulmananraja/real-life-violence-situations/new_violence/non_violence/2864.jpg,0,Normal
/kaggle/input/datasets/abdulmananraja/real-life-violence-situations/new_violence/non_violence/4400.jpg,0,Normal
/kaggle/input/datasets/abdulmananraja/real-life-violence-situations/new_violence/violence/4665.jpg,1,Anomaly
/kaggle/input/datasets/abdulmananraja/real-life-violence-situations/new_violence/non_violence/4436.jpg,0,Normal
/kaggle/input/datasets/abdulmananraja/real-life-violence-situations/new_violence/non_violence/327.jpg,0,Normal
/kaggle/input/datasets/abdulmananraja/real-life-violence-situations/new_violence/violence/879.jpg,1,Anomaly
/kaggle/input/datasets/abdulmananraja/real-life-violence-situations/new_violence/violence/1415.jpg,1,Anomaly
/kaggle/input/datasets/abdulmananraja/real-life-violence-situations/new_violence/non_violence/2659.jpg,0,Normal
/kaggle/input/datasets/abdulmananraja/real-life-violence-situations/new_violence/violence/5125.jpg,1,Anomaly
/kaggle/input/datasets/abdulmananraja/real-life-violence-situations/new_violence/violence/4287.jpg,1,Anomaly
/kaggle/input/datasets/abdulmananraja/real-life-violence-situations/new_violence/violence/3180.jpg,1,Anomaly
/kaggle/input/datasets/abdulmananraja/real-life-violence-situations/new_violence/violence/5342.jpg,1,Anomaly
/kaggle/input/datasets/abdulmananraja/real-life-violence-situations/new_violence/non_violence/4524.jpg,0,Normal
/kaggle/input/datasets/abdulmananraja/real-life-violence-situations/new_violence/violence/1025.jpg,1,Anomaly
/kaggle/input/datasets/abdulmananraja/real-life-violence-situations/new_violence/non_violence/2369.jpg,0,Normal
/kaggle/input/datasets/abdulmananraja/real-life-violence-situations/new_violence/violence/1629.jpg,1,Anomaly
/kaggle/input/datasets/abdulmananraja/real-life-violence-situations/new_violence/non_violence/3747.jpg,0,Normal
/kaggle/input/datasets/abdulmananraja/real-life-violence-situations/new_violence/non_violence/4198.jpg,0,Normal
/kaggle/input/datasets/abdulmananraja/real-life-violence-situations/new_violence/non_violence/3492.jpg,0,Normal
/kaggle/input/datasets/abdulmananraja/real-life-violence-situations/new_violence/non_violence/4232.jpg,0,Normal
/kaggle/input/datasets/abdulmananraja/real-life-violence-situations/new_violence/non_violence/1524.jpg,0,Normal
/kaggle/input/datasets/abdulmananraja/real-life-violence-situations/new_violence/non_violence/1451.jpg,0,Normal
/kaggle/input/datasets/abdulmananraja/real-life-violence-situations/new_violence/violence/1953.jpg,1,Anomaly
/kaggle/input/datasets/abdulmananraja/real-life-violence-situations/new_violence/violence/5654.jpg,1,Anomaly
/kaggle/input/datasets/abdulmananraja/real-life-violence-situations/new_violence/non_violence/3291.jpg,0,Normal
/kaggle/input/datasets/abdulmananraja/real-life-violence-situations/new_violence/violence/4392.jpg,1,Anomaly
/kaggle/input/datasets/abdulmananraja/real-life-violence-situations/new_violence/violence/4811.jpg,1,Anomaly
/kaggle/input/datasets/abdulmananraja/real-life-violence-situations/new_violence/non_violence/2531.jpg,0,Normal
/kaggle/input/datasets/abdulmananraja/real-life-violence-situations/new_violence/non_violence/1521.jpg,0,Normal
/kaggle/input/datasets/abdulmananraja/real-life-violence-situations/new_violence/non_violence/3557.jpg,0,Normal
/kaggle/input/datasets/abdulmananraja/real-life-violence-situations/new_violence/violence/4010.jpg,1,Anomaly
/kaggle/input/datasets/abdulmananraja/real-life-violence-situations/new_violence/violence/3641.jpg,1,Anomaly
/kaggle/input/datasets/abdulmananraja/real-life-violence-situations/new_violence/non_violence/3447.jpg,0,Normal
/kaggle/input/datasets/abdulmananraja/real-life-violence-situations/new_violence/violence/3883.jpg,1,Anomaly
/kaggle/input/datasets/abdulmananraja/real-life-violence-situations/new_violence/violence/3363.jpg,1,Anomaly
/kaggle/input/datasets/abdulmananraja/real-life-violence-situations/new_violence/violence/3202.jpg,1,Anomaly
/kaggle/input/datasets/abdulmananraja/real-life-violence-situations/new_violence/non_violence/4074.jpg,0,Normal
/kaggle/input/datasets/abdulmananraja/real-life-violence-situations/new_violence/non_violence/1777.jpg,0,Normal
/kaggle/input/datasets/abdulmananraja/real-life-violence-situations/new_violence/non_violence/94.jpg,0,Normal
/kaggle/input/datasets/abdulmananraja/real-life-violence-situations/new_violence/non_violence/4589.jpg,0,Normal
/kaggle/input/datasets/abdulmananraja/real-life-violence-situations/new_violence/violence/235.jpg,1,Anomaly
/kaggle/input/datasets/abdulmananraja/real-life-violence-situations/new_violence/violence/5751.jpg,1,Anomaly
/kaggle/input/datasets/abdulmananraja/real-life-violence-situations/new_violence/non_violence/820.jpg,0,Normal
/kaggle/input/datasets/abdulmananraja/real-life-violence-situations/new_violence/violence/1795.jpg,1,Anomaly
/kaggle/input/datasets/abdulmananraja/real-life-violence-situations/new_violence/violence/4459.jpg,1,Anomaly
/kaggle/input/datasets/abdulmananraja/real-life-violence-situations/new_violence/violence/10.jpg,1,Anomaly
/kaggle/input/datasets/abdulmananraja/real-life-violence-situations/new_violence/violence/1242.jpg,1,Anomaly
/kaggle/input/datasets/abdulmananraja/real-life-violence-situations/new_violence/non_violence/3669.jpg,0,Normal
/kaggle/input/datasets/abdulmananraja/real-life-violence-situations/new_violence/non_violence/1400.jpg,0,Normal
/kaggle/input/datasets/abdulmananraja/real-life-violence-situations/new_violence/violence/5591.jpg,1,Anomaly
/kaggle/input/datasets/abdulmananraja/real-life-violence-situations/new_violence/non_violence/730.jpg,0,Normal
/kaggle/input/datasets/abdulmananraja/real-life-violence-situations/new_violence/violence/4577.jpg,1,Anomaly
/kaggle/input/datasets/abdulmananraja/real-life-violence-situations/new_violence/violence/5482.jpg,1,Anomaly
/kaggle/input/datasets/abdulmananraja/real-life-violence-situations/new_violence/non_violence/2434.jpg,0,Normal
/kaggle/input/datasets/abdulmananraja/real-life-violence-situations/new_violence/non_violence/1660.jpg,0,Normal
/kaggle/input/datasets/abdulmananraja/real-life-violence-situations/new_violence/violence/1047.jpg,1,Anomaly
/kaggle/input/datasets/abdulmananraja/real-life-violence-situations/new_violence/violence/4756.jpg,1,Anomaly
/kaggle/input/datasets/abdulmananraja/real-life-violence-situations/new_violence/non_violence/3506.jpg,0,Normal
/kaggle/input/datasets/abdulmananraja/real-life-violence-situations/new_violence/non_violence/1903.jpg,0,Normal
/kaggle/input/datasets/abdulmananraja/real-life-violence-situations/new_violence/violence/3588.jpg,1,Anomaly
/kaggle/input/datasets/abdulmananraja/real-life-violence-situations/new_violence/non_violence/778.jpg,0,Normal
/kaggle/input/datasets/abdulmananraja/real-life-violence-situations/new_violence/violence/341.jpg,1,Anomaly
/kaggle/input/datasets/abdulmananraja/real-life-violence-situations/new_violence/violence/410.jpg,1,Anomaly
/kaggle/input/datasets/abdulmananraja/real-life-violence-situations/new_violence/violence/5712.jpg,1,Anomaly
/kaggle/input/datasets/abdulmananraja/real-life-violence-situations/new_violence/violence/1666.jpg,1,Anomaly
/kaggle/input/datasets/abdulmananraja/real-life-violence-situations/new_violence/non_violence/3723.jpg,0,Normal
/kaggle/input/datasets/abdulmananraja/real-life-violence-situations/new_violence/violence/2716.jpg,1,Anomaly
/kaggle/input/datasets/abdulmananraja/real-life-violence-situations/new_violence/violence/3480.jpg,1,Anomaly
/kaggle/input/datasets/abdulmananraja/real-life-violence-situations/new_violence/non_violence/2811.jpg,0,Normal
/kaggle/input/datasets/abdulmananraja/real-life-violence-situations/new_violence/violence/278.jpg,1,Anomaly
/kaggle/input/datasets/abdulmananraja/real-life-violence-situations/new_violence/violence/878.jpg,1,Anomaly
/kaggle/input/datasets/abdulmananraja/real-life-violence-situations/new_violence/violence/4167.jpg,1,Anomaly
/kaggle/input/datasets/abdulmananraja/real-life-violence-situations/new_violence/non_violence/3966.jpg,0,Normal
/kaggle/input/datasets/abdulmananraja/real-life-violence-situations/new_violence/non_violence/4819.jpg,0,Normal
/kaggle/input/datasets/abdulmananraja/real-life-violence-situations/new_violence/non_violence/3705.jpg,0,Normal
/kaggle/input/datasets/abdulmananraja/real-life-violence-situations/new_violence/violence/1805.jpg,1,Anomaly
/kaggle/input/datasets/abdulmananraja/real-life-violence-situations/new_violence/violence/4298.jpg,1,Anomaly
/kaggle/input/datasets/abdulmananraja/real-life-violence-situations/new_violence/violence/2385.jpg,1,Anomaly
/kaggle/input/datasets/abdulmananraja/real-life-violence-situations/new_violence/non_violence/211.jpg,0,Normal
/kaggle/input/datasets/abdulmananraja/real-life-violence-situations/new_violence/violence/998.jpg,1,Anomaly
/kaggle/input/datasets/abdulmananraja/real-life-violence-situations/new_violence/violence/5273.jpg,1,Anomaly
/kaggle/input/datasets/abdulmananraja/real-life-violence-situations/new_violence/violence/5833.jpg,1,Anomaly
/kaggle/input/datasets/abdulmananraja/real-life-violence-situations/new_violence/non_violence/2400.jpg,0,Normal
/kaggle/input/datasets/abdulmananraja/real-life-violence-situations/new_violence/violence/5044.jpg,1,Anomaly
/kaggle/input/datasets/abdulmananraja/real-life-violence-situations/new_violence/non_violence/3383.jpg,0,Normal
/kaggle/input/datasets/abdulmananraja/real-life-violence-situations/new_violence/non_violence/1739.jpg,0,Normal
/kaggle/input/datasets/abdulmananraja/real-life-violence-situations/new_violence/violence/2971.jpg,1,Anomaly
/kaggle/input/datasets/abdulmananraja/real-life-violence-situations/new_violence/non_violence/4906.jpg,0,Normal
/kaggle/input/datasets/abdulmananraja/real-life-violence-situations/new_violence/non_violence/617.jpg,0,Normal
/kaggle/input/datasets/abdulmananraja/real-life-violence-situations/new_violence/violence/2240.jpg,1,Anomaly
/kaggle/input/datasets/abdulmananraja/real-life-violence-situations/new_violence/violence/1934.jpg,1,Anomaly
/kaggle/input/datasets/abdulmananraja/real-life-violence-situations/new_violence/violence/289.jpg,1,Anomaly
/kaggle/input/datasets/abdulmananraja/real-life-violence-situations/new_violence/non_violence/1887.jpg,0,Normal
/kaggle/input/datasets/abdulmananraja/real-life-violence-situations/new_violence/violence/2681.jpg,1,Anomaly
/kaggle/input/datasets/abdulmananraja/real-life-violence-situations/new_violence/violence/2695.jpg,1,Anomaly
/kaggle/input/datasets/abdulmananraja/real-life-violence-situations/new_violence/non_violence/4648.jpg,0,Normal
/kaggle/input/datasets/abdulmananraja/real-life-violence-situations/new_violence/violence/4461.jpg,1,Anomaly
/kaggle/input/datasets/abdulmananraja/real-life-violence-situations/new_violence/non_violence/2813.jpg,0,Normal
/kaggle/input/datasets/abdulmananraja/real-life-violence-situations/new_violence/violence/1028.jpg,1,Anomaly
/kaggle/input/datasets/abdulmananraja/real-life-violence-situations/new_violence/violence/4837.jpg,1,Anomaly
/kaggle/input/datasets/abdulmananraja/real-life-violence-situations/new_violence/violence/1187.jpg,1,Anomaly
/kaggle/input/datasets/abdulmananraja/real-life-violence-situations/new_violence/non_violence/3732.jpg,0,Normal
/kaggle/input/datasets/abdulmananraja/real-life-violence-situations/new_violence/non_violence/1048.jpg,0,Normal
/kaggle/input/datasets/abdulmananraja/real-life-violence-situations/new_violence/violence/636.jpg,1,Anomaly
/kaggle/input/datasets/abdulmananraja/real-life-violence-situations/new_violence/non_violence/768.jpg,0,Normal
/kaggle/input/datasets/abdulmananraja/real-life-violence-situations/new_violence/violence/3945.jpg,1,Anomaly
/kaggle/input/datasets/abdulmananraja/real-life-violence-situations/new_violence/non_violence/4723.jpg,0,Normal
/kaggle/input/datasets/abdulmananraja/real-life-violence-situations/new_violence/violence/5126.jpg,1,Anomaly
/kaggle/input/datasets/abdulmananraja/real-life-violence-situations/new_violence/violence/977.jpg,1,Anomaly
/kaggle/input/datasets/abdulmananraja/real-life-violence-situations/new_violence/violence/5679.jpg,1,Anomaly
/kaggle/input/datasets/abdulmananraja/real-life-violence-situations/new_violence/violence/140.jpg,1,Anomaly
/kaggle/input/datasets/abdulmananraja/real-life-violence-situations/new_violence/non_violence/5006.jpg,0,Normal
/kaggle/input/datasets/abdulmananraja/real-life-violence-situations/new_violence/violence/2815.jpg,1,Anomaly
/kaggle/input/datasets/abdulmananraja/real-life-violence-situations/new_violence/non_violence/2408.jpg,0,Normal
/kaggle/input/datasets/abdulmananraja/real-life-violence-situations/new_violence/non_violence/774.jpg,0,Normal
/kaggle/input/datasets/abdulmananraja/real-life-violence-situations/new_violence/non_violence/1791.jpg,0,Normal
/kaggle/input/datasets/abdulmananraja/real-life-violence-situations/new_violence/non_violence/479.jpg,0,Normal
/kaggle/input/datasets/abdulmananraja/real-life-violence-situations/new_violence/non_violence/2007.jpg,0,Normal
/kaggle/input/datasets/abdulmananraja/real-life-violence-situations/new_violence/non_violence/3333.jpg,0,Normal
/kaggle/input/datasets/abdulmananraja/real-life-violence-situations/new_violence/violence/3174.jpg,1,Anomaly
/kaggle/input/datasets/abdulmananraja/real-life-violence-situations/new_violence/non_violence/5207.jpg,0,Normal
/kaggle/input/datasets/abdulmananraja/real-life-violence-situations/new_violence/violence/813.jpg,1,Anomaly
/kaggle/input/datasets/abdulmananraja/real-life-violence-situations/new_violence/non_violence/1469.jpg,0,Normal
/kaggle/input/datasets/abdulmananraja/real-life-violence-situations/new_violence/non_violence/1112.jpg,0,Normal
/kaggle/input/datasets/abdulmananraja/real-life-violence-situations/new_violence/non_violence/3053.jpg,0,Normal
/kaggle/input/datasets/abdulmananraja/real-life-violence-situations/new_violence/non_violence/877.jpg,0,Normal
/kaggle/input/datasets/abdulmananraja/real-life-violence-situations/new_violence/violence/4550.jpg,1,Anomaly
/kaggle/input/datasets/abdulmananraja/real-life-violence-situations/new_violence/violence/4140.jpg,1,Anomaly
/kaggle/input/datasets/abdulmananraja/real-life-violence-situations/new_violence/violence/4250.jpg,1,Anomaly
/kaggle/input/datasets/abdulmananraja/real-life-violence-situations/new_violence/non_violence/4550.jpg,0,Normal
/kaggle/input/datasets/abdulmananraja/real-life-violence-situations/new_violence/violence/972.jpg,1,Anomaly
/kaggle/input/datasets/abdulmananraja/real-life-violence-situations/new_violence/non_violence/880.jpg,0,Normal
/kaggle/input/datasets/abdulmananraja/real-life-violence-situations/new_violence/violence/1526.jpg,1,Anomaly
/kaggle/input/datasets/abdulmananraja/real-life-violence-situations/new_violence/violence/5681.jpg,1,Anomaly
/kaggle/input/datasets/abdulmananraja/real-life-violence-situations/new_violence/violence/3545.jpg,1,Anomaly
/kaggle/input/datasets/abdulmananraja/real-life-violence-situations/new_violence/non_violence/4106.jpg,0,Normal
/kaggle/input/datasets/abdulmananraja/real-life-violence-situations/new_violence/violence/15.jpg,1,Anomaly
/kaggle/input/datasets/abdulmananraja/real-life-violence-situations/new_violence/violence/632.jpg,1,Anomaly
/kaggle/input/datasets/abdulmananraja/real-life-violence-situations/new_violence/violence/2024.jpg,1,Anomaly
/kaggle/input/datasets/abdulmananraja/real-life-violence-situations/new_violence/violence/1227.jpg,1,Anomaly
/kaggle/input/datasets/abdulmananraja/real-life-violence-situations/new_violence/violence/277.jpg,1,Anomaly
/kaggle/input/datasets/abdulmananraja/real-life-violence-situations/new_violence/violence/2247.jpg,1,Anomaly
/kaggle/input/datasets/abdulmananraja/real-life-violence-situations/new_violence/violence/5193.jpg,1,Anomaly
/kaggle/input/datasets/abdulmananraja/real-life-violence-situations/new_violence/violence/3426.jpg,1,Anomaly
/kaggle/input/datasets/abdulmananraja/real-life-violence-situations/new_violence/violence/692.jpg,1,Anomaly
/kaggle/input/datasets/abdulmananraja/real-life-violence-situations/new_violence/non_violence/2097.jpg,0,Normal
/kaggle/input/datasets/abdulmananraja/real-life-violence-situations/new_violence/non_violence/3332.jpg,0,Normal
/kaggle/input/datasets/abdulmananraja/real-life-violence-situations/new_violence/non_violence/1646.jpg,0,Normal
/kaggle/input/datasets/abdulmananraja/real-life-violence-situations/new_violence/non_violence/3810.jpg,0,Normal
/kaggle/input/datasets/abdulmananraja/real-life-violence-situations/new_violence/non_violence/170.jpg,0,Normal
/kaggle/input/datasets/abdulmananraja/real-life-violence-situations/new_violence/non_violence/2395.jpg,0,Normal
/kaggle/input/datasets/abdulmananraja/real-life-violence-situations/new_violence/violence/4882.jpg,1,Anomaly
/kaggle/input/datasets/abdulmananraja/real-life-violence-situations/new_violence/non_violence/1549.jpg,0,Normal
/kaggle/input/datasets/abdulmananraja/real-life-violence-situations/new_violence/non_violence/2337.jpg,0,Normal
/kaggle/input/datasets/abdulmananraja/real-life-violence-situations/new_violence/violence/4135.jpg,1,Anomaly
/kaggle/input/datasets/abdulmananraja/real-life-violence-situations/new_violence/violence/5203.jpg,1,Anomaly
/kaggle/input/datasets/abdulmananraja/real-life-violence-situations/new_violence/violence/2721.jpg,1,Anomaly
/kaggle/input/datasets/abdulmananraja/real-life-violence-situations/new_violence/non_violence/321.jpg,0,Normal
/kaggle/input/datasets/abdulmananraja/real-life-violence-situations/new_violence/violence/5697.jpg,1,Anomaly
/kaggle/input/datasets/abdulmananraja/real-life-violence-situations/new_violence/violence/5372.jpg,1,Anomaly
/kaggle/input/datasets/abdulmananraja/real-life-violence-situations/new_violence/violence/2747.jpg,1,Anomaly
/kaggle/input/datasets/abdulmananraja/real-life-violence-situations/new_violence/non_violence/4748.jpg,0,Normal
/kaggle/input/datasets/abdulmananraja/real-life-violence-situations/new_violence/violence/1405.jpg,1,Anomaly
/kaggle/input/datasets/abdulmananraja/real-life-violence-situations/new_violence/non_violence/2383.jpg,0,Normal
/kaggle/input/datasets/abdulmananraja/real-life-violence-situations/new_violence/non_violence/3685.jpg,0,Normal
/kaggle/input/datasets/abdulmananraja/real-life-violence-situations/new_violence/non_violence/3247.jpg,0,Normal
/kaggle/input/datasets/abdulmananraja/real-life-violence-situations/new_violence/non_violence/812.jpg,0,Normal
/kaggle/input/datasets/abdulmananraja/real-life-violence-situations/new_violence/non_violence/3376.jpg,0,Normal
/kaggle/input/datasets/abdulmananraja/real-life-violence-situations/new_violence/violence/2941.jpg,1,Anomaly
/kaggle/input/datasets/abdulmananraja/real-life-violence-situations/new_violence/violence/838.jpg,1,Anomaly
/kaggle/input/datasets/abdulmananraja/real-life-violence-situations/new_violence/non_violence/3343.jpg,0,Normal
/kaggle/input/datasets/abdulmananraja/real-life-violence-situations/new_violence/violence/4230.jpg,1,Anomaly
/kaggle/input/datasets/abdulmananraja/real-life-violence-situations/new_violence/violence/2187.jpg,1,Anomaly
/kaggle/input/datasets/abdulmananraja/real-life-violence-situations/new_violence/non_violence/3535.jpg,0,Normal
/kaggle/input/datasets/abdulmananraja/real-life-violence-situations/new_violence/violence/2271.jpg,1,Anomaly
/kaggle/input/datasets/abdulmananraja/real-life-violence-situations/new_violence/violence/2134.jpg,1,Anomaly
/kaggle/input/datasets/abdulmananraja/real-life-violence-situations/new_violence/non_violence/1167.jpg,0,Normal
/kaggle/input/datasets/abdulmananraja/real-life-violence-situations/new_violence/non_violence/782.jpg,0,Normal
/kaggle/input/datasets/abdulmananraja/real-life-violence-situations/new_violence/violence/5689.jpg,1,Anomaly
/kaggle/input/datasets/abdulmananraja/real-life-violence-situations/new_violence/non_violence/3170.jpg,0,Normal
/kaggle/input/datasets/abdulmananraja/real-life-violence-situations/new_violence/non_violence/3157.jpg,0,Normal
/kaggle/input/datasets/abdulmananraja/real-life-violence-situations/new_violence/non_violence/2620.jpg,0,Normal
/kaggle/input/datasets/abdulmananraja/real-life-violence-situations/new_violence/violence/5585.jpg,1,Anomaly
/kaggle/input/datasets/abdulmananraja/real-life-violence-situations/new_violence/non_violence/3916.jpg,0,Normal
/kaggle/input/datasets/abdulmananraja/real-life-violence-situations/new_violence/violence/2231.jpg,1,Anomaly
/kaggle/input/datasets/abdulmananraja/real-life-violence-situations/new_violence/violence/474.jpg,1,Anomaly
/kaggle/input/datasets/abdulmananraja/real-life-violence-situations/new_violence/non_violence/3449.jpg,0,Normal
/kaggle/input/datasets/abdulmananraja/real-life-violence-situations/new_violence/violence/2961.jpg,1,Anomaly
/kaggle/input/datasets/abdulmananraja/real-life-violence-situations/new_violence/non_violence/4420.jpg,0,Normal
/kaggle/input/datasets/abdulmananraja/real-life-violence-situations/new_violence/violence/1541.jpg,1,Anomaly
/kaggle/input/datasets/abdulmananraja/real-life-violence-situations/new_violence/violence/2237.jpg,1,Anomaly
/kaggle/input/datasets/abdulmananraja/real-life-violence-situations/new_violence/violence/3444.jpg,1,Anomaly
/kaggle/input/datasets/abdulmananraja/real-life-violence-situations/new_violence/violence/4494.jpg,1,Anomaly
/kaggle/input/datasets/abdulmananraja/real-life-violence-situations/new_violence/non_violence/1158.jpg,0,Normal
/kaggle/input/datasets/abdulmananraja/real-life-violence-situations/new_violence/violence/4446.jpg,1,Anomaly
/kaggle/input/datasets/abdulmananraja/real-life-violence-situations/new_violence/non_violence/2695.jpg,0,Normal
/kaggle/input/datasets/abdulmananraja/real-life-violence-situations/new_violence/violence/4986.jpg,1,Anomaly
/kaggle/input/datasets/abdulmananraja/real-life-violence-situations/new_violence/non_violence/3025.jpg,0,Normal
/kaggle/input/datasets/abdulmananraja/real-life-violence-situations/new_violence/violence/5128.jpg,1,Anomaly
/kaggle/input/datasets/abdulmananraja/real-life-violence-situations/new_violence/non_violence/3041.jpg,0,Normal
/kaggle/input/datasets/abdulmananraja/real-life-violence-situations/new_violence/violence/1757.jpg,1,Anomaly
/kaggle/input/datasets/abdulmananraja/real-life-violence-situations/new_violence/non_violence/2975.jpg,0,Normal
/kaggle/input/datasets/abdulmananraja/real-life-violence-situations/new_violence/non_violence/3562.jpg,0,Normal
/kaggle/input/datasets/abdulmananraja/real-life-violence-situations/new_violence/violence/5094.jpg,1,Anomaly
/kaggle/input/datasets/abdulmananraja/real-life-violence-situations/new_violence/violence/2069.jpg,1,Anomaly
/kaggle/input/datasets/abdulmananraja/real-life-violence-situations/new_violence/non_violence/1994.jpg,0,Normal
/kaggle/input/datasets/abdulmananraja/real-life-violence-situations/new_violence/non_violence/4135.jpg,0,Normal
/kaggle/input/datasets/abdulmananraja/real-life-violence-situations/new_violence/violence/3281.jpg,1,Anomaly
/kaggle/input/datasets/abdulmananraja/real-life-violence-situations/new_violence/non_violence/4289.jpg,0,Normal
/kaggle/input/datasets/abdulmananraja/real-life-violence-situations/new_violence/violence/1368.jpg,1,Anomaly
/kaggle/input/datasets/abdulmananraja/real-life-violence-situations/new_violence/non_violence/3268.jpg,0,Normal
/kaggle/input/datasets/abdulmananraja/real-life-violence-situations/new_violence/violence/3113.jpg,1,Anomaly
/kaggle/input/datasets/abdulmananraja/real-life-violence-situations/new_violence/non_violence/32.jpg,0,Normal
/kaggle/input/datasets/abdulmananraja/real-life-violence-situations/new_violence/non_violence/3481.jpg,0,Normal
/kaggle/input/datasets/abdulmananraja/real-life-violence-situations/new_violence/non_violence/3323.jpg,0,Normal
/kaggle/input/datasets/abdulmananraja/real-life-violence-situations/new_violence/violence/1453.jpg,1,Anomaly
/kaggle/input/datasets/abdulmananraja/real-life-violence-situations/new_violence/non_violence/3005.jpg,0,Normal
/kaggle/input/datasets/abdulmananraja/real-life-violence-situations/new_violence/violence/5680.jpg,1,Anomaly
/kaggle/input/datasets/abdulmananraja/real-life-violence-situations/new_violence/non_violence/5106.jpg,0,Normal
/kaggle/input/datasets/abdulmananraja/real-life-violence-situations/new_violence/non_violence/3140.jpg,0,Normal
/kaggle/input/datasets/abdulmananraja/real-life-violence-situations/new_violence/violence/2095.jpg,1,Anomaly
/kaggle/input/datasets/abdulmananraja/real-life-violence-situations/new_violence/non_violence/4002.jpg,0,Normal
/kaggle/input/datasets/abdulmananraja/real-life-violence-situations/new_violence/non_violence/1421.jpg,0,Normal
/kaggle/input/datasets/abdulmananraja/real-life-violence-situations/new_violence/non_violence/4394.jpg,0,Normal
/kaggle/input/datasets/abdulmananraja/real-life-violence-situations/new_violence/violence/5041.jpg,1,Anomaly
/kaggle/input/datasets/abdulmananraja/real-life-violence-situations/new_violence/non_violence/3868.jpg,0,Normal
/kaggle/input/datasets/abdulmananraja/real-life-violence-situations/new_violence/violence/3961.jpg,1,Anomaly
/kaggle/input/datasets/abdulmananraja/real-life-violence-situations/new_violence/non_violence/430.jpg,0,Normal
/kaggle/input/datasets/abdulmananraja/real-life-violence-situations/new_violence/violence/369.jpg,1,Anomaly
/kaggle/input/datasets/abdulmananraja/real-life-violence-situations/new_violence/non_violence/1091.jpg,0,Normal
/kaggle/input/datasets/abdulmananraja/real-life-violence-situations/new_violence/non_violence/477.jpg,0,Normal
/kaggle/input/datasets/abdulmananraja/real-life-violence-situations/new_violence/non_violence/5024.jpg,0,Normal
/kaggle/input/datasets/abdulmananraja/real-life-violence-situations/new_violence/non_violence/3180.jpg,0,Normal
/kaggle/input/datasets/abdulmananraja/real-life-violence-situations/new_violence/non_violence/3642.jpg,0,Normal
/kaggle/input/datasets/abdulmananraja/real-life-violence-situations/new_violence/violence/4560.jpg,1,Anomaly
/kaggle/input/datasets/abdulmananraja/real-life-violence-situations/new_violence/non_violence/1381.jpg,0,Normal
/kaggle/input/datasets/abdulmananraja/real-life-violence-situations/new_violence/violence/1198.jpg,1,Anomaly
/kaggle/input/datasets/abdulmananraja/real-life-violence-situations/new_violence/violence/2863.jpg,1,Anomaly
/kaggle/input/datasets/abdulmananraja/real-life-violence-situations/new_violence/non_violence/4810.jpg,0,Normal
/kaggle/input/datasets/abdulmananraja/real-life-violence-situations/new_violence/non_violence/4437.jpg,0,Normal
/kaggle/input/datasets/abdulmananraja/real-life-violence-situations/new_violence/non_violence/4704.jpg,0,Normal
/kaggle/input/datasets/abdulmananraja/real-life-violence-situations/new_violence/violence/574.jpg,1,Anomaly
/kaggle/input/datasets/abdulmananraja/real-life-violence-situations/new_violence/violence/2093.jpg,1,Anomaly
/kaggle/input/datasets/abdulmananraja/real-life-violence-situations/new_violence/violence/1536.jpg,1,Anomaly
/kaggle/input/datasets/abdulmananraja/real-life-violence-situations/new_violence/non_violence/1431.jpg,0,Normal
/kaggle/input/datasets/abdulmananraja/real-life-violence-situations/new_violence/non_violence/4659.jpg,0,Normal
/kaggle/input/datasets/abdulmananraja/real-life-violence-situations/new_violence/violence/2280.jpg,1,Anomaly
/kaggle/input/datasets/abdulmananraja/real-life-violence-situations/new_violence/non_violence/610.jpg,0,Normal
/kaggle/input/datasets/abdulmananraja/real-life-violence-situations/new_violence/violence/2075.jpg,1,Anomaly
/kaggle/input/datasets/abdulmananraja/real-life-violence-situations/new_violence/violence/3167.jpg,1,Anomaly
/kaggle/input/datasets/abdulmananraja/real-life-violence-situations/new_violence/non_violence/1344.jpg,0,Normal
/kaggle/input/datasets/abdulmananraja/real-life-violence-situations/new_violence/violence/5145.jpg,1,Anomaly
/kaggle/input/datasets/abdulmananraja/real-life-violence-situations/new_violence/violence/1918.jpg,1,Anomaly
/kaggle/input/datasets/abdulmananraja/real-life-violence-situations/new_violence/violence/2940.jpg,1,Anomaly
/kaggle/input/datasets/abdulmananraja/real-life-violence-situations/new_violence/violence/974.jpg,1,Anomaly
/kaggle/input/datasets/abdulmananraja/real-life-violence-situations/new_violence/non_violence/3188.jpg,0,Normal
/kaggle/input/datasets/abdulmananraja/real-life-violence-situations/new_violence/violence/907.jpg,1,Anomaly
/kaggle/input/datasets/abdulmananraja/real-life-violence-situations/new_violence/violence/2304.jpg,1,Anomaly
/kaggle/input/datasets/abdulmananraja/real-life-violence-situations/new_violence/violence/4668.jpg,1,Anomaly
/kaggle/input/datasets/abdulmananraja/real-life-violence-situations/new_violence/non_violence/531.jpg,0,Normal
/kaggle/input/datasets/abdulmananraja/real-life-violence-situations/new_violence/non_violence/911.jpg,0,Normal
/kaggle/input/datasets/abdulmananraja/real-life-violence-situations/new_violence/violence/3350.jpg,1,Anomaly
/kaggle/input/datasets/abdulmananraja/real-life-violence-situations/new_violence/violence/683.jpg,1,Anomaly
/kaggle/input/datasets/abdulmananraja/real-life-violence-situations/new_violence/non_violence/457.jpg,0,Normal
/kaggle/input/datasets/abdulmananraja/real-life-violence-situations/new_violence/violence/1114.jpg,1,Anomaly
/kaggle/input/datasets/abdulmananraja/real-life-violence-situations/new_violence/violence/4832.jpg,1,Anomaly
/kaggle/input/datasets/abdulmananraja/real-life-violence-situations/new_violence/non_violence/2.jpg,0,Normal
/kaggle/input/datasets/abdulmananraja/real-life-violence-situations/new_violence/violence/2549.jpg,1,Anomaly
/kaggle/input/datasets/abdulmananraja/real-life-violence-situations/new_violence/non_violence/4495.jpg,0,Normal
/kaggle/input/datasets/abdulmananraja/real-life-violence-situations/new_violence/violence/2613.jpg,1,Anomaly
/kaggle/input/datasets/abdulmananraja/real-life-violence-situations/new_violence/non_violence/4479.jpg,0,Normal
/kaggle/input/datasets/abdulmananraja/real-life-violence-situations/new_violence/violence/1185.jpg,1,Anomaly
/kaggle/input/datasets/abdulmananraja/real-life-violence-situations/new_violence/violence/5745.jpg,1,Anomaly
/kaggle/input/datasets/abdulmananraja/real-life-violence-situations/new_violence/violence/1797.jpg,1,Anomaly
/kaggle/input/datasets/abdulmananraja/real-life-violence-situations/new_violence/violence/4758.jpg,1,Anomaly
/kaggle/input/datasets/abdulmananraja/real-life-violence-situations/new_violence/non_violence/4018.jpg,0,Normal
/kaggle/input/datasets/abdulmananraja/real-life-violence-situations/new_violence/violence/3498.jpg,1,Anomaly
/kaggle/input/datasets/abdulmananraja/real-life-violence-situations/new_violence/violence/5009.jpg,1,Anomaly
/kaggle/input/datasets/abdulmananraja/real-life-violence-situations/new_violence/violence/2446.jpg,1,Anomaly
/kaggle/input/datasets/abdulmananraja/real-life-violence-situations/new_violence/non_violence/3497.jpg,0,Normal
/kaggle/input/datasets/abdulmananraja/real-life-violence-situations/new_violence/non_violence/3198.jpg,0,Normal
/kaggle/input/datasets/abdulmananraja/real-life-violence-situations/new_violence/violence/3676.jpg,1,Anomaly
/kaggle/input/datasets/abdulmananraja/real-life-violence-situations/new_violence/violence/4082.jpg,1,Anomaly
/kaggle/input/datasets/abdulmananraja/real-life-violence-situations/new_violence/violence/2612.jpg,1,Anomaly
/kaggle/input/datasets/abdulmananraja/real-life-violence-situations/new_violence/non_violence/1329.jpg,0,Normal
/kaggle/input/datasets/abdulmananraja/real-life-violence-situations/new_violence/violence/1645.jpg,1,Anomaly
/kaggle/input/datasets/abdulmananraja/real-life-violence-situations/new_violence/violence/2928.jpg,1,Anomaly
/kaggle/input/datasets/abdulmananraja/real-life-violence-situations/new_violence/violence/2057.jpg,1,Anomaly
/kaggle/input/datasets/abdulmananraja/real-life-violence-situations/new_violence/violence/4043.jpg,1,Anomaly
/kaggle/input/datasets/abdulmananraja/real-life-violence-situations/new_violence/violence/1102.jpg,1,Anomaly
/kaggle/input/datasets/abdulmananraja/real-life-violence-situations/new_violence/non_violence/2043.jpg,0,Normal
/kaggle/input/datasets/abdulmananraja/real-life-violence-situations/new_violence/violence/2401.jpg,1,Anomaly
/kaggle/input/datasets/abdulmananraja/real-life-violence-situations/new_violence/violence/3263.jpg,1,Anomaly
/kaggle/input/datasets/abdulmananraja/real-life-violence-situations/new_violence/non_violence/828.jpg,0,Normal
/kaggle/input/datasets/abdulmananraja/real-life-violence-situations/new_violence/violence/3276.jpg,1,Anomaly
/kaggle/input/datasets/abdulmananraja/real-life-violence-situations/new_violence/violence/4248.jpg,1,Anomaly
/kaggle/input/datasets/abdulmananraja/real-life-violence-situations/new_violence/violence/5510.jpg,1,Anomaly
/kaggle/input/datasets/abdulmananraja/real-life-violence-situations/new_violence/violence/3778.jpg,1,Anomaly
/kaggle/input/datasets/abdulmananraja/real-life-violence-situations/new_violence/non_violence/4241.jpg,0,Normal
/kaggle/input/datasets/abdulmananraja/real-life-violence-situations/new_violence/non_violence/263.jpg,0,Normal
/kaggle/input/datasets/abdulmananraja/real-life-violence-situations/new_violence/non_violence/351.jpg,0,Normal
/kaggle/input/datasets/abdulmananraja/real-life-violence-situations/new_violence/violence/3155.jpg,1,Anomaly
/kaggle/input/datasets/abdulmananraja/real-life-violence-situations/new_violence/violence/4064.jpg,1,Anomaly
/kaggle/input/datasets/abdulmananraja/real-life-violence-situations/new_violence/non_violence/1459.jpg,0,Normal
/kaggle/input/datasets/abdulmananraja/real-life-violence-situations/new_violence/violence/3843.jpg,1,Anomaly
/kaggle/input/datasets/abdulmananraja/real-life-violence-situations/new_violence/non_violence/2362.jpg,0,Normal
/kaggle/input/datasets/abdulmananraja/real-life-violence-situations/new_violence/non_violence/4298.jpg,0,Normal
/kaggle/input/datasets/abdulmananraja/real-life-violence-situations/new_violence/non_violence/4488.jpg,0,Normal
/kaggle/input/datasets/abdulmananraja/real-life-violence-situations/new_violence/non_violence/1977.jpg,0,Normal
/kaggle/input/datasets/abdulmananraja/real-life-violence-situations/new_violence/non_violence/2443.jpg,0,Normal
/kaggle/input/datasets/abdulmananraja/real-life-violence-situations/new_violence/violence/800.jpg,1,Anomaly
/kaggle/input/datasets/abdulmananraja/real-life-violence-situations/new_violence/violence/5526.jpg,1,Anomaly
/kaggle/input/datasets/abdulmananraja/real-life-violence-situations/new_violence/violence/1.jpg,1,Anomaly
/kaggle/input/datasets/abdulmananraja/real-life-violence-situations/new_violence/violence/2615.jpg,1,Anomaly
/kaggle/input/datasets/abdulmananraja/real-life-violence-situations/new_violence/violence/4442.jpg,1,Anomaly
/kaggle/input/datasets/abdulmananraja/real-life-violence-situations/new_violence/non_violence/2366.jpg,0,Normal
/kaggle/input/datasets/abdulmananraja/real-life-violence-situations/new_violence/non_violence/286.jpg,0,Normal
/kaggle/input/datasets/abdulmananraja/real-life-violence-situations/new_violence/non_violence/2777.jpg,0,Normal
/kaggle/input/datasets/abdulmananraja/real-life-violence-situations/new_violence/violence/1514.jpg,1,Anomaly
/kaggle/input/datasets/abdulmananraja/real-life-violence-situations/new_violence/violence/1535.jpg,1,Anomaly
/kaggle/input/datasets/abdulmananraja/real-life-violence-situations/new_violence/non_violence/1202.jpg,0,Normal
/kaggle/input/datasets/abdulmananraja/real-life-violence-situations/new_violence/violence/1151.jpg,1,Anomaly
/kaggle/input/datasets/abdulmananraja/real-life-violence-situations/new_violence/violence/1975.jpg,1,Anomaly
/kaggle/input/datasets/abdulmananraja/real-life-violence-situations/new_violence/non_violence/2190.jpg,0,Normal
/kaggle/input/datasets/abdulmananraja/real-life-violence-situations/new_violence/violence/2213.jpg,1,Anomaly
/kaggle/input/datasets/abdulmananraja/real-life-violence-situations/new_violence/violence/3621.jpg,1,Anomaly
/kaggle/input/datasets/abdulmananraja/real-life-violence-situations/new_violence/violence/4317.jpg,1,Anomaly
/kaggle/input/datasets/abdulmananraja/real-life-violence-situations/new_violence/violence/820.jpg,1,Anomaly
/kaggle/input/datasets/abdulmananraja/real-life-violence-situations/new_violence/violence/4005.jpg,1,Anomaly
/kaggle/input/datasets/abdulmananraja/real-life-violence-situations/new_violence/non_violence/4020.jpg,0,Normal
/kaggle/input/datasets/abdulmananraja/real-life-violence-situations/new_violence/non_violence/869.jpg,0,Normal
/kaggle/input/datasets/abdulmananraja/real-life-violence-situations/new_violence/violence/4414.jpg,1,Anomaly
/kaggle/input/datasets/abdulmananraja/real-life-violence-situations/new_violence/non_violence/1943.jpg,0,Normal
/kaggle/input/datasets/abdulmananraja/real-life-violence-situations/new_violence/non_violence/3569.jpg,0,Normal
/kaggle/input/datasets/abdulmananraja/real-life-violence-situations/new_violence/non_violence/2865.jpg,0,Normal
/kaggle/input/datasets/abdulmananraja/real-life-violence-situations/new_violence/violence/433.jpg,1,Anomaly
/kaggle/input/datasets/abdulmananraja/real-life-violence-situations/new_violence/non_violence/1371.jpg,0,Normal
/kaggle/input/datasets/abdulmananraja/real-life-violence-situations/new_violence/violence/2167.jpg,1,Anomaly
/kaggle/input/datasets/abdulmananraja/real-life-violence-situations/new_violence/non_violence/349.jpg,0,Normal
/kaggle/input/datasets/abdulmananraja/real-life-violence-situations/new_violence/non_violence/15.jpg,0,Normal
/kaggle/input/datasets/abdulmananraja/real-life-violence-situations/new_violence/non_violence/102.jpg,0,Normal
/kaggle/input/datasets/abdulmananraja/real-life-violence-situations/new_violence/non_violence/1579.jpg,0,Normal
/kaggle/input/datasets/abdulmananraja/real-life-violence-situations/new_violence/non_violence/4537.jpg,0,Normal
/kaggle/input/datasets/abdulmananraja/real-life-violence-situations/new_violence/non_violence/4385.jpg,0,Normal
/kaggle/input/datasets/abdulmananraja/real-life-violence-situations/new_violence/non_violence/1597.jpg,0,Normal
/kaggle/input/datasets/abdulmananraja/real-life-violence-situations/new_violence/violence/2182.jpg,1,Anomaly
/kaggle/input/datasets/abdulmananraja/real-life-violence-situations/new_violence/violence/1276.jpg,1,Anomaly
/kaggle/input/datasets/abdulmananraja/real-life-violence-situations/new_violence/non_violence/69.jpg,0,Normal
/kaggle/input/datasets/abdulmananraja/real-life-violence-situations/new_violence/violence/4128.jpg,1,Anomaly
/kaggle/input/datasets/abdulmananraja/real-life-violence-situations/new_violence/violence/670.jpg,1,Anomaly
/kaggle/input/datasets/abdulmananraja/real-life-violence-situations/new_violence/non_violence/1921.jpg,0,Normal
/kaggle/input/datasets/abdulmananraja/real-life-violence-situations/new_violence/violence/2303.jpg,1,Anomaly
/kaggle/input/datasets/abdulmananraja/real-life-violence-situations/new_violence/non_violence/3970.jpg,0,Normal
/kaggle/input/datasets/abdulmananraja/real-life-violence-situations/new_violence/violence/2900.jpg,1,Anomaly
/kaggle/input/datasets/abdulmananraja/real-life-violence-situations/new_violence/violence/2227.jpg,1,Anomaly
/kaggle/input/datasets/abdulmananraja/real-life-violence-situations/new_violence/non_violence/1602.jpg,0,Normal
/kaggle/input/datasets/abdulmananraja/real-life-violence-situations/new_violence/non_violence/3531.jpg,0,Normal
/kaggle/input/datasets/abdulmananraja/real-life-violence-situations/new_violence/violence/2757.jpg,1,Anomaly
/kaggle/input/datasets/abdulmananraja/real-life-violence-situations/new_violence/non_violence/2215.jpg,0,Normal
/kaggle/input/datasets/abdulmananraja/real-life-violence-situations/new_violence/non_violence/3109.jpg,0,Normal
/kaggle/input/datasets/abdulmananraja/real-life-violence-situations/new_violence/violence/310.jpg,1,Anomaly
/kaggle/input/datasets/abdulmananraja/real-life-violence-situations/new_violence/violence/2538.jpg,1,Anomaly
/kaggle/input/datasets/abdulmananraja/real-life-violence-situations/new_violence/non_violence/103.jpg,0,Normal
/kaggle/input/datasets/abdulmananraja/real-life-violence-situations/new_violence/non_violence/1030.jpg,0,Normal
/kaggle/input/datasets/abdulmananraja/real-life-violence-situations/new_violence/non_violence/3938.jpg,0,Normal
/kaggle/input/datasets/abdulmananraja/real-life-violence-situations/new_violence/non_violence/5101.jpg,0,Normal
/kaggle/input/datasets/abdulmananraja/real-life-violence-situations/new_violence/non_violence/2263.jpg,0,Normal
/kaggle/input/datasets/abdulmananraja/real-life-violence-situations/new_violence/non_violence/371.jpg,0,Normal
/kaggle/input/datasets/abdulmananraja/real-life-violence-situations/new_violence/violence/3939.jpg,1,Anomaly
/kaggle/input/datasets/abdulmananraja/real-life-violence-situations/new_violence/violence/3305.jpg,1,Anomaly
/kaggle/input/datasets/abdulmananraja/real-life-violence-situations/new_violence/non_violence/3804.jpg,0,Normal
/kaggle/input/datasets/abdulmananraja/real-life-violence-situations/new_violence/violence/2210.jpg,1,Anomaly
/kaggle/input/datasets/abdulmananraja/real-life-violence-situations/new_violence/non_violence/3164.jpg,0,Normal
/kaggle/input/datasets/abdulmananraja/real-life-violence-situations/new_violence/violence/393.jpg,1,Anomaly
/kaggle/input/datasets/abdulmananraja/real-life-violence-situations/new_violence/non_violence/4824.jpg,0,Normal
/kaggle/input/datasets/abdulmananraja/real-life-violence-situations/new_violence/violence/2022.jpg,1,Anomaly
/kaggle/input/datasets/abdulmananraja/real-life-violence-situations/new_violence/violence/441.jpg,1,Anomaly
/kaggle/input/datasets/abdulmananraja/real-life-violence-situations/new_violence/violence/1642.jpg,1,Anomaly
/kaggle/input/datasets/abdulmananraja/real-life-violence-situations/new_violence/violence/1655.jpg,1,Anomaly
/kaggle/input/datasets/abdulmananraja/real-life-violence-situations/new_violence/violence/4323.jpg,1,Anomaly
/kaggle/input/datasets/abdulmananraja/real-life-violence-situations/new_violence/violence/5734.jpg,1,Anomaly
/kaggle/input/datasets/abdulmananraja/real-life-violence-situations/new_violence/violence/3642.jpg,1,Anomaly
/kaggle/input/datasets/abdulmananraja/real-life-violence-situations/new_violence/violence/2628.jpg,1,Anomaly
/kaggle/input/datasets/abdulmananraja/real-life-violence-situations/new_violence/non_violence/1528.jpg,0,Normal
/kaggle/input/datasets/abdulmananraja/real-life-violence-situations/new_violence/non_violence/4139.jpg,0,Normal
/kaggle/input/datasets/abdulmananraja/real-life-violence-situations/new_violence/violence/5747.jpg,1,Anomaly
/kaggle/input/datasets/abdulmananraja/real-life-violence-situations/new_violence/violence/4610.jpg,1,Anomaly
/kaggle/input/datasets/abdulmananraja/real-life-violence-situations/new_violence/violence/1298.jpg,1,Anomaly
/kaggle/input/datasets/abdulmananraja/real-life-violence-situations/new_violence/non_violence/1919.jpg,0,Normal
/kaggle/input/datasets/abdulmananraja/real-life-violence-situations/new_violence/non_violence/580.jpg,0,Normal
/kaggle/input/datasets/abdulmananraja/real-life-violence-situations/new_violence/violence/1026.jpg,1,Anomaly
/kaggle/input/datasets/abdulmananraja/real-life-violence-situations/new_violence/violence/3948.jpg,1,Anomaly
/kaggle/input/datasets/abdulmananraja/real-life-violence-situations/new_violence/violence/1501.jpg,1,Anomaly
/kaggle/input/datasets/abdulmananraja/real-life-violence-situations/new_violence/violence/517.jpg,1,Anomaly
/kaggle/input/datasets/abdulmananraja/real-life-violence-situations/new_violence/non_violence/3795.jpg,0,Normal
/kaggle/input/datasets/abdulmananraja/real-life-violence-situations/new_violence/violence/1750.jpg,1,Anomaly
/kaggle/input/datasets/abdulmananraja/real-life-violence-situations/new_violence/violence/2850.jpg,1,Anomaly
/kaggle/input/datasets/abdulmananraja/real-life-violence-situations/new_violence/non_violence/2439.jpg,0,Normal
/kaggle/input/datasets/abdulmananraja/real-life-violence-situations/new_violence/non_violence/2188.jpg,0,Normal
/kaggle/input/datasets/abdulmananraja/real-life-violence-situations/new_violence/non_violence/2610.jpg,0,Normal
/kaggle/input/datasets/abdulmananraja/real-life-violence-situations/new_violence/non_violence/2855.jpg,0,Normal
/kaggle/input/datasets/abdulmananraja/real-life-violence-situations/new_violence/violence/3826.jpg,1,Anomaly
/kaggle/input/datasets/abdulmananraja/real-life-violence-situations/new_violence/non_violence/1990.jpg,0,Normal
/kaggle/input/datasets/abdulmananraja/real-life-violence-situations/new_violence/non_violence/2423.jpg,0,Normal
/kaggle/input/datasets/abdulmananraja/real-life-violence-situations/new_violence/non_violence/981.jpg,0,Normal
/kaggle/input/datasets/abdulmananraja/real-life-violence-situations/new_violence/non_violence/501.jpg,0,Normal
/kaggle/input/datasets/abdulmananraja/real-life-violence-situations/new_violence/violence/4021.jpg,1,Anomaly
/kaggle/input/datasets/abdulmananraja/real-life-violence-situations/new_violence/non_violence/4347.jpg,0,Normal
/kaggle/input/datasets/abdulmananraja/real-life-violence-situations/new_violence/non_violence/1434.jpg,0,Normal
/kaggle/input/datasets/abdulmananraja/real-life-violence-situations/new_violence/violence/870.jpg,1,Anomaly
/kaggle/input/datasets/abdulmananraja/real-life-violence-situations/new_violence/non_violence/2795.jpg,0,Normal
/kaggle/input/datasets/abdulmananraja/real-life-violence-situations/new_violence/non_violence/1232.jpg,0,Normal
/kaggle/input/datasets/abdulmananraja/real-life-violence-situations/new_violence/non_violence/5014.jpg,0,Normal
/kaggle/input/datasets/abdulmananraja/real-life-violence-situations/new_violence/non_violence/1233.jpg,0,Normal
/kaggle/input/datasets/abdulmananraja/real-life-violence-situations/new_violence/violence/585.jpg,1,Anomaly
/kaggle/input/datasets/abdulmananraja/real-life-violence-situations/new_violence/violence/3073.jpg,1,Anomaly
/kaggle/input/datasets/abdulmananraja/real-life-violence-situations/new_violence/non_violence/207.jpg,0,Normal
/kaggle/input/datasets/abdulmananraja/real-life-violence-situations/new_violence/non_violence/4226.jpg,0,Normal
/kaggle/input/datasets/abdulmananraja/real-life-violence-situations/new_violence/violence/2036.jpg,1,Anomaly
/kaggle/input/datasets/abdulmananraja/real-life-violence-situations/new_violence/non_violence/3350.jpg,0,Normal
/kaggle/input/datasets/abdulmananraja/real-life-violence-situations/new_violence/violence/5356.jpg,1,Anomaly
/kaggle/input/datasets/abdulmananraja/real-life-violence-situations/new_violence/non_violence/1390.jpg,0,Normal
/kaggle/input/datasets/abdulmananraja/real-life-violence-situations/new_violence/violence/5110.jpg,1,Anomaly
/kaggle/input/datasets/abdulmananraja/real-life-violence-situations/new_violence/violence/859.jpg,1,Anomaly
/kaggle/input/datasets/abdulmananraja/real-life-violence-situations/new_violence/non_violence/4091.jpg,0,Normal
/kaggle/input/datasets/abdulmananraja/real-life-violence-situations/new_violence/non_violence/1124.jpg,0,Normal
/kaggle/input/datasets/abdulmananraja/real-life-violence-situations/new_violence/non_violence/4887.jpg,0,Normal
/kaggle/input/datasets/abdulmananraja/real-life-violence-situations/new_violence/violence/2813.jpg,1,Anomaly
/kaggle/input/datasets/abdulmananraja/real-life-violence-situations/new_violence/non_violence/272.jpg,0,Normal
/kaggle/input/datasets/abdulmananraja/real-life-violence-situations/new_violence/non_violence/1339.jpg,0,Normal
/kaggle/input/datasets/abdulmananraja/real-life-violence-situations/new_violence/non_violence/5140.jpg,0,Normal
/kaggle/input/datasets/abdulmananraja/real-life-violence-situations/new_violence/violence/5123.jpg,1,Anomaly
/kaggle/input/datasets/abdulmananraja/real-life-violence-situations/new_violence/non_violence/3577.jpg,0,Normal
/kaggle/input/datasets/abdulmananraja/real-life-violence-situations/new_violence/violence/5520.jpg,1,Anomaly
/kaggle/input/datasets/abdulmananraja/real-life-violence-situations/new_violence/non_violence/5204.jpg,0,Normal
/kaggle/input/datasets/abdulmananraja/real-life-violence-situations/new_violence/non_violence/3037.jpg,0,Normal
/kaggle/input/datasets/abdulmananraja/real-life-violence-situations/new_violence/violence/5004.jpg,1,Anomaly
/kaggle/input/datasets/abdulmananraja/real-life-violence-situations/new_violence/violence/805.jpg,1,Anomaly
/kaggle/input/datasets/abdulmananraja/real-life-violence-situations/new_violence/non_violence/3984.jpg,0,Normal
/kaggle/input/datasets/abdulmananraja/real-life-violence-situations/new_violence/violence/280.jpg,1,Anomaly
/kaggle/input/datasets/abdulmananraja/real-life-violence-situations/new_violence/violence/4710.jpg,1,Anomaly
/kaggle/input/datasets/abdulmananraja/real-life-violence-situations/new_violence/violence/2417.jpg,1,Anomaly
/kaggle/input/datasets/abdulmananraja/real-life-violence-situations/new_violence/non_violence/4095.jpg,0,Normal
/kaggle/input/datasets/abdulmananraja/real-life-violence-situations/new_violence/violence/1615.jpg,1,Anomaly
/kaggle/input/datasets/abdulmananraja/real-life-violence-situations/new_violence/non_violence/3849.jpg,0,Normal
/kaggle/input/datasets/abdulmananraja/real-life-violence-situations/new_violence/violence/4696.jpg,1,Anomaly
/kaggle/input/datasets/abdulmananraja/real-life-violence-situations/new_violence/violence/1702.jpg,1,Anomaly
/kaggle/input/datasets/abdulmananraja/real-life-violence-situations/new_violence/non_violence/3609.jpg,0,Normal
/kaggle/input/datasets/abdulmananraja/real-life-violence-situations/new_violence/violence/5438.jpg,1,Anomaly
/kaggle/input/datasets/abdulmananraja/real-life-violence-situations/new_violence/violence/3359.jpg,1,Anomaly
/kaggle/input/datasets/abdulmananraja/real-life-violence-situations/new_violence/violence/2994.jpg,1,Anomaly
/kaggle/input/datasets/abdulmananraja/real-life-violence-situations/new_violence/non_violence/5118.jpg,0,Normal
/kaggle/input/datasets/abdulmananraja/real-life-violence-situations/new_violence/non_violence/3360.jpg,0,Normal
/kaggle/input/datasets/abdulmananraja/real-life-violence-situations/new_violence/violence/1595.jpg,1,Anomaly
/kaggle/input/datasets/abdulmananraja/real-life-violence-situations/new_violence/non_violence/934.jpg,0,Normal
/kaggle/input/datasets/abdulmananraja/real-life-violence-situations/new_violence/violence/2694.jpg,1,Anomaly
/kaggle/input/datasets/abdulmananraja/real-life-violence-situations/new_violence/violence/3977.jpg,1,Anomaly
/kaggle/input/datasets/abdulmananraja/real-life-violence-situations/new_violence/non_violence/4898.jpg,0,Normal
/kaggle/input/datasets/abdulmananraja/real-life-violence-situations/new_violence/violence/3661.jpg,1,Anomaly
/kaggle/input/datasets/abdulmananraja/real-life-violence-situations/new_violence/non_violence/4003.jpg,0,Normal
/kaggle/input/datasets/abdulmananraja/real-life-violence-situations/new_violence/violence/4504.jpg,1,Anomaly
/kaggle/input/datasets/abdulmananraja/real-life-violence-situations/new_violence/non_violence/1762.jpg,0,Normal
/kaggle/input/datasets/abdulmananraja/real-life-violence-situations/new_violence/non_violence/4799.jpg,0,Normal
/kaggle/input/datasets/abdulmananraja/real-life-violence-situations/new_violence/violence/3860.jpg,1,Anomaly
/kaggle/input/datasets/abdulmananraja/real-life-violence-situations/new_violence/non_violence/990.jpg,0,Normal
/kaggle/input/datasets/abdulmananraja/real-life-violence-situations/new_violence/non_violence/348.jpg,0,Normal
/kaggle/input/datasets/abdulmananraja/real-life-violence-situations/new_violence/non_violence/2479.jpg,0,Normal
/kaggle/input/datasets/abdulmananraja/real-life-violence-situations/new_violence/violence/4995.jpg,1,Anomaly
/kaggle/input/datasets/abdulmananraja/real-life-violence-situations/new_violence/violence/4807.jpg,1,Anomaly
/kaggle/input/datasets/abdulmananraja/real-life-violence-situations/new_violence/non_violence/3368.jpg,0,Normal
/kaggle/input/datasets/abdulmananraja/real-life-violence-situations/new_violence/non_violence/388.jpg,0,Normal
/kaggle/input/datasets/abdulmananraja/real-life-violence-situations/new_violence/non_violence/960.jpg,0,Normal
/kaggle/input/datasets/abdulmananraja/real-life-violence-situations/new_violence/violence/5166.jpg,1,Anomaly
/kaggle/input/datasets/abdulmananraja/real-life-violence-situations/new_violence/violence/4290.jpg,1,Anomaly
/kaggle/input/datasets/abdulmananraja/real-life-violence-situations/new_violence/non_violence/538.jpg,0,Normal
/kaggle/input/datasets/abdulmananraja/real-life-violence-situations/new_violence/violence/1376.jpg,1,Anomaly
/kaggle/input/datasets/abdulmananraja/real-life-violence-situations/new_violence/violence/4611.jpg,1,Anomaly
/kaggle/input/datasets/abdulmananraja/real-life-violence-situations/new_violence/violence/4792.jpg,1,Anomaly
/kaggle/input/datasets/abdulmananraja/real-life-violence-situations/new_violence/violence/2920.jpg,1,Anomaly
/kaggle/input/datasets/abdulmananraja/real-life-violence-situations/new_violence/violence/718.jpg,1,Anomaly
/kaggle/input/datasets/abdulmananraja/real-life-violence-situations/new_violence/non_violence/3896.jpg,0,Normal
/kaggle/input/datasets/abdulmananraja/real-life-violence-situations/new_violence/non_violence/2729.jpg,0,Normal
/kaggle/input/datasets/abdulmananraja/real-life-violence-situations/new_violence/non_violence/4573.jpg,0,Normal
/kaggle/input/datasets/abdulmananraja/real-life-violence-situations/new_violence/violence/5221.jpg,1,Anomaly
/kaggle/input/datasets/abdulmananraja/real-life-violence-situations/new_violence/non_violence/3568.jpg,0,Normal
/kaggle/input/datasets/abdulmananraja/real-life-violence-situations/new_violence/violence/613.jpg,1,Anomaly
/kaggle/input/datasets/abdulmananraja/real-life-violence-situations/new_violence/non_violence/5186.jpg,0,Normal
/kaggle/input/datasets/abdulmananraja/real-life-violence-situations/new_violence/non_violence/1.jpg,0,Normal
/kaggle/input/datasets/abdulmananraja/real-life-violence-situations/new_violence/non_violence/3225.jpg,0,Normal
/kaggle/input/datasets/abdulmananraja/real-life-violence-situations/new_violence/non_violence/219.jpg,0,Normal
/kaggle/input/datasets/abdulmananraja/real-life-violence-situations/new_violence/violence/4709.jpg,1,Anomaly
/kaggle/input/datasets/abdulmananraja/real-life-violence-situations/new_violence/non_violence/1271.jpg,0,Normal
/kaggle/input/datasets/abdulmananraja/real-life-violence-situations/new_violence/non_violence/339.jpg,0,Normal
/kaggle/input/datasets/abdulmananraja/real-life-violence-situations/new_violence/violence/726.jpg,1,Anomaly
/kaggle/input/datasets/abdulmananraja/real-life-violence-situations/new_violence/violence/2006.jpg,1,Anomaly
/kaggle/input/datasets/abdulmananraja/real-life-violence-situations/new_violence/violence/942.jpg,1,Anomaly
/kaggle/input/datasets/abdulmananraja/real-life-violence-situations/new_violence/violence/703.jpg,1,Anomaly
/kaggle/input/datasets/abdulmananraja/real-life-violence-situations/new_violence/non_violence/4823.jpg,0,Normal
/kaggle/input/datasets/abdulmananraja/real-life-violence-situations/new_violence/non_violence/2187.jpg,0,Normal
/kaggle/input/datasets/abdulmananraja/real-life-violence-situations/new_violence/non_violence/2358.jpg,0,Normal
/kaggle/input/datasets/abdulmananraja/real-life-violence-situations/new_violence/non_violence/3382.jpg,0,Normal
/kaggle/input/datasets/abdulmananraja/real-life-violence-situations/new_violence/non_violence/5020.jpg,0,Normal
/kaggle/input/datasets/abdulmananraja/real-life-violence-situations/new_violence/violence/1254.jpg,1,Anomaly
/kaggle/input/datasets/abdulmananraja/real-life-violence-situations/new_violence/violence/3654.jpg,1,Anomaly
/kaggle/input/datasets/abdulmananraja/real-life-violence-situations/new_violence/non_violence/3355.jpg,0,Normal
/kaggle/input/datasets/abdulmananraja/real-life-violence-situations/new_violence/non_violence/4947.jpg,0,Normal
/kaggle/input/datasets/abdulmananraja/real-life-violence-situations/new_violence/violence/1346.jpg,1,Anomaly
/kaggle/input/datasets/abdulmananraja/real-life-violence-situations/new_violence/violence/1127.jpg,1,Anomaly
/kaggle/input/datasets/abdulmananraja/real-life-violence-situations/new_violence/violence/3983.jpg,1,Anomaly
/kaggle/input/datasets/abdulmananraja/real-life-violence-situations/new_violence/non_violence/449.jpg,0,Normal
/kaggle/input/datasets/abdulmananraja/real-life-violence-situations/new_violence/non_violence/1659.jpg,0,Normal
/kaggle/input/datasets/abdulmananraja/real-life-violence-situations/new_violence/violence/709.jpg,1,Anomaly
/kaggle/input/datasets/abdulmananraja/real-life-violence-situations/new_violence/non_violence/483.jpg,0,Normal
/kaggle/input/datasets/abdulmananraja/real-life-violence-situations/new_violence/violence/1091.jpg,1,Anomaly
/kaggle/input/datasets/abdulmananraja/real-life-violence-situations/new_violence/non_violence/804.jpg,0,Normal
/kaggle/input/datasets/abdulmananraja/real-life-violence-situations/new_violence/violence/4320.jpg,1,Anomaly
/kaggle/input/datasets/abdulmananraja/real-life-violence-situations/new_violence/non_violence/2630.jpg,0,Normal
/kaggle/input/datasets/abdulmananraja/real-life-violence-situations/new_violence/non_violence/1100.jpg,0,Normal
/kaggle/input/datasets/abdulmananraja/real-life-violence-situations/new_violence/violence/1066.jpg,1,Anomaly
/kaggle/input/datasets/abdulmananraja/real-life-violence-situations/new_violence/non_violence/1307.jpg,0,Normal
/kaggle/input/datasets/abdulmananraja/real-life-violence-situations/new_violence/violence/3078.jpg,1,Anomaly
/kaggle/input/datasets/abdulmananraja/real-life-violence-situations/new_violence/non_violence/2583.jpg,0,Normal
/kaggle/input/datasets/abdulmananraja/real-life-violence-situations/new_violence/non_violence/2559.jpg,0,Normal
/kaggle/input/datasets/abdulmananraja/real-life-violence-situations/new_violence/violence/4799.jpg,1,Anomaly
/kaggle/input/datasets/abdulmananraja/real-life-violence-situations/new_violence/violence/5493.jpg,1,Anomaly
/kaggle/input/datasets/abdulmananraja/real-life-violence-situations/new_violence/violence/3448.jpg,1,Anomaly
/kaggle/input/datasets/abdulmananraja/real-life-violence-situations/new_violence/violence/3652.jpg,1,Anomaly
/kaggle/input/datasets/abdulmananraja/real-life-violence-situations/new_violence/violence/3190.jpg,1,Anomaly
/kaggle/input/datasets/abdulmananraja/real-life-violence-situations/new_violence/violence/3868.jpg,1,Anomaly
/kaggle/input/datasets/abdulmananraja/real-life-violence-situations/new_violence/violence/5017.jpg,1,Anomaly
/kaggle/input/datasets/abdulmananraja/real-life-violence-situations/new_violence/violence/343.jpg,1,Anomaly
/kaggle/input/datasets/abdulmananraja/real-life-violence-situations/new_violence/violence/2893.jpg,1,Anomaly
/kaggle/input/datasets/abdulmananraja/real-life-violence-situations/new_violence/violence/334.jpg,1,Anomaly
/kaggle/input/datasets/abdulmananraja/real-life-violence-situations/new_violence/violence/473.jpg,1,Anomaly
/kaggle/input/datasets/abdulmananraja/real-life-violence-situations/new_violence/non_violence/209.jpg,0,Normal
/kaggle/input/datasets/abdulmananraja/real-life-violence-situations/new_violence/non_violence/146.jpg,0,Normal
/kaggle/input/datasets/abdulmananraja/real-life-violence-situations/new_violence/non_violence/4994.jpg,0,Normal
/kaggle/input/datasets/abdulmananraja/real-life-violence-situations/new_violence/violence/2413.jpg,1,Anomaly
/kaggle/input/datasets/abdulmananraja/real-life-violence-situations/new_violence/violence/2691.jpg,1,Anomaly
/kaggle/input/datasets/abdulmananraja/real-life-violence-situations/new_violence/violence/1277.jpg,1,Anomaly
/kaggle/input/datasets/abdulmananraja/real-life-violence-situations/new_violence/violence/4617.jpg,1,Anomaly
/kaggle/input/datasets/abdulmananraja/real-life-violence-situations/new_violence/non_violence/2982.jpg,0,Normal
/kaggle/input/datasets/abdulmananraja/real-life-violence-situations/new_violence/non_violence/3985.jpg,0,Normal
/kaggle/input/datasets/abdulmananraja/real-life-violence-situations/new_violence/non_violence/4534.jpg,0,Normal
/kaggle/input/datasets/abdulmananraja/real-life-violence-situations/new_violence/non_violence/1472.jpg,0,Normal
/kaggle/input/datasets/abdulmananraja/real-life-violence-situations/new_violence/non_violence/2093.jpg,0,Normal
/kaggle/input/datasets/abdulmananraja/real-life-violence-situations/new_violence/non_violence/1759.jpg,0,Normal
/kaggle/input/datasets/abdulmananraja/real-life-violence-situations/new_violence/non_violence/1642.jpg,0,Normal
/kaggle/input/datasets/abdulmananraja/real-life-violence-situations/new_violence/violence/11.jpg,1,Anomaly
/kaggle/input/datasets/abdulmananraja/real-life-violence-situations/new_violence/non_violence/4395.jpg,0,Normal
/kaggle/input/datasets/abdulmananraja/real-life-violence-situations/new_violence/violence/1649.jpg,1,Anomaly
/kaggle/input/datasets/abdulmananraja/real-life-violence-situations/new_violence/violence/1616.jpg,1,Anomaly
/kaggle/input/datasets/abdulmananraja/real-life-violence-situations/new_violence/violence/101.jpg,1,Anomaly
/kaggle/input/datasets/abdulmananraja/real-life-violence-situations/new_violence/non_violence/1189.jpg,0,Normal
/kaggle/input/datasets/abdulmananraja/real-life-violence-situations/new_violence/violence/2412.jpg,1,Anomaly
/kaggle/input/datasets/abdulmananraja/real-life-violence-situations/new_violence/non_violence/3239.jpg,0,Normal
/kaggle/input/datasets/abdulmananraja/real-life-violence-situations/new_violence/non_violence/3986.jpg,0,Normal
/kaggle/input/datasets/abdulmananraja/real-life-violence-situations/new_violence/non_violence/2749.jpg,0,Normal
/kaggle/input/datasets/abdulmananraja/real-life-violence-situations/new_violence/non_violence/3816.jpg,0,Normal
/kaggle/input/datasets/abdulmananraja/real-life-violence-situations/new_violence/violence/2887.jpg,1,Anomaly
/kaggle/input/datasets/abdulmananraja/real-life-violence-situations/new_violence/violence/256.jpg,1,Anomaly
/kaggle/input/datasets/abdulmananraja/real-life-violence-situations/new_violence/non_violence/3742.jpg,0,Normal
/kaggle/input/datasets/abdulmananraja/real-life-violence-situations/new_violence/non_violence/5021.jpg,0,Normal
/kaggle/input/datasets/abdulmananraja/real-life-violence-situations/new_violence/non_violence/5122.jpg,0,Normal
/kaggle/input/datasets/abdulmananraja/real-life-violence-situations/new_violence/non_violence/3137.jpg,0,Normal
/kaggle/input/datasets/abdulmananraja/real-life-violence-situations/new_violence/non_violence/3270.jpg,0,Normal
/kaggle/input/datasets/abdulmananraja/real-life-violence-situations/new_violence/violence/3476.jpg,1,Anomaly
/kaggle/input/datasets/abdulmananraja/real-life-violence-situations/new_violence/non_violence/4046.jpg,0,Normal
/kaggle/input/datasets/abdulmananraja/real-life-violence-situations/new_violence/non_violence/2823.jpg,0,Normal
/kaggle/input/datasets/abdulmananraja/real-life-violence-situations/new_violence/non_violence/1652.jpg,0,Normal
/kaggle/input/datasets/abdulmananraja/real-life-violence-situations/new_violence/violence/1113.jpg,1,Anomaly
/kaggle/input/datasets/abdulmananraja/real-life-violence-situations/new_violence/non_violence/4279.jpg,0,Normal
/kaggle/input/datasets/abdulmananraja/real-life-violence-situations/new_violence/violence/1203.jpg,1,Anomaly
/kaggle/input/datasets/abdulmananraja/real-life-violence-situations/new_violence/violence/4094.jpg,1,Anomaly
/kaggle/input/datasets/abdulmananraja/real-life-violence-situations/new_violence/violence/1811.jpg,1,Anomaly
/kaggle/input/datasets/abdulmananraja/real-life-violence-situations/new_violence/non_violence/3514.jpg,0,Normal
/kaggle/input/datasets/abdulmananraja/real-life-violence-situations/new_violence/non_violence/402.jpg,0,Normal
/kaggle/input/datasets/abdulmananraja/real-life-violence-situations/new_violence/violence/4383.jpg,1,Anomaly
/kaggle/input/datasets/abdulmananraja/real-life-violence-situations/new_violence/non_violence/3274.jpg,0,Normal
/kaggle/input/datasets/abdulmananraja/real-life-violence-situations/new_violence/non_violence/1882.jpg,0,Normal
/kaggle/input/datasets/abdulmananraja/real-life-violence-situations/new_violence/non_violence/1297.jpg,0,Normal
/kaggle/input/datasets/abdulmananraja/real-life-violence-situations/new_violence/violence/1342.jpg,1,Anomaly
/kaggle/input/datasets/abdulmananraja/real-life-violence-situations/new_violence/non_violence/2800.jpg,0,Normal
/kaggle/input/datasets/abdulmananraja/real-life-violence-situations/new_violence/non_violence/1701.jpg,0,Normal
/kaggle/input/datasets/abdulmananraja/real-life-violence-situations/new_violence/violence/3985.jpg,1,Anomaly
/kaggle/input/datasets/abdulmananraja/real-life-violence-situations/new_violence/violence/5419.jpg,1,Anomaly
/kaggle/input/datasets/abdulmananraja/real-life-violence-situations/new_violence/violence/4153.jpg,1,Anomaly
/kaggle/input/datasets/abdulmananraja/real-life-violence-situations/new_violence/non_violence/469.jpg,0,Normal
/kaggle/input/datasets/abdulmananraja/real-life-violence-situations/new_violence/non_violence/4660.jpg,0,Normal
/kaggle/input/datasets/abdulmananraja/real-life-violence-situations/new_violence/violence/4184.jpg,1,Anomaly
/kaggle/input/datasets/abdulmananraja/real-life-violence-situations/new_violence/non_violence/4450.jpg,0,Normal
/kaggle/input/datasets/abdulmananraja/real-life-violence-situations/new_violence/violence/1015.jpg,1,Anomaly
/kaggle/input/datasets/abdulmananraja/real-life-violence-situations/new_violence/non_violence/5142.jpg,0,Normal
/kaggle/input/datasets/abdulmananraja/real-life-violence-situations/new_violence/violence/5028.jpg,1,Anomaly
/kaggle/input/datasets/abdulmananraja/real-life-violence-situations/new_violence/non_violence/1406.jpg,0,Normal
/kaggle/input/datasets/abdulmananraja/real-life-violence-situations/new_violence/non_violence/3390.jpg,0,Normal
/kaggle/input/datasets/abdulmananraja/real-life-violence-situations/new_violence/non_violence/783.jpg,0,Normal
/kaggle/input/datasets/abdulmananraja/real-life-violence-situations/new_violence/non_violence/5200.jpg,0,Normal
/kaggle/input/datasets/abdulmananraja/real-life-violence-situations/new_violence/violence/2598.jpg,1,Anomaly
/kaggle/input/datasets/abdulmananraja/real-life-violence-situations/new_violence/non_violence/3853.jpg,0,Normal
/kaggle/input/datasets/abdulmananraja/real-life-violence-situations/new_violence/violence/1762.jpg,1,Anomaly
/kaggle/input/datasets/abdulmananraja/real-life-violence-situations/new_violence/non_violence/1810.jpg,0,Normal
/kaggle/input/datasets/abdulmananraja/real-life-violence-situations/new_violence/violence/2975.jpg,1,Anomaly
/kaggle/input/datasets/abdulmananraja/real-life-violence-situations/new_violence/violence/1823.jpg,1,Anomaly
/kaggle/input/datasets/abdulmananraja/real-life-violence-situations/new_violence/violence/5469.jpg,1,Anomaly
/kaggle/input/datasets/abdulmananraja/real-life-violence-situations/new_violence/violence/1081.jpg,1,Anomaly
/kaggle/input/datasets/abdulmananraja/real-life-violence-situations/new_violence/violence/1836.jpg,1,Anomaly
/kaggle/input/datasets/abdulmananraja/real-life-violence-situations/new_violence/non_violence/2993.jpg,0,Normal
/kaggle/input/datasets/abdulmananraja/real-life-violence-situations/new_violence/violence/414.jpg,1,Anomaly
/kaggle/input/datasets/abdulmananraja/real-life-violence-situations/new_violence/violence/987.jpg,1,Anomaly
/kaggle/input/datasets/abdulmananraja/real-life-violence-situations/new_violence/violence/2857.jpg,1,Anomaly
/kaggle/input/datasets/abdulmananraja/real-life-violence-situations/new_violence/non_violence/2142.jpg,0,Normal
/kaggle/input/datasets/abdulmananraja/real-life-violence-situations/new_violence/non_violence/5154.jpg,0,Normal
/kaggle/input/datasets/abdulmananraja/real-life-violence-situations/new_violence/violence/114.jpg,1,Anomaly
/kaggle/input/datasets/abdulmananraja/real-life-violence-situations/new_violence/non_violence/1449.jpg,0,Normal
/kaggle/input/datasets/abdulmananraja/real-life-violence-situations/new_violence/violence/103.jpg,1,Anomaly
/kaggle/input/datasets/abdulmananraja/real-life-violence-situations/new_violence/violence/3272.jpg,1,Anomaly
/kaggle/input/datasets/abdulmananraja/real-life-violence-situations/new_violence/non_violence/2954.jpg,0,Normal
/kaggle/input/datasets/abdulmananraja/real-life-violence-situations/new_violence/non_violence/293.jpg,0,Normal
/kaggle/input/datasets/abdulmananraja/real-life-violence-situations/new_violence/violence/4443.jpg,1,Anomaly
/kaggle/input/datasets/abdulmananraja/real-life-violence-situations/new_violence/violence/932.jpg,1,Anomaly
/kaggle/input/datasets/abdulmananraja/real-life-violence-situations/new_violence/violence/2562.jpg,1,Anomaly
/kaggle/input/datasets/abdulmananraja/real-life-violence-situations/new_violence/non_violence/3463.jpg,0,Normal
/kaggle/input/datasets/abdulmananraja/real-life-violence-situations/new_violence/violence/4749.jpg,1,Anomaly
/kaggle/input/datasets/abdulmananraja/real-life-violence-situations/new_violence/violence/964.jpg,1,Anomaly
/kaggle/input/datasets/abdulmananraja/real-life-violence-situations/new_violence/violence/1213.jpg,1,Anomaly
/kaggle/input/datasets/abdulmananraja/real-life-violence-situations/new_violence/non_violence/4216.jpg,0,Normal
/kaggle/input/datasets/abdulmananraja/real-life-violence-situations/new_violence/violence/5669.jpg,1,Anomaly
/kaggle/input/datasets/abdulmananraja/real-life-violence-situations/new_violence/non_violence/4737.jpg,0,Normal
/kaggle/input/datasets/abdulmananraja/real-life-violence-situations/new_violence/violence/3028.jpg,1,Anomaly
/kaggle/input/datasets/abdulmananraja/real-life-violence-situations/new_violence/violence/2581.jpg,1,Anomaly
/kaggle/input/datasets/abdulmananraja/real-life-violence-situations/new_violence/violence/3640.jpg,1,Anomaly
/kaggle/input/datasets/abdulmananraja/real-life-violence-situations/new_violence/violence/3012.jpg,1,Anomaly
/kaggle/input/datasets/abdulmananraja/real-life-violence-situations/new_violence/violence/5475.jpg,1,Anomaly
/kaggle/input/datasets/abdulmananraja/real-life-violence-situations/new_violence/non_violence/3214.jpg,0,Normal
/kaggle/input/datasets/abdulmananraja/real-life-violence-situations/new_violence/violence/2979.jpg,1,Anomaly
/kaggle/input/datasets/abdulmananraja/real-life-violence-situations/new_violence/non_violence/53.jpg,0,Normal
/kaggle/input/datasets/abdulmananraja/real-life-violence-situations/new_violence/non_violence/4985.jpg,0,Normal
/kaggle/input/datasets/abdulmananraja/real-life-violence-situations/new_violence/non_violence/3264.jpg,0,Normal
/kaggle/input/datasets/abdulmananraja/real-life-violence-situations/new_violence/non_violence/3012.jpg,0,Normal
/kaggle/input/datasets/abdulmananraja/real-life-violence-situations/new_violence/violence/1455.jpg,1,Anomaly
/kaggle/input/datasets/abdulmananraja/real-life-violence-situations/new_violence/non_violence/220.jpg,0,Normal
/kaggle/input/datasets/abdulmananraja/real-life-violence-situations/new_violence/non_violence/2424.jpg,0,Normal
/kaggle/input/datasets/abdulmananraja/real-life-violence-situations/new_violence/non_violence/4569.jpg,0,Normal
/kaggle/input/datasets/abdulmananraja/real-life-violence-situations/new_violence/violence/674.jpg,1,Anomaly
/kaggle/input/datasets/abdulmananraja/real-life-violence-situations/new_violence/non_violence/750.jpg,0,Normal
/kaggle/input/datasets/abdulmananraja/real-life-violence-situations/new_violence/violence/2793.jpg,1,Anomaly
/kaggle/input/datasets/abdulmananraja/real-life-violence-situations/new_violence/non_violence/3559.jpg,0,Normal
/kaggle/input/datasets/abdulmananraja/real-life-violence-situations/new_violence/non_violence/1583.jpg,0,Normal
/kaggle/input/datasets/abdulmananraja/real-life-violence-situations/new_violence/non_violence/1187.jpg,0,Normal
/kaggle/input/datasets/abdulmananraja/real-life-violence-situations/new_violence/non_violence/5065.jpg,0,Normal
/kaggle/input/datasets/abdulmananraja/real-life-violence-situations/new_violence/violence/2421.jpg,1,Anomaly
/kaggle/input/datasets/abdulmananraja/real-life-violence-situations/new_violence/violence/3340.jpg,1,Anomaly
/kaggle/input/datasets/abdulmananraja/real-life-violence-situations/new_violence/violence/4575.jpg,1,Anomaly
/kaggle/input/datasets/abdulmananraja/real-life-violence-situations/new_violence/violence/577.jpg,1,Anomaly
/kaggle/input/datasets/abdulmananraja/real-life-violence-situations/new_violence/violence/5483.jpg,1,Anomaly
/kaggle/input/datasets/abdulmananraja/real-life-violence-situations/new_violence/violence/206.jpg,1,Anomaly
/kaggle/input/datasets/abdulmananraja/real-life-violence-situations/new_violence/violence/5502.jpg,1,Anomaly
/kaggle/input/datasets/abdulmananraja/real-life-violence-situations/new_violence/non_violence/3273.jpg,0,Normal
/kaggle/input/datasets/abdulmananraja/real-life-violence-situations/new_violence/violence/3632.jpg,1,Anomaly
/kaggle/input/datasets/abdulmananraja/real-life-violence-situations/new_violence/non_violence/2044.jpg,0,Normal
/kaggle/input/datasets/abdulmananraja/real-life-violence-situations/new_violence/violence/5414.jpg,1,Anomaly
/kaggle/input/datasets/abdulmananraja/real-life-violence-situations/new_violence/non_violence/4977.jpg,0,Normal
/kaggle/input/datasets/abdulmananraja/real-life-violence-situations/new_violence/violence/5808.jpg,1,Anomaly
/kaggle/input/datasets/abdulmananraja/real-life-violence-situations/new_violence/violence/4125.jpg,1,Anomaly
/kaggle/input/datasets/abdulmananraja/real-life-violence-situations/new_violence/non_violence/3708.jpg,0,Normal
/kaggle/input/datasets/abdulmananraja/real-life-violence-situations/new_violence/non_violence/3507.jpg,0,Normal
/kaggle/input/datasets/abdulmananraja/real-life-violence-situations/new_violence/non_violence/4326.jpg,0,Normal
/kaggle/input/datasets/abdulmananraja/real-life-violence-situations/new_violence/violence/1631.jpg,1,Anomaly
/kaggle/input/datasets/abdulmananraja/real-life-violence-situations/new_violence/non_violence/866.jpg,0,Normal
/kaggle/input/datasets/abdulmananraja/real-life-violence-situations/new_violence/non_violence/274.jpg,0,Normal
/kaggle/input/datasets/abdulmananraja/real-life-violence-situations/new_violence/non_violence/2273.jpg,0,Normal
/kaggle/input/datasets/abdulmananraja/real-life-violence-situations/new_violence/violence/4513.jpg,1,Anomaly
/kaggle/input/datasets/abdulmananraja/real-life-violence-situations/new_violence/non_violence/4679.jpg,0,Normal
/kaggle/input/datasets/abdulmananraja/real-life-violence-situations/new_violence/non_violence/3615.jpg,0,Normal
/kaggle/input/datasets/abdulmananraja/real-life-violence-situations/new_violence/violence/2459.jpg,1,Anomaly
/kaggle/input/datasets/abdulmananraja/real-life-violence-situations/new_violence/non_violence/4182.jpg,0,Normal
/kaggle/input/datasets/abdulmananraja/real-life-violence-situations/new_violence/violence/3858.jpg,1,Anomaly
/kaggle/input/datasets/abdulmananraja/real-life-violence-situations/new_violence/non_violence/4059.jpg,0,Normal
/kaggle/input/datasets/abdulmananraja/real-life-violence-situations/new_violence/non_violence/1776.jpg,0,Normal
/kaggle/input/datasets/abdulmananraja/real-life-violence-situations/new_violence/violence/5117.jpg,1,Anomaly
/kaggle/input/datasets/abdulmananraja/real-life-violence-situations/new_violence/violence/611.jpg,1,Anomaly
/kaggle/input/datasets/abdulmananraja/real-life-violence-situations/new_violence/non_violence/342.jpg,0,Normal
/kaggle/input/datasets/abdulmananraja/real-life-violence-situations/new_violence/non_violence/3257.jpg,0,Normal
/kaggle/input/datasets/abdulmananraja/real-life-violence-situations/new_violence/violence/329.jpg,1,Anomaly
/kaggle/input/datasets/abdulmananraja/real-life-violence-situations/new_violence/violence/3587.jpg,1,Anomaly
/kaggle/input/datasets/abdulmananraja/real-life-violence-situations/new_violence/violence/3463.jpg,1,Anomaly
/kaggle/input/datasets/abdulmananraja/real-life-violence-situations/new_violence/non_violence/794.jpg,0,Normal
/kaggle/input/datasets/abdulmananraja/real-life-violence-situations/new_violence/violence/1335.jpg,1,Anomaly
/kaggle/input/datasets/abdulmananraja/real-life-violence-situations/new_violence/non_violence/1496.jpg,0,Normal
/kaggle/input/datasets/abdulmananraja/real-life-violence-situations/new_violence/non_violence/4580.jpg,0,Normal
/kaggle/input/datasets/abdulmananraja/real-life-violence-situations/new_violence/violence/2429.jpg,1,Anomaly
/kaggle/input/datasets/abdulmananraja/real-life-violence-situations/new_violence/violence/1441.jpg,1,Anomaly
/kaggle/input/datasets/abdulmananraja/real-life-violence-situations/new_violence/non_violence/3174.jpg,0,Normal
/kaggle/input/datasets/abdulmananraja/real-life-violence-situations/new_violence/non_violence/1151.jpg,0,Normal
/kaggle/input/datasets/abdulmananraja/real-life-violence-situations/new_violence/violence/302.jpg,1,Anomaly
/kaggle/input/datasets/abdulmananraja/real-life-violence-situations/new_violence/non_violence/1235.jpg,0,Normal
/kaggle/input/datasets/abdulmananraja/real-life-violence-situations/new_violence/violence/1377.jpg,1,Anomaly
/kaggle/input/datasets/abdulmananraja/real-life-violence-situations/new_violence/violence/403.jpg,1,Anomaly
/kaggle/input/datasets/abdulmananraja/real-life-violence-situations/new_violence/violence/4398.jpg,1,Anomaly
/kaggle/input/datasets/abdulmananraja/real-life-violence-situations/new_violence/violence/4158.jpg,1,Anomaly
/kaggle/input/datasets/abdulmananraja/real-life-violence-situations/new_violence/violence/239.jpg,1,Anomaly
/kaggle/input/datasets/abdulmananraja/real-life-violence-situations/new_violence/non_violence/5061.jpg,0,Normal
/kaggle/input/datasets/abdulmananraja/real-life-violence-situations/new_violence/violence/5354.jpg,1,Anomaly
/kaggle/input/datasets/abdulmananraja/real-life-violence-situations/new_violence/violence/5003.jpg,1,Anomaly
/kaggle/input/datasets/abdulmananraja/real-life-violence-situations/new_violence/non_violence/2752.jpg,0,Normal
/kaggle/input/datasets/abdulmananraja/real-life-violence-situations/new_violence/non_violence/4754.jpg,0,Normal
/kaggle/input/datasets/abdulmananraja/real-life-violence-situations/new_violence/violence/2899.jpg,1,Anomaly
/kaggle/input/datasets/abdulmananraja/real-life-violence-situations/new_violence/violence/689.jpg,1,Anomaly
/kaggle/input/datasets/abdulmananraja/real-life-violence-situations/new_violence/violence/2907.jpg,1,Anomaly
/kaggle/input/datasets/abdulmananraja/real-life-violence-situations/new_violence/non_violence/5078.jpg,0,Normal
/kaggle/input/datasets/abdulmananraja/real-life-violence-situations/new_violence/violence/4632.jpg,1,Anomaly
/kaggle/input/datasets/abdulmananraja/real-life-violence-situations/new_violence/violence/799.jpg,1,Anomaly
/kaggle/input/datasets/abdulmananraja/real-life-violence-situations/new_violence/non_violence/2312.jpg,0,Normal
/kaggle/input/datasets/abdulmananraja/real-life-violence-situations/new_violence/violence/201.jpg,1,Anomaly
/kaggle/input/datasets/abdulmananraja/real-life-violence-situations/new_violence/non_violence/1407.jpg,0,Normal
/kaggle/input/datasets/abdulmananraja/real-life-violence-situations/new_violence/violence/2181.jpg,1,Anomaly
/kaggle/input/datasets/abdulmananraja/real-life-violence-situations/new_violence/violence/3593.jpg,1,Anomaly
/kaggle/input/datasets/abdulmananraja/real-life-violence-situations/new_violence/non_violence/4391.jpg,0,Normal
/kaggle/input/datasets/abdulmananraja/real-life-violence-situations/new_violence/violence/494.jpg,1,Anomaly
/kaggle/input/datasets/abdulmananraja/real-life-violence-situations/new_violence/violence/3285.jpg,1,Anomaly
/kaggle/input/datasets/abdulmananraja/real-life-violence-situations/new_violence/violence/3581.jpg,1,Anomaly
/kaggle/input/datasets/abdulmananraja/real-life-violence-situations/new_violence/violence/586.jpg,1,Anomaly
/kaggle/input/datasets/abdulmananraja/real-life-violence-situations/new_violence/violence/4894.jpg,1,Anomaly
/kaggle/input/datasets/abdulmananraja/real-life-violence-situations/new_violence/non_violence/2132.jpg,0,Normal
/kaggle/input/datasets/abdulmananraja/real-life-violence-situations/new_violence/non_violence/4661.jpg,0,Normal
/kaggle/input/datasets/abdulmananraja/real-life-violence-situations/new_violence/violence/1550.jpg,1,Anomaly
/kaggle/input/datasets/abdulmananraja/real-life-violence-situations/new_violence/non_violence/3027.jpg,0,Normal
/kaggle/input/datasets/abdulmananraja/real-life-violence-situations/new_violence/violence/753.jpg,1,Anomaly
/kaggle/input/datasets/abdulmananraja/real-life-violence-situations/new_violence/violence/129.jpg,1,Anomaly
/kaggle/input/datasets/abdulmananraja/real-life-violence-situations/new_violence/violence/4479.jpg,1,Anomaly
/kaggle/input/datasets/abdulmananraja/real-life-violence-situations/new_violence/violence/1700.jpg,1,Anomaly
/kaggle/input/datasets/abdulmananraja/real-life-violence-situations/new_violence/non_violence/1849.jpg,0,Normal
/kaggle/input/datasets/abdulmananraja/real-life-violence-situations/new_violence/violence/5039.jpg,1,Anomaly
/kaggle/input/datasets/abdulmananraja/real-life-violence-situations/new_violence/violence/275.jpg,1,Anomaly
/kaggle/input/datasets/abdulmananraja/real-life-violence-situations/new_violence/non_violence/1657.jpg,0,Normal
/kaggle/input/datasets/abdulmananraja/real-life-violence-situations/new_violence/non_violence/2791.jpg,0,Normal
/kaggle/input/datasets/abdulmananraja/real-life-violence-situations/new_violence/violence/3722.jpg,1,Anomaly
/kaggle/input/datasets/abdulmananraja/real-life-violence-situations/new_violence/non_violence/4677.jpg,0,Normal
/kaggle/input/datasets/abdulmananraja/real-life-violence-situations/new_violence/non_violence/2177.jpg,0,Normal
/kaggle/input/datasets/abdulmananraja/real-life-violence-situations/new_violence/violence/3918.jpg,1,Anomaly
/kaggle/input/datasets/abdulmananraja/real-life-violence-situations/new_violence/violence/2882.jpg,1,Anomaly
/kaggle/input/datasets/abdulmananraja/real-life-violence-situations/new_violence/non_violence/5147.jpg,0,Normal
/kaggle/input/datasets/abdulmananraja/real-life-violence-situations/new_violence/non_violence/3478.jpg,0,Normal
/kaggle/input/datasets/abdulmananraja/real-life-violence-situations/new_violence/non_violence/2600.jpg,0,Normal
/kaggle/input/datasets/abdulmananraja/real-life-violence-situations/new_violence/violence/1107.jpg,1,Anomaly
/kaggle/input/datasets/abdulmananraja/real-life-violence-situations/new_violence/non_violence/558.jpg,0,Normal
/kaggle/input/datasets/abdulmananraja/real-life-violence-situations/new_violence/violence/1211.jpg,1,Anomaly
/kaggle/input/datasets/abdulmananraja/real-life-violence-situations/new_violence/violence/5512.jpg,1,Anomaly
/kaggle/input/datasets/abdulmananraja/real-life-violence-situations/new_violence/violence/1608.jpg,1,Anomaly
/kaggle/input/datasets/abdulmananraja/real-life-violence-situations/new_violence/violence/4009.jpg,1,Anomaly
/kaggle/input/datasets/abdulmananraja/real-life-violence-situations/new_violence/non_violence/4765.jpg,0,Normal
/kaggle/input/datasets/abdulmananraja/real-life-violence-situations/new_violence/non_violence/3091.jpg,0,Normal
/kaggle/input/datasets/abdulmananraja/real-life-violence-situations/new_violence/violence/1319.jpg,1,Anomaly
/kaggle/input/datasets/abdulmananraja/real-life-violence-situations/new_violence/violence/5627.jpg,1,Anomaly
/kaggle/input/datasets/abdulmananraja/real-life-violence-situations/new_violence/violence/4478.jpg,1,Anomaly
/kaggle/input/datasets/abdulmananraja/real-life-violence-situations/new_violence/violence/2454.jpg,1,Anomaly
/kaggle/input/datasets/abdulmananraja/real-life-violence-situations/new_violence/non_violence/1399.jpg,0,Normal
/kaggle/input/datasets/abdulmananraja/real-life-violence-situations/new_violence/violence/349.jpg,1,Anomaly
/kaggle/input/datasets/abdulmananraja/real-life-violence-situations/new_violence/non_violence/3518.jpg,0,Normal
/kaggle/input/datasets/abdulmananraja/real-life-violence-situations/new_violence/violence/2394.jpg,1,Anomaly
/kaggle/input/datasets/abdulmananraja/real-life-violence-situations/new_violence/violence/3586.jpg,1,Anomaly
/kaggle/input/datasets/abdulmananraja/real-life-violence-situations/new_violence/violence/1326.jpg,1,Anomaly
/kaggle/input/datasets/abdulmananraja/real-life-violence-situations/new_violence/violence/4099.jpg,1,Anomaly
/kaggle/input/datasets/abdulmananraja/real-life-violence-situations/new_violence/non_violence/3179.jpg,0,Normal
/kaggle/input/datasets/abdulmananraja/real-life-violence-situations/new_violence/non_violence/2130.jpg,0,Normal
/kaggle/input/datasets/abdulmananraja/real-life-violence-situations/new_violence/violence/211.jpg,1,Anomaly
/kaggle/input/datasets/abdulmananraja/real-life-violence-situations/new_violence/violence/5319.jpg,1,Anomaly
/kaggle/input/datasets/abdulmananraja/real-life-violence-situations/new_violence/non_violence/1498.jpg,0,Normal
/kaggle/input/datasets/abdulmananraja/real-life-violence-situations/new_violence/non_violence/3862.jpg,0,Normal
/kaggle/input/datasets/abdulmananraja/real-life-violence-situations/new_violence/violence/1943.jpg,1,Anomaly
/kaggle/input/datasets/abdulmananraja/real-life-violence-situations/new_violence/non_violence/3062.jpg,0,Normal
/kaggle/input/datasets/abdulmananraja/real-life-violence-situations/new_violence/violence/4798.jpg,1,Anomaly
/kaggle/input/datasets/abdulmananraja/real-life-violence-situations/new_violence/non_violence/404.jpg,0,Normal
/kaggle/input/datasets/abdulmananraja/real-life-violence-situations/new_violence/violence/3757.jpg,1,Anomaly
/kaggle/input/datasets/abdulmananraja/real-life-violence-situations/new_violence/violence/1964.jpg,1,Anomaly
/kaggle/input/datasets/abdulmananraja/real-life-violence-situations/new_violence/non_violence/4250.jpg,0,Normal
/kaggle/input/datasets/abdulmananraja/real-life-violence-situations/new_violence/non_violence/640.jpg,0,Normal
/kaggle/input/datasets/abdulmananraja/real-life-violence-situations/new_violence/violence/5556.jpg,1,Anomaly
/kaggle/input/datasets/abdulmananraja/real-life-violence-situations/new_violence/non_violence/4292.jpg,0,Normal
/kaggle/input/datasets/abdulmananraja/real-life-violence-situations/new_violence/non_violence/4446.jpg,0,Normal
/kaggle/input/datasets/abdulmananraja/real-life-violence-situations/new_violence/violence/1385.jpg,1,Anomaly
/kaggle/input/datasets/abdulmananraja/real-life-violence-situations/new_violence/violence/3684.jpg,1,Anomaly
/kaggle/input/datasets/abdulmananraja/real-life-violence-situations/new_violence/violence/1719.jpg,1,Anomaly
/kaggle/input/datasets/abdulmananraja/real-life-violence-situations/new_violence/non_violence/249.jpg,0,Normal
/kaggle/input/datasets/abdulmananraja/real-life-violence-situations/new_violence/violence/4123.jpg,1,Anomaly
/kaggle/input/datasets/abdulmananraja/real-life-violence-situations/new_violence/violence/3690.jpg,1,Anomaly
/kaggle/input/datasets/abdulmananraja/real-life-violence-situations/new_violence/non_violence/671.jpg,0,Normal
/kaggle/input/datasets/abdulmananraja/real-life-violence-situations/new_violence/non_violence/2399.jpg,0,Normal
/kaggle/input/datasets/abdulmananraja/real-life-violence-situations/new_violence/non_violence/5087.jpg,0,Normal
/kaggle/input/datasets/abdulmananraja/real-life-violence-situations/new_violence/violence/2536.jpg,1,Anomaly
/kaggle/input/datasets/abdulmananraja/real-life-violence-situations/new_violence/violence/3710.jpg,1,Anomaly
/kaggle/input/datasets/abdulmananraja/real-life-violence-situations/new_violence/violence/469.jpg,1,Anomaly
/kaggle/input/datasets/abdulmananraja/real-life-violence-situations/new_violence/non_violence/1430.jpg,0,Normal
/kaggle/input/datasets/abdulmananraja/real-life-violence-situations/new_violence/violence/3059.jpg,1,Anomaly
/kaggle/input/datasets/abdulmananraja/real-life-violence-situations/new_violence/violence/522.jpg,1,Anomaly
/kaggle/input/datasets/abdulmananraja/real-life-violence-situations/new_violence/violence/1658.jpg,1,Anomaly
/kaggle/input/datasets/abdulmananraja/real-life-violence-situations/new_violence/violence/3655.jpg,1,Anomaly
/kaggle/input/datasets/abdulmananraja/real-life-violence-situations/new_violence/violence/3733.jpg,1,Anomaly
/kaggle/input/datasets/abdulmananraja/real-life-violence-situations/new_violence/violence/4188.jpg,1,Anomaly
/kaggle/input/datasets/abdulmananraja/real-life-violence-situations/new_violence/non_violence/4774.jpg,0,Normal
/kaggle/input/datasets/abdulmananraja/real-life-violence-situations/new_violence/violence/3039.jpg,1,Anomaly
/kaggle/input/datasets/abdulmananraja/real-life-violence-situations/new_violence/violence/773.jpg,1,Anomaly
/kaggle/input/datasets/abdulmananraja/real-life-violence-situations/new_violence/non_violence/727.jpg,0,Normal
/kaggle/input/datasets/abdulmananraja/real-life-violence-situations/new_violence/non_violence/2085.jpg,0,Normal
/kaggle/input/datasets/abdulmananraja/real-life-violence-situations/new_violence/non_violence/4978.jpg,0,Normal
/kaggle/input/datasets/abdulmananraja/real-life-violence-situations/new_violence/violence/5230.jpg,1,Anomaly
/kaggle/input/datasets/abdulmananraja/real-life-violence-situations/new_violence/violence/5085.jpg,1,Anomaly
/kaggle/input/datasets/abdulmananraja/real-life-violence-situations/new_violence/violence/4595.jpg,1,Anomaly
/kaggle/input/datasets/abdulmananraja/real-life-violence-situations/new_violence/violence/2430.jpg,1,Anomaly
/kaggle/input/datasets/abdulmananraja/real-life-violence-situations/new_violence/non_violence/3594.jpg,0,Normal
/kaggle/input/datasets/abdulmananraja/real-life-violence-situations/new_violence/violence/685.jpg,1,Anomaly
/kaggle/input/datasets/abdulmananraja/real-life-violence-situations/new_violence/non_violence/884.jpg,0,Normal
/kaggle/input/datasets/abdulmananraja/real-life-violence-situations/new_violence/non_violence/4214.jpg,0,Normal
/kaggle/input/datasets/abdulmananraja/real-life-violence-situations/new_violence/non_violence/1193.jpg,0,Normal
/kaggle/input/datasets/abdulmananraja/real-life-violence-situations/new_violence/non_violence/1130.jpg,0,Normal
/kaggle/input/datasets/abdulmananraja/real-life-violence-situations/new_violence/non_violence/3707.jpg,0,Normal
/kaggle/input/datasets/abdulmananraja/real-life-violence-situations/new_violence/non_violence/1243.jpg,0,Normal
/kaggle/input/datasets/abdulmananraja/real-life-violence-situations/new_violence/violence/1775.jpg,1,Anomaly
/kaggle/input/datasets/abdulmananraja/real-life-violence-situations/new_violence/non_violence/2629.jpg,0,Normal
/kaggle/input/datasets/abdulmananraja/real-life-violence-situations/new_violence/non_violence/4981.jpg,0,Normal
/kaggle/input/datasets/abdulmananraja/real-life-violence-situations/new_violence/violence/3530.jpg,1,Anomaly
/kaggle/input/datasets/abdulmananraja/real-life-violence-situations/new_violence/violence/1314.jpg,1,Anomaly
/kaggle/input/datasets/abdulmananraja/real-life-violence-situations/new_violence/non_violence/3202.jpg,0,Normal
/kaggle/input/datasets/abdulmananraja/real-life-violence-situations/new_violence/non_violence/508.jpg,0,Normal
/kaggle/input/datasets/abdulmananraja/real-life-violence-situations/new_violence/violence/1237.jpg,1,Anomaly
/kaggle/input/datasets/abdulmananraja/real-life-violence-situations/new_violence/violence/5241.jpg,1,Anomaly
/kaggle/input/datasets/abdulmananraja/real-life-violence-situations/new_violence/non_violence/544.jpg,0,Normal
/kaggle/input/datasets/abdulmananraja/real-life-violence-situations/new_violence/violence/1582.jpg,1,Anomaly
/kaggle/input/datasets/abdulmananraja/real-life-violence-situations/new_violence/violence/3865.jpg,1,Anomaly
/kaggle/input/datasets/abdulmananraja/real-life-violence-situations/new_violence/violence/4822.jpg,1,Anomaly
/kaggle/input/datasets/abdulmananraja/real-life-violence-situations/new_violence/non_violence/4551.jpg,0,Normal
/kaggle/input/datasets/abdulmananraja/real-life-violence-situations/new_violence/non_violence/1930.jpg,0,Normal
/kaggle/input/datasets/abdulmananraja/real-life-violence-situations/new_violence/non_violence/105.jpg,0,Normal
/kaggle/input/datasets/abdulmananraja/real-life-violence-situations/new_violence/violence/1313.jpg,1,Anomaly
/kaggle/input/datasets/abdulmananraja/real-life-violence-situations/new_violence/violence/3404.jpg,1,Anomaly
/kaggle/input/datasets/abdulmananraja/real-life-violence-situations/new_violence/violence/3496.jpg,1,Anomaly
/kaggle/input/datasets/abdulmananraja/real-life-violence-situations/new_violence/non_violence/1191.jpg,0,Normal
/kaggle/input/datasets/abdulmananraja/real-life-violence-situations/new_violence/violence/1182.jpg,1,Anomaly
/kaggle/input/datasets/abdulmananraja/real-life-violence-situations/new_violence/non_violence/4333.jpg,0,Normal
/kaggle/input/datasets/abdulmananraja/real-life-violence-situations/new_violence/non_violence/4525.jpg,0,Normal
/kaggle/input/datasets/abdulmananraja/real-life-violence-situations/new_violence/violence/4354.jpg,1,Anomaly
/kaggle/input/datasets/abdulmananraja/real-life-violence-situations/new_violence/non_violence/3024.jpg,0,Normal
/kaggle/input/datasets/abdulmananraja/real-life-violence-situations/new_violence/violence/5298.jpg,1,Anomaly
/kaggle/input/datasets/abdulmananraja/real-life-violence-situations/new_violence/violence/5804.jpg,1,Anomaly
/kaggle/input/datasets/abdulmananraja/real-life-violence-situations/new_violence/violence/4597.jpg,1,Anomaly
/kaggle/input/datasets/abdulmananraja/real-life-violence-situations/new_violence/non_violence/2487.jpg,0,Normal
/kaggle/input/datasets/abdulmananraja/real-life-violence-situations/new_violence/non_violence/1906.jpg,0,Normal
/kaggle/input/datasets/abdulmananraja/real-life-violence-situations/new_violence/violence/3908.jpg,1,Anomaly
/kaggle/input/datasets/abdulmananraja/real-life-violence-situations/new_violence/non_violence/969.jpg,0,Normal
/kaggle/input/datasets/abdulmananraja/real-life-violence-situations/new_violence/non_violence/2364.jpg,0,Normal
/kaggle/input/datasets/abdulmananraja/real-life-violence-situations/new_violence/violence/3614.jpg,1,Anomaly
/kaggle/input/datasets/abdulmananraja/real-life-violence-situations/new_violence/violence/1569.jpg,1,Anomaly
/kaggle/input/datasets/abdulmananraja/real-life-violence-situations/new_violence/violence/3227.jpg,1,Anomaly
/kaggle/input/datasets/abdulmananraja/real-life-violence-situations/new_violence/non_violence/959.jpg,0,Normal
/kaggle/input/datasets/abdulmananraja/real-life-violence-situations/new_violence/violence/4322.jpg,1,Anomaly
/kaggle/input/datasets/abdulmananraja/real-life-violence-situations/new_violence/violence/1922.jpg,1,Anomaly
/kaggle/input/datasets/abdulmananraja/real-life-violence-situations/new_violence/violence/5548.jpg,1,Anomaly
/kaggle/input/datasets/abdulmananraja/real-life-violence-situations/new_violence/non_violence/1210.jpg,0,Normal
/kaggle/input/datasets/abdulmananraja/real-life-violence-situations/new_violence/non_violence/1606.jpg,0,Normal
/kaggle/input/datasets/abdulmananraja/real-life-violence-situations/new_violence/non_violence/4012.jpg,0,Normal
/kaggle/input/datasets/abdulmananraja/real-life-violence-situations/new_violence/non_violence/956.jpg,0,Normal
/kaggle/input/datasets/abdulmananraja/real-life-violence-situations/new_violence/violence/752.jpg,1,Anomaly
/kaggle/input/datasets/abdulmananraja/real-life-violence-situations/new_violence/violence/2808.jpg,1,Anomaly
/kaggle/input/datasets/abdulmananraja/real-life-violence-situations/new_violence/violence/4486.jpg,1,Anomaly
/kaggle/input/datasets/abdulmananraja/real-life-violence-situations/new_violence/non_violence/2557.jpg,0,Normal
/kaggle/input/datasets/abdulmananraja/real-life-violence-situations/new_violence/violence/868.jpg,1,Anomaly
/kaggle/input/datasets/abdulmananraja/real-life-violence-situations/new_violence/non_violence/2334.jpg,0,Normal
/kaggle/input/datasets/abdulmananraja/real-life-violence-situations/new_violence/violence/1022.jpg,1,Anomaly
/kaggle/input/datasets/abdulmananraja/real-life-violence-situations/new_violence/non_violence/1068.jpg,0,Normal
/kaggle/input/datasets/abdulmananraja/real-life-violence-situations/new_violence/violence/3268.jpg,1,Anomaly
/kaggle/input/datasets/abdulmananraja/real-life-violence-situations/new_violence/non_violence/4185.jpg,0,Normal
/kaggle/input/datasets/abdulmananraja/real-life-violence-situations/new_violence/violence/1907.jpg,1,Anomaly
/kaggle/input/datasets/abdulmananraja/real-life-violence-situations/new_violence/violence/5040.jpg,1,Anomaly
/kaggle/input/datasets/abdulmananraja/real-life-violence-situations/new_violence/violence/566.jpg,1,Anomaly
/kaggle/input/datasets/abdulmananraja/real-life-violence-situations/new_violence/violence/659.jpg,1,Anomaly
/kaggle/input/datasets/abdulmananraja/real-life-violence-situations/new_violence/non_violence/1213.jpg,0,Normal
/kaggle/input/datasets/abdulmananraja/real-life-violence-situations/new_violence/non_violence/1083.jpg,0,Normal
/kaggle/input/datasets/abdulmananraja/real-life-violence-situations/new_violence/non_violence/2786.jpg,0,Normal
/kaggle/input/datasets/abdulmananraja/real-life-violence-situations/new_violence/non_violence/907.jpg,0,Normal
/kaggle/input/datasets/abdulmananraja/real-life-violence-situations/new_violence/non_violence/2579.jpg,0,Normal
/kaggle/input/datasets/abdulmananraja/real-life-violence-situations/new_violence/violence/463.jpg,1,Anomaly
/kaggle/input/datasets/abdulmananraja/real-life-violence-situations/new_violence/violence/2255.jpg,1,Anomaly
/kaggle/input/datasets/abdulmananraja/real-life-violence-situations/new_violence/violence/2422.jpg,1,Anomaly
/kaggle/input/datasets/abdulmananraja/real-life-violence-situations/new_violence/violence/2338.jpg,1,Anomaly
/kaggle/input/datasets/abdulmananraja/real-life-violence-situations/new_violence/non_violence/3846.jpg,0,Normal
/kaggle/input/datasets/abdulmananraja/real-life-violence-situations/new_violence/non_violence/5113.jpg,0,Normal
/kaggle/input/datasets/abdulmananraja/real-life-violence-situations/new_violence/non_violence/4908.jpg,0,Normal
/kaggle/input/datasets/abdulmananraja/real-life-violence-situations/new_violence/non_violence/1387.jpg,0,Normal
/kaggle/input/datasets/abdulmananraja/real-life-violence-situations/new_violence/non_violence/5151.jpg,0,Normal
/kaggle/input/datasets/abdulmananraja/real-life-violence-situations/new_violence/violence/4.jpg,1,Anomaly
/kaggle/input/datasets/abdulmananraja/real-life-violence-situations/new_violence/non_violence/4260.jpg,0,Normal
/kaggle/input/datasets/abdulmananraja/real-life-violence-situations/new_violence/violence/1661.jpg,1,Anomaly
/kaggle/input/datasets/abdulmananraja/real-life-violence-situations/new_violence/non_violence/3118.jpg,0,Normal
/kaggle/input/datasets/abdulmananraja/real-life-violence-situations/new_violence/violence/3264.jpg,1,Anomaly
/kaggle/input/datasets/abdulmananraja/real-life-violence-situations/new_violence/violence/5496.jpg,1,Anomaly
/kaggle/input/datasets/abdulmananraja/real-life-violence-situations/new_violence/non_violence/2968.jpg,0,Normal
/kaggle/input/datasets/abdulmananraja/real-life-violence-situations/new_violence/violence/2908.jpg,1,Anomaly
/kaggle/input/datasets/abdulmananraja/real-life-violence-situations/new_violence/violence/3397.jpg,1,Anomaly
/kaggle/input/datasets/abdulmananraja/real-life-violence-situations/new_violence/non_violence/3890.jpg,0,Normal
/kaggle/input/datasets/abdulmananraja/real-life-violence-situations/new_violence/violence/2831.jpg,1,Anomaly
/kaggle/input/datasets/abdulmananraja/real-life-violence-situations/new_violence/non_violence/3373.jpg,0,Normal
/kaggle/input/datasets/abdulmananraja/real-life-violence-situations/new_violence/non_violence/847.jpg,0,Normal
/kaggle/input/datasets/abdulmananraja/real-life-violence-situations/new_violence/non_violence/208.jpg,0,Normal
/kaggle/input/datasets/abdulmananraja/real-life-violence-situations/new_violence/violence/3493.jpg,1,Anomaly
/kaggle/input/datasets/abdulmananraja/real-life-violence-situations/new_violence/violence/4604.jpg,1,Anomaly
/kaggle/input/datasets/abdulmananraja/real-life-violence-situations/new_violence/non_violence/3475.jpg,0,Normal
/kaggle/input/datasets/abdulmananraja/real-life-violence-situations/new_violence/violence/5660.jpg,1,Anomaly
/kaggle/input/datasets/abdulmananraja/real-life-violence-situations/new_violence/violence/3517.jpg,1,Anomaly
/kaggle/input/datasets/abdulmananraja/real-life-violence-situations/new_violence/non_violence/5110.jpg,0,Normal
/kaggle/input/datasets/abdulmananraja/real-life-violence-situations/new_violence/non_violence/2920.jpg,0,Normal
/kaggle/input/datasets/abdulmananraja/real-life-violence-situations/new_violence/violence/4419.jpg,1,Anomaly
/kaggle/input/datasets/abdulmananraja/real-life-violence-situations/new_violence/non_violence/2389.jpg,0,Normal
/kaggle/input/datasets/abdulmananraja/real-life-violence-situations/new_violence/non_violence/3271.jpg,0,Normal
/kaggle/input/datasets/abdulmananraja/real-life-violence-situations/new_violence/violence/3071.jpg,1,Anomaly
/kaggle/input/datasets/abdulmananraja/real-life-violence-situations/new_violence/non_violence/1199.jpg,0,Normal
/kaggle/input/datasets/abdulmananraja/real-life-violence-situations/new_violence/non_violence/2530.jpg,0,Normal
/kaggle/input/datasets/abdulmananraja/real-life-violence-situations/new_violence/violence/2700.jpg,1,Anomaly
/kaggle/input/datasets/abdulmananraja/real-life-violence-situations/new_violence/violence/1208.jpg,1,Anomaly
/kaggle/input/datasets/abdulmananraja/real-life-violence-situations/new_violence/non_violence/265.jpg,0,Normal
/kaggle/input/datasets/abdulmananraja/real-life-violence-situations/new_violence/violence/2499.jpg,1,Anomaly
/kaggle/input/datasets/abdulmananraja/real-life-violence-situations/new_violence/violence/3159.jpg,1,Anomaly
/kaggle/input/datasets/abdulmananraja/real-life-violence-situations/new_violence/violence/1433.jpg,1,Anomaly
/kaggle/input/datasets/abdulmananraja/real-life-violence-situations/new_violence/violence/5565.jpg,1,Anomaly
/kaggle/input/datasets/abdulmananraja/real-life-violence-situations/new_violence/violence/5574.jpg,1,Anomaly
/kaggle/input/datasets/abdulmananraja/real-life-violence-situations/new_violence/non_violence/1537.jpg,0,Normal
/kaggle/input/datasets/abdulmananraja/real-life-violence-situations/new_violence/non_violence/759.jpg,0,Normal
/kaggle/input/datasets/abdulmananraja/real-life-violence-situations/new_violence/violence/4475.jpg,1,Anomaly
/kaggle/input/datasets/abdulmananraja/real-life-violence-situations/new_violence/non_violence/4805.jpg,0,Normal
/kaggle/input/datasets/abdulmananraja/real-life-violence-situations/new_violence/violence/796.jpg,1,Anomaly
/kaggle/input/datasets/abdulmananraja/real-life-violence-situations/new_violence/non_violence/4463.jpg,0,Normal
/kaggle/input/datasets/abdulmananraja/real-life-violence-situations/new_violence/violence/2504.jpg,1,Anomaly
/kaggle/input/datasets/abdulmananraja/real-life-violence-situations/new_violence/non_violence/3807.jpg,0,Normal
/kaggle/input/datasets/abdulmananraja/real-life-violence-situations/new_violence/violence/2841.jpg,1,Anomaly
/kaggle/input/datasets/abdulmananraja/real-life-violence-situations/new_violence/violence/4521.jpg,1,Anomaly
/kaggle/input/datasets/abdulmananraja/real-life-violence-situations/new_violence/violence/925.jpg,1,Anomaly
/kaggle/input/datasets/abdulmananraja/real-life-violence-situations/new_violence/violence/5337.jpg,1,Anomaly
/kaggle/input/datasets/abdulmananraja/real-life-violence-situations/new_violence/violence/396.jpg,1,Anomaly
/kaggle/input/datasets/abdulmananraja/real-life-violence-situations/new_violence/violence/1234.jpg,1,Anomaly
/kaggle/input/datasets/abdulmananraja/real-life-violence-situations/new_violence/non_violence/1303.jpg,0,Normal
/kaggle/input/datasets/abdulmananraja/real-life-violence-situations/new_violence/non_violence/2882.jpg,0,Normal
/kaggle/input/datasets/abdulmananraja/real-life-violence-situations/new_violence/violence/1077.jpg,1,Anomaly
/kaggle/input/datasets/abdulmananraja/real-life-violence-situations/new_violence/violence/3703.jpg,1,Anomaly
/kaggle/input/datasets/abdulmananraja/real-life-violence-situations/new_violence/non_violence/341.jpg,0,Normal
/kaggle/input/datasets/abdulmananraja/real-life-violence-situations/new_violence/violence/3241.jpg,1,Anomaly
/kaggle/input/datasets/abdulmananraja/real-life-violence-situations/new_violence/violence/3091.jpg,1,Anomaly
/kaggle/input/datasets/abdulmananraja/real-life-violence-situations/new_violence/non_violence/3790.jpg,0,Normal
/kaggle/input/datasets/abdulmananraja/real-life-violence-situations/new_violence/non_violence/1180.jpg,0,Normal
/kaggle/input/datasets/abdulmananraja/real-life-violence-situations/new_violence/violence/3873.jpg,1,Anomaly
/kaggle/input/datasets/abdulmananraja/real-life-violence-situations/new_violence/violence/5634.jpg,1,Anomaly
/kaggle/input/datasets/abdulmananraja/real-life-violence-situations/new_violence/violence/2596.jpg,1,Anomaly
/kaggle/input/datasets/abdulmananraja/real-life-violence-situations/new_violence/non_violence/192.jpg,0,Normal
/kaggle/input/datasets/abdulmananraja/real-life-violence-situations/new_violence/violence/3399.jpg,1,Anomaly
/kaggle/input/datasets/abdulmananraja/real-life-violence-situations/new_violence/violence/877.jpg,1,Anomaly
/kaggle/input/datasets/abdulmananraja/real-life-violence-situations/new_violence/non_violence/464.jpg,0,Normal
/kaggle/input/datasets/abdulmananraja/real-life-violence-situations/new_violence/non_violence/4323.jpg,0,Normal
/kaggle/input/datasets/abdulmananraja/real-life-violence-situations/new_violence/non_violence/267.jpg,0,Normal
/kaggle/input/datasets/abdulmananraja/real-life-violence-situations/new_violence/violence/2023.jpg,1,Anomaly
/kaggle/input/datasets/abdulmananraja/real-life-violence-situations/new_violence/non_violence/3156.jpg,0,Normal
/kaggle/input/datasets/abdulmananraja/real-life-violence-situations/new_violence/violence/4162.jpg,1,Anomaly
/kaggle/input/datasets/abdulmananraja/real-life-violence-situations/new_violence/violence/5207.jpg,1,Anomaly
/kaggle/input/datasets/abdulmananraja/real-life-violence-situations/new_violence/violence/2599.jpg,1,Anomaly
/kaggle/input/datasets/abdulmananraja/real-life-violence-situations/new_violence/violence/2.jpg,1,Anomaly
/kaggle/input/datasets/abdulmananraja/real-life-violence-situations/new_violence/non_violence/2327.jpg,0,Normal
/kaggle/input/datasets/abdulmananraja/real-life-violence-situations/new_violence/violence/4727.jpg,1,Anomaly
/kaggle/input/datasets/abdulmananraja/real-life-violence-situations/new_violence/violence/934.jpg,1,Anomaly
/kaggle/input/datasets/abdulmananraja/real-life-violence-situations/new_violence/non_violence/1527.jpg,0,Normal
/kaggle/input/datasets/abdulmananraja/real-life-violence-situations/new_violence/non_violence/1402.jpg,0,Normal
/kaggle/input/datasets/abdulmananraja/real-life-violence-situations/new_violence/violence/1776.jpg,1,Anomaly
/kaggle/input/datasets/abdulmananraja/real-life-violence-situations/new_violence/violence/3216.jpg,1,Anomaly
/kaggle/input/datasets/abdulmananraja/real-life-violence-situations/new_violence/non_violence/1547.jpg,0,Normal
/kaggle/input/datasets/abdulmananraja/real-life-violence-situations/new_violence/violence/4385.jpg,1,Anomaly
/kaggle/input/datasets/abdulmananraja/real-life-violence-situations/new_violence/violence/3874.jpg,1,Anomaly
/kaggle/input/datasets/abdulmananraja/real-life-violence-situations/new_violence/non_violence/1865.jpg,0,Normal
/kaggle/input/datasets/abdulmananraja/real-life-violence-situations/new_violence/non_violence/2106.jpg,0,Normal
/kaggle/input/datasets/abdulmananraja/real-life-violence-situations/new_violence/violence/2232.jpg,1,Anomaly
/kaggle/input/datasets/abdulmananraja/real-life-violence-situations/new_violence/non_violence/846.jpg,0,Normal
/kaggle/input/datasets/abdulmananraja/real-life-violence-situations/new_violence/non_violence/2935.jpg,0,Normal
/kaggle/input/datasets/abdulmananraja/real-life-violence-situations/new_violence/non_violence/1638.jpg,0,Normal
/kaggle/input/datasets/abdulmananraja/real-life-violence-situations/new_violence/violence/4380.jpg,1,Anomaly
/kaggle/input/datasets/abdulmananraja/real-life-violence-situations/new_violence/violence/2191.jpg,1,Anomaly
/kaggle/input/datasets/abdulmananraja/real-life-violence-situations/new_violence/non_violence/3251.jpg,0,Normal
/kaggle/input/datasets/abdulmananraja/real-life-violence-situations/new_violence/non_violence/2217.jpg,0,Normal
/kaggle/input/datasets/abdulmananraja/real-life-violence-situations/new_violence/non_violence/1241.jpg,0,Normal
/kaggle/input/datasets/abdulmananraja/real-life-violence-situations/new_violence/violence/4821.jpg,1,Anomaly
/kaggle/input/datasets/abdulmananraja/real-life-violence-situations/new_violence/non_violence/3633.jpg,0,Normal
/kaggle/input/datasets/abdulmananraja/real-life-violence-situations/new_violence/non_violence/518.jpg,0,Normal
/kaggle/input/datasets/abdulmananraja/real-life-violence-situations/new_violence/violence/3842.jpg,1,Anomaly
/kaggle/input/datasets/abdulmananraja/real-life-violence-situations/new_violence/violence/2229.jpg,1,Anomaly
/kaggle/input/datasets/abdulmananraja/real-life-violence-situations/new_violence/violence/4063.jpg,1,Anomaly
/kaggle/input/datasets/abdulmananraja/real-life-violence-situations/new_violence/non_violence/5223.jpg,0,Normal
/kaggle/input/datasets/abdulmananraja/real-life-violence-situations/new_violence/violence/1571.jpg,1,Anomaly
/kaggle/input/datasets/abdulmananraja/real-life-violence-situations/new_violence/non_violence/4363.jpg,0,Normal
/kaggle/input/datasets/abdulmananraja/real-life-violence-situations/new_violence/violence/672.jpg,1,Anomaly
/kaggle/input/datasets/abdulmananraja/real-life-violence-situations/new_violence/non_violence/797.jpg,0,Normal
/kaggle/input/datasets/abdulmananraja/real-life-violence-situations/new_violence/non_violence/1026.jpg,0,Normal
/kaggle/input/datasets/abdulmananraja/real-life-violence-situations/new_violence/violence/4174.jpg,1,Anomaly
/kaggle/input/datasets/abdulmananraja/real-life-violence-situations/new_violence/non_violence/1264.jpg,0,Normal
/kaggle/input/datasets/abdulmananraja/real-life-violence-situations/new_violence/violence/2482.jpg,1,Anomaly
/kaggle/input/datasets/abdulmananraja/real-life-violence-situations/new_violence/non_violence/3584.jpg,0,Normal
/kaggle/input/datasets/abdulmananraja/real-life-violence-situations/new_violence/violence/4552.jpg,1,Anomaly
/kaggle/input/datasets/abdulmananraja/real-life-violence-situations/new_violence/violence/4117.jpg,1,Anomaly
/kaggle/input/datasets/abdulmananraja/real-life-violence-situations/new_violence/violence/2235.jpg,1,Anomaly
/kaggle/input/datasets/abdulmananraja/real-life-violence-situations/new_violence/non_violence/156.jpg,0,Normal
/kaggle/input/datasets/abdulmananraja/real-life-violence-situations/new_violence/violence/4110.jpg,1,Anomaly
/kaggle/input/datasets/abdulmananraja/real-life-violence-situations/new_violence/non_violence/731.jpg,0,Normal
/kaggle/input/datasets/abdulmananraja/real-life-violence-situations/new_violence/violence/3418.jpg,1,Anomaly
/kaggle/input/datasets/abdulmananraja/real-life-violence-situations/new_violence/non_violence/1374.jpg,0,Normal
/kaggle/input/datasets/abdulmananraja/real-life-violence-situations/new_violence/violence/364.jpg,1,Anomaly
/kaggle/input/datasets/abdulmananraja/real-life-violence-situations/new_violence/non_violence/2433.jpg,0,Normal
/kaggle/input/datasets/abdulmananraja/real-life-violence-situations/new_violence/violence/1200.jpg,1,Anomaly
/kaggle/input/datasets/abdulmananraja/real-life-violence-situations/new_violence/violence/3784.jpg,1,Anomaly
/kaggle/input/datasets/abdulmananraja/real-life-violence-situations/new_violence/non_violence/1662.jpg,0,Normal
/kaggle/input/datasets/abdulmananraja/real-life-violence-situations/new_violence/non_violence/4850.jpg,0,Normal
/kaggle/input/datasets/abdulmananraja/real-life-violence-situations/new_violence/violence/3594.jpg,1,Anomaly
/kaggle/input/datasets/abdulmananraja/real-life-violence-situations/new_violence/violence/4965.jpg,1,Anomaly
/kaggle/input/datasets/abdulmananraja/real-life-violence-situations/new_violence/violence/5607.jpg,1,Anomaly
/kaggle/input/datasets/abdulmananraja/real-life-violence-situations/new_violence/non_violence/4568.jpg,0,Normal
/kaggle/input/datasets/abdulmananraja/real-life-violence-situations/new_violence/violence/137.jpg,1,Anomaly
/kaggle/input/datasets/abdulmananraja/real-life-violence-situations/new_violence/violence/5603.jpg,1,Anomaly
/kaggle/input/datasets/abdulmananraja/real-life-violence-situations/new_violence/non_violence/5219.jpg,0,Normal
/kaggle/input/datasets/abdulmananraja/real-life-violence-situations/new_violence/violence/3568.jpg,1,Anomaly
/kaggle/input/datasets/abdulmananraja/real-life-violence-situations/new_violence/non_violence/2437.jpg,0,Normal
/kaggle/input/datasets/abdulmananraja/real-life-violence-situations/new_violence/violence/1427.jpg,1,Anomaly
/kaggle/input/datasets/abdulmananraja/real-life-violence-situations/new_violence/violence/858.jpg,1,Anomaly
/kaggle/input/datasets/abdulmananraja/real-life-violence-situations/new_violence/violence/1226.jpg,1,Anomaly
/kaggle/input/datasets/abdulmananraja/real-life-violence-situations/new_violence/violence/3294.jpg,1,Anomaly
/kaggle/input/datasets/abdulmananraja/real-life-violence-situations/new_violence/violence/1726.jpg,1,Anomaly
/kaggle/input/datasets/abdulmananraja/real-life-violence-situations/new_violence/non_violence/1949.jpg,0,Normal
/kaggle/input/datasets/abdulmananraja/real-life-violence-situations/new_violence/non_violence/2661.jpg,0,Normal
/kaggle/input/datasets/abdulmananraja/real-life-violence-situations/new_violence/violence/4686.jpg,1,Anomaly
/kaggle/input/datasets/abdulmananraja/real-life-violence-situations/new_violence/violence/1974.jpg,1,Anomaly
/kaggle/input/datasets/abdulmananraja/real-life-violence-situations/new_violence/violence/3435.jpg,1,Anomaly
/kaggle/input/datasets/abdulmananraja/real-life-violence-situations/new_violence/violence/3353.jpg,1,Anomaly
/kaggle/input/datasets/abdulmananraja/real-life-violence-situations/new_violence/non_violence/74.jpg,0,Normal
/kaggle/input/datasets/abdulmananraja/real-life-violence-situations/new_violence/non_violence/3451.jpg,0,Normal
/kaggle/input/datasets/abdulmananraja/real-life-violence-situations/new_violence/violence/3681.jpg,1,Anomaly
/kaggle/input/datasets/abdulmananraja/real-life-violence-situations/new_violence/violence/3047.jpg,1,Anomaly
/kaggle/input/datasets/abdulmananraja/real-life-violence-situations/new_violence/non_violence/202.jpg,0,Normal
/kaggle/input/datasets/abdulmananraja/real-life-violence-situations/new_violence/non_violence/347.jpg,0,Normal
/kaggle/input/datasets/abdulmananraja/real-life-violence-situations/new_violence/violence/5329.jpg,1,Anomaly
/kaggle/input/datasets/abdulmananraja/real-life-violence-situations/new_violence/non_violence/4553.jpg,0,Normal
/kaggle/input/datasets/abdulmananraja/real-life-violence-situations/new_violence/non_violence/3212.jpg,0,Normal
/kaggle/input/datasets/abdulmananraja/real-life-violence-situations/new_violence/non_violence/3543.jpg,0,Normal
/kaggle/input/datasets/abdulmananraja/real-life-violence-situations/new_violence/violence/2330.jpg,1,Anomaly
/kaggle/input/datasets/abdulmananraja/real-life-violence-situations/new_violence/violence/5643.jpg,1,Anomaly
/kaggle/input/datasets/abdulmananraja/real-life-violence-situations/new_violence/violence/2606.jpg,1,Anomaly
/kaggle/input/datasets/abdulmananraja/real-life-violence-situations/new_violence/violence/3613.jpg,1,Anomaly
/kaggle/input/datasets/abdulmananraja/real-life-violence-situations/new_violence/violence/4615.jpg,1,Anomaly
/kaggle/input/datasets/abdulmananraja/real-life-violence-situations/new_violence/non_violence/1122.jpg,0,Normal
/kaggle/input/datasets/abdulmananraja/real-life-violence-situations/new_violence/violence/4369.jpg,1,Anomaly
/kaggle/input/datasets/abdulmananraja/real-life-violence-situations/new_violence/violence/1509.jpg,1,Anomaly
/kaggle/input/datasets/abdulmananraja/real-life-violence-situations/new_violence/violence/1518.jpg,1,Anomaly
/kaggle/input/datasets/abdulmananraja/real-life-violence-situations/new_violence/violence/4371.jpg,1,Anomaly
/kaggle/input/datasets/abdulmananraja/real-life-violence-situations/new_violence/non_violence/1019.jpg,0,Normal
/kaggle/input/datasets/abdulmananraja/real-life-violence-situations/new_violence/non_violence/2722.jpg,0,Normal
/kaggle/input/datasets/abdulmananraja/real-life-violence-situations/new_violence/violence/2077.jpg,1,Anomaly
/kaggle/input/datasets/abdulmananraja/real-life-violence-situations/new_violence/violence/5328.jpg,1,Anomaly
/kaggle/input/datasets/abdulmananraja/real-life-violence-situations/new_violence/non_violence/1643.jpg,0,Normal
/kaggle/input/datasets/abdulmananraja/real-life-violence-situations/new_violence/non_violence/4680.jpg,0,Normal
/kaggle/input/datasets/abdulmananraja/real-life-violence-situations/new_violence/violence/1520.jpg,1,Anomaly
/kaggle/input/datasets/abdulmananraja/real-life-violence-situations/new_violence/non_violence/3252.jpg,0,Normal
/kaggle/input/datasets/abdulmananraja/real-life-violence-situations/new_violence/violence/4324.jpg,1,Anomaly
/kaggle/input/datasets/abdulmananraja/real-life-violence-situations/new_violence/non_violence/2182.jpg,0,Normal
/kaggle/input/datasets/abdulmananraja/real-life-violence-situations/new_violence/non_violence/3113.jpg,0,Normal
/kaggle/input/datasets/abdulmananraja/real-life-violence-situations/new_violence/non_violence/250.jpg,0,Normal
/kaggle/input/datasets/abdulmananraja/real-life-violence-situations/new_violence/violence/4782.jpg,1,Anomaly
/kaggle/input/datasets/abdulmananraja/real-life-violence-situations/new_violence/non_violence/654.jpg,0,Normal
/kaggle/input/datasets/abdulmananraja/real-life-violence-situations/new_violence/violence/654.jpg,1,Anomaly
/kaggle/input/datasets/abdulmananraja/real-life-violence-situations/new_violence/non_violence/1006.jpg,0,Normal
/kaggle/input/datasets/abdulmananraja/real-life-violence-situations/new_violence/non_violence/3739.jpg,0,Normal
/kaggle/input/datasets/abdulmananraja/real-life-violence-situations/new_violence/violence/1963.jpg,1,Anomaly
/kaggle/input/datasets/abdulmananraja/real-life-violence-situations/new_violence/violence/1626.jpg,1,Anomaly
/kaggle/input/datasets/abdulmananraja/real-life-violence-situations/new_violence/non_violence/4721.jpg,0,Normal
/kaggle/input/datasets/abdulmananraja/real-life-violence-situations/new_violence/violence/1469.jpg,1,Anomaly
/kaggle/input/datasets/abdulmananraja/real-life-violence-situations/new_violence/violence/2885.jpg,1,Anomaly
/kaggle/input/datasets/abdulmananraja/real-life-violence-situations/new_violence/non_violence/462.jpg,0,Normal
/kaggle/input/datasets/abdulmananraja/real-life-violence-situations/new_violence/violence/4305.jpg,1,Anomaly
/kaggle/input/datasets/abdulmananraja/real-life-violence-situations/new_violence/non_violence/1795.jpg,0,Normal
/kaggle/input/datasets/abdulmananraja/real-life-violence-situations/new_violence/violence/1578.jpg,1,Anomaly
/kaggle/input/datasets/abdulmananraja/real-life-violence-situations/new_violence/violence/3051.jpg,1,Anomaly
/kaggle/input/datasets/abdulmananraja/real-life-violence-situations/new_violence/violence/3674.jpg,1,Anomaly
/kaggle/input/datasets/abdulmananraja/real-life-violence-situations/new_violence/non_violence/556.jpg,0,Normal
/kaggle/input/datasets/abdulmananraja/real-life-violence-situations/new_violence/violence/3875.jpg,1,Anomaly
/kaggle/input/datasets/abdulmananraja/real-life-violence-situations/new_violence/non_violence/1477.jpg,0,Normal
/kaggle/input/datasets/abdulmananraja/real-life-violence-situations/new_violence/violence/5762.jpg,1,Anomaly
/kaggle/input/datasets/abdulmananraja/real-life-violence-situations/new_violence/violence/5313.jpg,1,Anomaly
/kaggle/input/datasets/abdulmananraja/real-life-violence-situations/new_violence/violence/4058.jpg,1,Anomaly
/kaggle/input/datasets/abdulmananraja/real-life-violence-situations/new_violence/non_violence/1974.jpg,0,Normal
/kaggle/input/datasets/abdulmananraja/real-life-violence-situations/new_violence/non_violence/1476.jpg,0,Normal
/kaggle/input/datasets/abdulmananraja/real-life-violence-situations/new_violence/violence/4315.jpg,1,Anomaly
/kaggle/input/datasets/abdulmananraja/real-life-violence-situations/new_violence/non_violence/1420.jpg,0,Normal
/kaggle/input/datasets/abdulmananraja/real-life-violence-situations/new_violence/violence/1886.jpg,1,Anomaly
/kaggle/input/datasets/abdulmananraja/real-life-violence-situations/new_violence/non_violence/2778.jpg,0,Normal
/kaggle/input/datasets/abdulmananraja/real-life-violence-situations/new_violence/violence/2358.jpg,1,Anomaly
/kaggle/input/datasets/abdulmananraja/real-life-violence-situations/new_violence/non_violence/5164.jpg,0,Normal
/kaggle/input/datasets/abdulmananraja/real-life-violence-situations/new_violence/non_violence/3710.jpg,0,Normal
/kaggle/input/datasets/abdulmananraja/real-life-violence-situations/new_violence/non_violence/3153.jpg,0,Normal
/kaggle/input/datasets/abdulmananraja/real-life-violence-situations/new_violence/violence/2141.jpg,1,Anomaly
/kaggle/input/datasets/abdulmananraja/real-life-violence-situations/new_violence/violence/1449.jpg,1,Anomaly
/kaggle/input/datasets/abdulmananraja/real-life-violence-situations/new_violence/violence/4763.jpg,1,Anomaly
/kaggle/input/datasets/abdulmananraja/real-life-violence-situations/new_violence/non_violence/5153.jpg,0,Normal
/kaggle/input/datasets/abdulmananraja/real-life-violence-situations/new_violence/non_violence/2586.jpg,0,Normal
/kaggle/input/datasets/abdulmananraja/real-life-violence-situations/new_violence/non_violence/3169.jpg,0,Normal
/kaggle/input/datasets/abdulmananraja/real-life-violence-situations/new_violence/non_violence/3488.jpg,0,Normal
/kaggle/input/datasets/abdulmananraja/real-life-violence-situations/new_violence/non_violence/2510.jpg,0,Normal
/kaggle/input/datasets/abdulmananraja/real-life-violence-situations/new_violence/violence/5825.jpg,1,Anomaly
/kaggle/input/datasets/abdulmananraja/real-life-violence-situations/new_violence/violence/2449.jpg,1,Anomaly
/kaggle/input/datasets/abdulmananraja/real-life-violence-situations/new_violence/violence/4589.jpg,1,Anomaly
/kaggle/input/datasets/abdulmananraja/real-life-violence-situations/new_violence/violence/1489.jpg,1,Anomaly
/kaggle/input/datasets/abdulmananraja/real-life-violence-situations/new_violence/non_violence/2002.jpg,0,Normal
/kaggle/input/datasets/abdulmananraja/real-life-violence-situations/new_violence/non_violence/2489.jpg,0,Normal
/kaggle/input/datasets/abdulmananraja/real-life-violence-situations/new_violence/violence/2768.jpg,1,Anomaly
/kaggle/input/datasets/abdulmananraja/real-life-violence-situations/new_violence/non_violence/4625.jpg,0,Normal
/kaggle/input/datasets/abdulmananraja/real-life-violence-situations/new_violence/violence/579.jpg,1,Anomaly
/kaggle/input/datasets/abdulmananraja/real-life-violence-situations/new_violence/non_violence/5005.jpg,0,Normal
/kaggle/input/datasets/abdulmananraja/real-life-violence-situations/new_violence/violence/4403.jpg,1,Anomaly
/kaggle/input/datasets/abdulmananraja/real-life-violence-situations/new_violence/violence/304.jpg,1,Anomaly
/kaggle/input/datasets/abdulmananraja/real-life-violence-situations/new_violence/violence/729.jpg,1,Anomaly
/kaggle/input/datasets/abdulmananraja/real-life-violence-situations/new_violence/non_violence/1856.jpg,0,Normal
/kaggle/input/datasets/abdulmananraja/real-life-violence-situations/new_violence/violence/1559.jpg,1,Anomaly
/kaggle/input/datasets/abdulmananraja/real-life-violence-situations/new_violence/violence/2988.jpg,1,Anomaly
/kaggle/input/datasets/abdulmananraja/real-life-violence-situations/new_violence/non_violence/1325.jpg,0,Normal
/kaggle/input/datasets/abdulmananraja/real-life-violence-situations/new_violence/non_violence/319.jpg,0,Normal
/kaggle/input/datasets/abdulmananraja/real-life-violence-situations/new_violence/violence/26.jpg,1,Anomaly
/kaggle/input/datasets/abdulmananraja/real-life-violence-situations/new_violence/non_violence/566.jpg,0,Normal
/kaggle/input/datasets/abdulmananraja/real-life-violence-situations/new_violence/violence/1133.jpg,1,Anomaly
/kaggle/input/datasets/abdulmananraja/real-life-violence-situations/new_violence/non_violence/3513.jpg,0,Normal
/kaggle/input/datasets/abdulmananraja/real-life-violence-situations/new_violence/violence/1902.jpg,1,Anomaly
/kaggle/input/datasets/abdulmananraja/real-life-violence-situations/new_violence/non_violence/4445.jpg,0,Normal
/kaggle/input/datasets/abdulmananraja/real-life-violence-situations/new_violence/non_violence/2568.jpg,0,Normal
/kaggle/input/datasets/abdulmananraja/real-life-violence-situations/new_violence/violence/2923.jpg,1,Anomaly
/kaggle/input/datasets/abdulmananraja/real-life-violence-situations/new_violence/violence/4519.jpg,1,Anomaly
/kaggle/input/datasets/abdulmananraja/real-life-violence-situations/new_violence/non_violence/370.jpg,0,Normal
/kaggle/input/datasets/abdulmananraja/real-life-violence-situations/new_violence/non_violence/4619.jpg,0,Normal
/kaggle/input/datasets/abdulmananraja/real-life-violence-situations/new_violence/non_violence/3906.jpg,0,Normal
/kaggle/input/datasets/abdulmananraja/real-life-violence-situations/new_violence/non_violence/2071.jpg,0,Normal
/kaggle/input/datasets/abdulmananraja/real-life-violence-situations/new_violence/non_violence/287.jpg,0,Normal
/kaggle/input/datasets/abdulmananraja/real-life-violence-situations/new_violence/non_violence/115.jpg,0,Normal
/kaggle/input/datasets/abdulmananraja/real-life-violence-situations/new_violence/violence/3880.jpg,1,Anomaly
/kaggle/input/datasets/abdulmananraja/real-life-violence-situations/new_violence/non_violence/3664.jpg,0,Normal
/kaggle/input/datasets/abdulmananraja/real-life-violence-situations/new_violence/violence/3803.jpg,1,Anomaly
/kaggle/input/datasets/abdulmananraja/real-life-violence-situations/new_violence/violence/2269.jpg,1,Anomaly
/kaggle/input/datasets/abdulmananraja/real-life-violence-situations/new_violence/violence/3583.jpg,1,Anomaly
/kaggle/input/datasets/abdulmananraja/real-life-violence-situations/new_violence/non_violence/4189.jpg,0,Normal
/kaggle/input/datasets/abdulmananraja/real-life-violence-situations/new_violence/non_violence/1991.jpg,0,Normal
/kaggle/input/datasets/abdulmananraja/real-life-violence-situations/new_violence/non_violence/4654.jpg,0,Normal
/kaggle/input/datasets/abdulmananraja/real-life-violence-situations/new_violence/violence/295.jpg,1,Anomaly
/kaggle/input/datasets/abdulmananraja/real-life-violence-situations/new_violence/violence/3087.jpg,1,Anomaly
/kaggle/input/datasets/abdulmananraja/real-life-violence-situations/new_violence/violence/3501.jpg,1,Anomaly
/kaggle/input/datasets/abdulmananraja/real-life-violence-situations/new_violence/non_violence/84.jpg,0,Normal
/kaggle/input/datasets/abdulmananraja/real-life-violence-situations/new_violence/non_violence/4229.jpg,0,Normal
/kaggle/input/datasets/abdulmananraja/real-life-violence-situations/new_violence/non_violence/5190.jpg,0,Normal
/kaggle/input/datasets/abdulmananraja/real-life-violence-situations/new_violence/violence/5250.jpg,1,Anomaly
/kaggle/input/datasets/abdulmananraja/real-life-violence-situations/new_violence/non_violence/3134.jpg,0,Normal
/kaggle/input/datasets/abdulmananraja/real-life-violence-situations/new_violence/violence/4914.jpg,1,Anomaly
/kaggle/input/datasets/abdulmananraja/real-life-violence-situations/new_violence/non_violence/2631.jpg,0,Normal
/kaggle/input/datasets/abdulmananraja/real-life-violence-situations/new_violence/non_violence/299.jpg,0,Normal
/kaggle/input/datasets/abdulmananraja/real-life-violence-situations/new_violence/violence/570.jpg,1,Anomaly
/kaggle/input/datasets/abdulmananraja/real-life-violence-situations/new_violence/violence/2150.jpg,1,Anomaly
/kaggle/input/datasets/abdulmananraja/real-life-violence-situations/new_violence/violence/2366.jpg,1,Anomaly
/kaggle/input/datasets/abdulmananraja/real-life-violence-situations/new_violence/violence/3402.jpg,1,Anomaly
/kaggle/input/datasets/abdulmananraja/real-life-violence-situations/new_violence/violence/1451.jpg,1,Anomaly
/kaggle/input/datasets/abdulmananraja/real-life-violence-situations/new_violence/non_violence/3425.jpg,0,Normal
/kaggle/input/datasets/abdulmananraja/real-life-violence-situations/new_violence/non_violence/3998.jpg,0,Normal
/kaggle/input/datasets/abdulmananraja/real-life-violence-situations/new_violence/non_violence/4578.jpg,0,Normal
/kaggle/input/datasets/abdulmananraja/real-life-violence-situations/new_violence/non_violence/1522.jpg,0,Normal
/kaggle/input/datasets/abdulmananraja/real-life-violence-situations/new_violence/non_violence/1740.jpg,0,Normal
/kaggle/input/datasets/abdulmananraja/real-life-violence-situations/new_violence/non_violence/2298.jpg,0,Normal
/kaggle/input/datasets/abdulmananraja/real-life-violence-situations/new_violence/violence/3597.jpg,1,Anomaly
/kaggle/input/datasets/abdulmananraja/real-life-violence-situations/new_violence/violence/5232.jpg,1,Anomaly
/kaggle/input/datasets/abdulmananraja/real-life-violence-situations/new_violence/violence/1205.jpg,1,Anomaly
/kaggle/input/datasets/abdulmananraja/real-life-violence-situations/new_violence/violence/3689.jpg,1,Anomaly
/kaggle/input/datasets/abdulmananraja/real-life-violence-situations/new_violence/non_violence/476.jpg,0,Normal
/kaggle/input/datasets/abdulmananraja/real-life-violence-situations/new_violence/violence/3130.jpg,1,Anomaly
/kaggle/input/datasets/abdulmananraja/real-life-violence-situations/new_violence/violence/1275.jpg,1,Anomaly
/kaggle/input/datasets/abdulmananraja/real-life-violence-situations/new_violence/non_violence/4500.jpg,0,Normal
